{
"type": "FeatureCollection",
"name": "batas_21_kabkota_kepulauan_maluku",
"crs": { "type": "name", "properties": { "name": "urn:ogc:def:crs:OGC:1.3:CRS84" } },
"features": [
{ "type": "Feature", "properties": { "kab_kota": "Buru", "provinsi": "Maluku", "regency_code": "id8104" }, "geometry": { "type": "Polygon", "coordinates": [ [ [ 126.901947, -3.518771899999933 ], [ 126.509758, -3.435512299999971 ], [ 126.462242100000026, -3.411757 ], [ 126.380985200000055, -3.384562199999948 ], [ 126.325561500000049, -3.361175499999945 ], [ 126.228591300000062, -3.336748899999975 ], [ 126.133127200000104, -3.302011499999935 ], [ 126.124201300000095, -3.295265 ], [ 126.132612600000016, -3.26469579999997 ], [ 126.130037100000095, -3.226145299999928 ], [ 126.112590300000079, -3.157233099999928 ], [ 126.121539600000119, -3.156358699999942 ], [ 126.125620100000106, -3.152159599999948 ], [ 126.128049100000112, -3.152790799999934 ], [ 126.132988700000055, -3.160236 ], [ 126.144228100000078, -3.167108499999927 ], [ 126.189257200000043, -3.185291899999925 ], [ 126.222331, -3.183502199999964 ], [ 126.228058100000112, -3.178061499999956 ], [ 126.2224026, -3.167466399999967 ], [ 126.221042400000101, -3.158661099999961 ], [ 126.227485300000012, -3.137757299999976 ], [ 126.234071500000027, -3.132531299999926 ], [ 126.260702400000014, -3.132388099999957 ], [ 126.272800800000027, -3.115063699999951 ], [ 126.284469700000045, -3.107833299999925 ], [ 126.292503500000066, -3.097997899999939 ], [ 126.299630500000035, -3.093416199999979 ], [ 126.325593200000071, -3.10014549999994 ], [ 126.345924300000092, -3.100909099999967 ], [ 126.364060100000074, -3.094036599999924 ], [ 126.379045900000051, -3.095182099999931 ], [ 126.389068300000076, -3.093273 ], [ 126.392695400000093, -3.088118699999939 ], [ 126.4059631, -3.080578 ], [ 126.416367300000047, -3.081628 ], [ 126.42343070000004, -3.079241699999955 ], [ 126.437080200000082, -3.083823399999972 ], [ 126.454356900000107, -3.082773399999951 ], [ 126.463806500000032, -3.084587 ], [ 126.473638, -3.083059799999944 ], [ 126.482896800000049, -3.078478099999927 ], [ 126.502082500000029, -3.077237199999956 ], [ 126.516113800000085, -3.071128399999964 ], [ 126.568325600000094, -3.071987399999955 ], [ 126.589229400000022, -3.068073899999945 ], [ 126.598010900000077, -3.063874099999964 ], [ 126.610412500000052, -3.067895399999941 ], [ 126.652470000000108, -3.071557499999926 ], [ 126.678342900000075, -3.069118099999969 ], [ 126.6807023, -3.06160019999993 ], [ 126.682746, -3.061386599999935 ], [ 126.695072200000027, -3.067329599999937 ], [ 126.697444500000074, -3.06657139999993 ], [ 126.700037, -3.060237099999938 ], [ 126.708241200000089, -3.056305399999928 ], [ 126.752609300000017, -3.060673899999927 ], [ 126.769336700000053, -3.06090869999997 ], [ 126.775677900000119, -3.057097799999951 ], [ 126.790665900000022, -3.058872099999974 ], [ 126.819697800000085, -3.071174299999939 ], [ 126.837997100000052, -3.085278199999948 ], [ 126.857812400000057, -3.090194899999972 ], [ 126.86739040000009, -3.095701299999973 ], [ 126.881780700000036, -3.107642399999975 ], [ 126.885717500000055, -3.123277099999939 ], [ 126.891128400000071, -3.127424899999937 ], [ 126.900095100000044, -3.127059699999961 ], [ 126.909189800000036, -3.122706299999948 ], [ 126.923801800000092, -3.139707099999953 ], [ 126.932708400000024, -3.143157199999962 ], [ 126.957625700000108, -3.137815799999942 ], [ 126.983724400000028, -3.137866699999961 ], [ 126.987891800000057, -3.139791499999944 ], [ 127.018367100000091, -3.15758 ], [ 127.029556300000081, -3.172617399999979 ], [ 127.03753, -3.170794299999955 ], [ 127.055508500000087, -3.180412399999966 ], [ 127.079540100000031, -3.203938699999981 ], [ 127.106318900000019, -3.224954399999945 ], [ 127.111309000000119, -3.233589499999937 ], [ 127.112099600000079, -3.257192299999929 ], [ 127.119714300000055, -3.264634499999943 ], [ 127.119581800000105, -3.271822499999928 ], [ 127.12208, -3.274462799999981 ], [ 127.116828900000087, -3.280376399999966 ], [ 127.111819300000093, -3.279595 ], [ 127.099055300000032, -3.284722299999942 ], [ 127.095334300000104, -3.283593099999962 ], [ 127.0954355, -3.277311899999972 ], [ 127.088594500000113, -3.269607199999939 ], [ 127.08228710000003, -3.264323799999943 ], [ 127.078895800000055, -3.264739299999974 ], [ 127.080537900000081, -3.262324499999977 ], [ 127.0721641, -3.259871799999928 ], [ 127.068656900000065, -3.262517699999933 ], [ 127.06488980000006, -3.260682399999951 ], [ 127.064406800000029, -3.265512099999967 ], [ 127.061992, -3.266284799999937 ], [ 127.056137100000115, -3.261782199999971 ], [ 127.043891900000062, -3.265258099999926 ], [ 127.030695600000058, -3.265029099999936 ], [ 127.034656, -3.265415499999961 ], [ 127.034559400000035, -3.272177 ], [ 127.030644400000028, -3.274509299999977 ], [ 127.034586300000115, -3.276330899999948 ], [ 127.039921900000081, -3.29071719999996 ], [ 127.043732300000102, -3.312899099999925 ], [ 127.041633600000068, -3.315799799999979 ], [ 127.044216400000096, -3.32011209999996 ], [ 127.042903600000045, -3.328824 ], [ 127.052755400000024, -3.336556499999972 ], [ 127.055252100000075, -3.329020299999968 ], [ 127.073216000000116, -3.321872199999973 ], [ 127.071998200000053, -3.33308859999994 ], [ 127.068656900000065, -3.337764 ], [ 127.072230900000022, -3.341338 ], [ 127.068656900000065, -3.345974499999954 ], [ 127.071747900000105, -3.349645099999975 ], [ 127.069429700000114, -3.351963299999966 ], [ 127.075775400000111, -3.373806399999978 ], [ 127.092344900000057, -3.372065699999951 ], [ 127.107173700000089, -3.380576099999928 ], [ 127.120326100000057, -3.383219499999939 ], [ 127.134832500000016, -3.37896429999995 ], [ 127.139668, -3.373613 ], [ 127.141021900000055, -3.362072399999931 ], [ 127.138120600000093, -3.35871979999996 ], [ 127.142053500000088, -3.350016 ], [ 127.155528300000014, -3.339055599999938 ], [ 127.163845300000048, -3.335380599999951 ], [ 127.168809700000111, -3.34124769999994 ], [ 127.176997800000095, -3.34402 ], [ 127.17951220000009, -3.346985699999948 ], [ 127.179060900000081, -3.353110699999945 ], [ 127.182220100000109, -3.355947499999957 ], [ 127.204011900000069, -3.358397399999944 ], [ 127.218131400000061, -3.356592199999966 ], [ 127.223869500000092, -3.36181449999998 ], [ 127.243598200000065, -3.366843399999937 ], [ 127.24824030000002, -3.372130199999958 ], [ 127.256879600000048, -3.372001199999943 ], [ 127.268871600000011, -3.389408899999978 ], [ 127.268355800000109, -3.39643639999997 ], [ 127.253656, -3.415649299999927 ], [ 127.252624400000059, -3.42719 ], [ 127.254300700000044, -3.430800399999953 ], [ 127.250432300000057, -3.436860899999942 ], [ 127.250754700000016, -3.446725199999946 ], [ 127.2484981, -3.450077799999974 ], [ 127.250432300000057, -3.467163099999937 ], [ 127.249465200000031, -3.525446599999952 ], [ 127.251689500000111, -3.529379399999925 ], [ 127.250819200000024, -3.544401599999958 ], [ 127.246370500000012, -3.550075199999981 ], [ 127.248691600000029, -3.55613569999997 ], [ 127.244758700000034, -3.569094699999937 ], [ 127.251528400000097, -3.592304899999931 ], [ 127.244114, -3.60539289999997 ], [ 127.242953500000112, -3.613774399999954 ], [ 127.239794300000085, -3.615902 ], [ 127.238723500000106, -3.633601399999975 ], [ 127.195854200000099, -3.609348 ], [ 126.901947, -3.518771899999933 ] ] ] } },
{ "type": "Feature", "properties": { "kab_kota": "Buru Selatan", "provinsi": "Maluku", "regency_code": "id8109" }, "geometry": { "type": "MultiPolygon", "coordinates": [ [ [ [ 126.399571400000013, -3.709404699999936 ], [ 126.393148500000052, -3.713543199999947 ], [ 126.391994600000089, -3.719209099999944 ], [ 126.385407900000018, -3.717925599999944 ], [ 126.373469600000021, -3.708324 ], [ 126.372032000000104, -3.704703 ], [ 126.34917130000008, -3.70179539999998 ], [ 126.344717200000105, -3.688541599999951 ], [ 126.335818800000084, -3.679989299999932 ], [ 126.326722700000118, -3.676467 ], [ 126.310211200000026, -3.674576099999967 ], [ 126.280459800000017, -3.664196 ], [ 126.280213300000014, -3.660228599999925 ], [ 126.276380300000028, -3.655005899999935 ], [ 126.269207500000107, -3.651217799999927 ], [ 126.264881400000036, -3.641601699999967 ], [ 126.232043500000032, -3.618783299999961 ], [ 126.222180900000012, -3.618222899999978 ], [ 126.196717400000011, -3.624050799999964 ], [ 126.19283960000007, -3.61900739999993 ], [ 126.182977100000016, -3.614165799999967 ], [ 126.172823100000073, -3.59827359999997 ], [ 126.168945300000019, -3.59571829999993 ], [ 126.16739860000007, -3.586797099999956 ], [ 126.163229500000057, -3.582022699999925 ], [ 126.165829600000052, -3.565301099999942 ], [ 126.164297200000078, -3.553065499999946 ], [ 126.16093520000004, -3.540995399999929 ], [ 126.152363700000024, -3.533266699999956 ], [ 126.151237200000082, -3.525850399999968 ], [ 126.136623400000076, -3.517776799999979 ], [ 126.135277900000119, -3.510986299999956 ], [ 126.126359400000069, -3.506886899999927 ], [ 126.125170300000036, -3.501848799999948 ], [ 126.10670760000005, -3.495715399999938 ], [ 126.104517100000066, -3.49136569999996 ], [ 126.094753700000069, -3.484794199999953 ], [ 126.081579500000089, -3.482760199999973 ], [ 126.073599800000011, -3.477784699999972 ], [ 126.065776600000049, -3.461762799999974 ], [ 126.057077200000094, -3.456693299999927 ], [ 126.045249900000044, -3.441381 ], [ 126.037432, -3.42126479999996 ], [ 126.040010800000118, -3.397975599999938 ], [ 126.021981500000038, -3.383799099999976 ], [ 126.018043600000055, -3.371948399999951 ], [ 126.011145600000077, -3.368979399999944 ], [ 126.006824200000096, -3.358839199999977 ], [ 126.010274100000061, -3.344444 ], [ 126.01844, -3.334817399999963 ], [ 126.017740300000014, -3.331534699999963 ], [ 126.007873800000084, -3.324705899999969 ], [ 126.005911500000025, -3.316569899999934 ], [ 126.006019100000117, -3.312243699999954 ], [ 126.012379100000089, -3.305226499999947 ], [ 126.00596, -3.299253199999953 ], [ 126.010122600000045, -3.291490599999975 ], [ 126.010138100000063, -3.280296 ], [ 126.0078224, -3.273943599999939 ], [ 126.006101300000068, -3.2741 ], [ 126.005037300000026, -3.262834599999962 ], [ 126.007634600000074, -3.258140699999956 ], [ 126.007759800000031, -3.245623599999931 ], [ 126.018201300000101, -3.237618399999974 ], [ 126.015144900000109, -3.233137799999952 ], [ 126.014487800000097, -3.222122699999943 ], [ 126.016772100000026, -3.204504899999961 ], [ 126.011702700000114, -3.194021799999973 ], [ 126.012766700000043, -3.190642199999957 ], [ 126.017491900000095, -3.18857689999993 ], [ 126.015989800000057, -3.184195899999963 ], [ 126.017804800000022, -3.172993099999928 ], [ 126.02243610000005, -3.17274279999998 ], [ 126.035172300000113, -3.159380699999929 ], [ 126.042244500000038, -3.155813399999943 ], [ 126.046500300000048, -3.149367099999949 ], [ 126.05300920000002, -3.148741199999961 ], [ 126.064837800000078, -3.142795599999943 ], [ 126.074257000000102, -3.132531599999936 ], [ 126.082174, -3.128338299999939 ], [ 126.090122400000041, -3.112410299999965 ], [ 126.101231300000109, -3.112879699999951 ], [ 126.107286400000021, -3.116989599999954 ], [ 126.110337500000014, -3.124645799999939 ], [ 126.110578600000053, -3.134664799999939 ], [ 126.118129400000043, -3.140949299999932 ], [ 126.125620100000106, -3.152159599999948 ], [ 126.121539600000119, -3.156358699999942 ], [ 126.112590300000079, -3.157233099999928 ], [ 126.130037100000095, -3.226145299999928 ], [ 126.132612600000016, -3.26469579999997 ], [ 126.124201300000095, -3.295265 ], [ 126.133127200000104, -3.302011499999935 ], [ 126.228591300000062, -3.336748899999975 ], [ 126.325561500000049, -3.361175499999945 ], [ 126.380985200000055, -3.384562199999948 ], [ 126.462242100000026, -3.411757 ], [ 126.509758, -3.435512299999971 ], [ 126.901947, -3.518771899999933 ], [ 127.195854200000099, -3.609348 ], [ 127.238723500000106, -3.633601399999975 ], [ 127.23431410000012, -3.636855699999956 ], [ 127.233347, -3.643496399999947 ], [ 127.226593, -3.64687159999994 ], [ 127.215103100000078, -3.663181299999962 ], [ 127.192696900000101, -3.675668299999927 ], [ 127.172355700000026, -3.673562799999956 ], [ 127.162048300000038, -3.666559899999925 ], [ 127.147735600000033, -3.665319899999929 ], [ 127.144761300000027, -3.661935599999936 ], [ 127.136315400000058, -3.661226399999975 ], [ 127.130706200000077, -3.664127699999938 ], [ 127.116586700000084, -3.665546099999972 ], [ 127.100210600000082, -3.681470899999965 ], [ 127.095052800000076, -3.683276099999944 ], [ 127.071068900000114, -3.68295379999995 ], [ 127.050347300000112, -3.689493899999945 ], [ 126.999346700000046, -3.722916599999962 ], [ 126.983914500000083, -3.744331899999963 ], [ 126.973103700000024, -3.744992099999934 ], [ 126.961962700000072, -3.753863599999931 ], [ 126.958190900000091, -3.757588099999964 ], [ 126.959404500000119, -3.762652499999945 ], [ 126.955195700000104, -3.770451199999968 ], [ 126.94768590000001, -3.772101699999951 ], [ 126.944137300000079, -3.769956 ], [ 126.923543900000027, -3.776601899999946 ], [ 126.92012150000005, -3.774172399999941 ], [ 126.903079100000014, -3.780502399999932 ], [ 126.892578500000013, -3.788204099999973 ], [ 126.892185900000072, -3.790672299999926 ], [ 126.884592400000088, -3.790333299999929 ], [ 126.873563700000091, -3.784118299999932 ], [ 126.865224400000102, -3.784954499999969 ], [ 126.811843600000088, -3.8043 ], [ 126.786938600000099, -3.818289299999947 ], [ 126.743942300000072, -3.849363799999935 ], [ 126.74029250000001, -3.853658 ], [ 126.742484700000091, -3.855127 ], [ 126.741241700000046, -3.857364399999938 ], [ 126.7355692000001, -3.855872799999929 ], [ 126.7357048, -3.850177599999938 ], [ 126.733218800000031, -3.848550399999965 ], [ 126.721670300000028, -3.845657699999947 ], [ 126.706325000000106, -3.851104199999952 ], [ 126.705039400000032, -3.855088699999953 ], [ 126.694437500000049, -3.861658299999931 ], [ 126.687295900000095, -3.861387099999945 ], [ 126.674120200000061, -3.855601599999943 ], [ 126.669577700000104, -3.843442899999957 ], [ 126.658549000000107, -3.83969129999997 ], [ 126.649983600000041, -3.83198479999993 ], [ 126.644378900000106, -3.830583599999954 ], [ 126.639045300000021, -3.823329 ], [ 126.633903900000064, -3.821261099999958 ], [ 126.625485400000116, -3.822538 ], [ 126.620016300000088, -3.827826399999935 ], [ 126.614456700000119, -3.824459 ], [ 126.618660300000101, -3.822108599999979 ], [ 126.614539600000057, -3.817501299999947 ], [ 126.609726, -3.820967199999927 ], [ 126.606295800000112, -3.820083699999941 ], [ 126.6017931, -3.810283799999979 ], [ 126.597422900000083, -3.80836359999995 ], [ 126.593218200000024, -3.811839899999939 ], [ 126.589576400000055, -3.810118299999942 ], [ 126.586199400000055, -3.803695399999981 ], [ 126.566202400000066, -3.796709699999951 ], [ 126.56246120000003, -3.792769799999974 ], [ 126.558488300000022, -3.793696899999929 ], [ 126.549847200000045, -3.79061779999995 ], [ 126.536339200000043, -3.792505 ], [ 126.531439300000102, -3.796544099999949 ], [ 126.514819200000034, -3.794988099999955 ], [ 126.515216500000065, -3.791511799999967 ], [ 126.521720900000105, -3.790163499999949 ], [ 126.521705600000018, -3.782009899999935 ], [ 126.518295500000022, -3.783069299999966 ], [ 126.511574700000097, -3.779261899999938 ], [ 126.501973500000076, -3.785419899999965 ], [ 126.501841, -3.779758499999957 ], [ 126.497702600000025, -3.779129499999954 ], [ 126.493133700000044, -3.771514699999955 ], [ 126.486909500000024, -3.772243099999969 ], [ 126.484294, -3.766383 ], [ 126.4705212, -3.764992499999948 ], [ 126.466614500000105, -3.76135069999998 ], [ 126.455424100000073, -3.757543299999952 ], [ 126.455390900000111, -3.747677199999941 ], [ 126.451980900000081, -3.74698189999998 ], [ 126.449630200000115, -3.752510899999947 ], [ 126.4411215, -3.748471799999948 ], [ 126.440260700000067, -3.742578599999945 ], [ 126.436111500000038, -3.744045299999925 ], [ 126.431818300000032, -3.739598899999976 ], [ 126.414126700000111, -3.733085099999926 ], [ 126.41089420000003, -3.726786199999935 ], [ 126.395811400000071, -3.719259799999975 ], [ 126.394903200000044, -3.716291099999978 ], [ 126.401690300000041, -3.71400669999997 ], [ 126.399571400000013, -3.709404699999936 ] ] ], [ [ [ 125.995211400000017, -3.249660399999925 ], [ 125.998372, -3.226034299999981 ], [ 126.006821, -3.21649009999993 ], [ 126.008604700000092, -3.21814859999995 ], [ 126.004568, -3.232668399999966 ], [ 126.005842700000017, -3.24196139999998 ], [ 125.997969700000112, -3.252011 ], [ 125.995211400000017, -3.249660399999925 ] ] ], [ [ [ 127.226943700000106, -3.882365499999935 ], [ 127.222734100000025, -3.905005399999936 ], [ 127.213449600000104, -3.90437529999997 ], [ 127.206935300000055, -3.896878699999945 ], [ 127.207330700000057, -3.890821099999926 ], [ 127.202633000000105, -3.890604799999949 ], [ 127.200619700000061, -3.891880599999979 ], [ 127.203709900000035, -3.894201499999951 ], [ 127.200058300000023, -3.894334899999933 ], [ 127.179898200000025, -3.890262 ], [ 127.176203700000087, -3.885792199999969 ], [ 127.174868100000026, -3.887869 ], [ 127.169937100000084, -3.886233499999946 ], [ 127.164146200000118, -3.888894 ], [ 127.158340200000112, -3.875363199999981 ], [ 127.151792300000011, -3.87094639999998 ], [ 127.148850700000025, -3.858210299999939 ], [ 127.145930200000066, -3.857850699999972 ], [ 127.1419634, -3.852603199999976 ], [ 127.144821300000103, -3.842400299999952 ], [ 127.150922500000092, -3.834473399999979 ], [ 127.159499800000049, -3.831058699999971 ], [ 127.164298500000086, -3.823821099999975 ], [ 127.18234330000007, -3.825532499999952 ], [ 127.1872624, -3.819577799999934 ], [ 127.196479200000113, -3.815926599999955 ], [ 127.213002800000027, -3.823294099999941 ], [ 127.215756100000021, -3.829104 ], [ 127.22423850000007, -3.830260499999952 ], [ 127.22643770000002, -3.835142399999938 ], [ 127.236422500000117, -3.838737799999933 ], [ 127.237935100000072, -3.843482699999925 ], [ 127.235417300000108, -3.85033569999996 ], [ 127.242340300000023, -3.853724099999965 ], [ 127.238817400000016, -3.861061099999972 ], [ 127.242655300000024, -3.863287399999933 ], [ 127.237289500000088, -3.869801 ], [ 127.243931800000041, -3.875175499999955 ], [ 127.239150800000061, -3.878751499999964 ], [ 127.232679900000107, -3.876906799999972 ], [ 127.232250200000067, -3.880229099999951 ], [ 127.226943700000106, -3.882365499999935 ] ] ] ] } },
{ "type": "Feature", "properties": { "kab_kota": "Halmahera Barat", "provinsi": "Maluku Utara", "regency_code": "id8201" }, "geometry": { "type": "MultiPolygon", "coordinates": [ [ [ [ 127.425979700000084, 1.045026500000063 ], [ 127.428467900000101, 1.039298500000029 ], [ 127.424812200000019, 1.032819 ], [ 127.419894200000044, 1.032016400000032 ], [ 127.414144400000055, 1.039561200000037 ], [ 127.40483370000004, 1.039495600000066 ], [ 127.40086430000008, 1.041239500000074 ], [ 127.398916100000065, 1.045311100000049 ], [ 127.399142300000108, 1.048820800000044 ], [ 127.404133200000047, 1.04402680000004 ], [ 127.412648500000046, 1.047259300000064 ], [ 127.4006673, 1.054162 ], [ 127.397347300000092, 1.060612300000059 ], [ 127.399346600000058, 1.084217300000034 ], [ 127.410116600000038, 1.097183600000051 ], [ 127.41780730000005, 1.102415300000075 ], [ 127.424403600000119, 1.11298830000004 ], [ 127.431499500000086, 1.143218700000034 ], [ 127.429018, 1.158160700000053 ], [ 127.425578900000119, 1.158685600000069 ], [ 127.421253, 1.166234800000041 ], [ 127.417157100000054, 1.167664900000034 ], [ 127.418168900000069, 1.171994300000051 ], [ 127.414987500000052, 1.176995 ], [ 127.410054900000091, 1.177413400000034 ], [ 127.411222400000042, 1.181645500000059 ], [ 127.409331700000052, 1.184069100000045 ], [ 127.411847400000056, 1.187265600000046 ], [ 127.407894100000021, 1.186192600000027 ], [ 127.404841900000065, 1.192475300000069 ], [ 127.401295000000118, 1.192591200000038 ], [ 127.399153, 1.196130500000038 ], [ 127.407554600000026, 1.208390500000064 ], [ 127.408984800000098, 1.220590600000037 ], [ 127.405667200000039, 1.228685100000064 ], [ 127.407681100000104, 1.233734500000025 ], [ 127.41725550000001, 1.243517500000053 ], [ 127.417236300000013, 1.250318700000037 ], [ 127.423939400000108, 1.261049800000023 ], [ 127.423662700000023, 1.26523160000005 ], [ 127.430888500000037, 1.271135300000026 ], [ 127.443064900000081, 1.298040200000059 ], [ 127.454595600000061, 1.307848900000067 ], [ 127.457670400000097, 1.314183100000037 ], [ 127.464711800000032, 1.317811400000039 ], [ 127.47163020000005, 1.332939600000032 ], [ 127.472060600000077, 1.338751 ], [ 127.482625600000119, 1.350304300000062 ], [ 127.485802900000067, 1.360671300000035 ], [ 127.485893200000078, 1.392223800000068 ], [ 127.517442200000119, 1.426904900000068 ], [ 127.528165600000079, 1.457668500000068 ], [ 127.535588800000028, 1.489219600000069 ], [ 127.536036300000092, 1.500028500000042 ], [ 127.534567300000049, 1.508629600000063 ], [ 127.529770800000051, 1.513240400000029 ], [ 127.530685400000038, 1.520546900000056 ], [ 127.527546100000109, 1.526248100000032 ], [ 127.529472500000111, 1.527785300000062 ], [ 127.527030500000023, 1.52849550000002 ], [ 127.524977700000022, 1.534381500000052 ], [ 127.529113800000118, 1.550243400000056 ], [ 127.526808, 1.552199 ], [ 127.520338800000104, 1.550378600000045 ], [ 127.51962960000003, 1.554962 ], [ 127.511189200000103, 1.554650700000025 ], [ 127.510777400000052, 1.557608800000025 ], [ 127.516726100000028, 1.563808 ], [ 127.516260400000078, 1.569041600000048 ], [ 127.519777600000111, 1.569490600000051 ], [ 127.519500900000025, 1.572319500000049 ], [ 127.522704800000042, 1.570245400000033 ], [ 127.523129200000085, 1.576347500000054 ], [ 127.527956700000118, 1.580437 ], [ 127.527864400000112, 1.585725800000034 ], [ 127.530478100000096, 1.583511900000076 ], [ 127.537734700000101, 1.586771200000044 ], [ 127.539456600000108, 1.580344800000034 ], [ 127.5441303, 1.580344800000034 ], [ 127.547144100000082, 1.586485 ], [ 127.549913100000026, 1.586038400000064 ], [ 127.551238500000068, 1.595850200000029 ], [ 127.554027500000075, 1.597303 ], [ 127.551575800000023, 1.598691 ], [ 127.553482700000018, 1.606941200000051 ], [ 127.551386100000059, 1.618271400000026 ], [ 127.5453989, 1.621617600000036 ], [ 127.54979650000007, 1.624627100000055 ], [ 127.549173800000062, 1.633928 ], [ 127.548272200000042, 1.635903 ], [ 127.54516870000009, 1.633470800000055 ], [ 127.54542170000002, 1.636097600000028 ], [ 127.54262940000001, 1.63673 ], [ 127.543777500000033, 1.642032300000039 ], [ 127.541588400000023, 1.643131700000026 ], [ 127.540518200000065, 1.650623 ], [ 127.543865, 1.646536800000035 ], [ 127.5493619, 1.650321400000053 ], [ 127.548982500000079, 1.664652200000035 ], [ 127.55103530000008, 1.662978800000076 ], [ 127.559567600000037, 1.664253300000041 ], [ 127.555851100000041, 1.651576400000067 ], [ 127.552630800000088, 1.649056600000051 ], [ 127.55528680000009, 1.639279 ], [ 127.557796900000085, 1.643073300000026 ], [ 127.560547, 1.642512100000033 ], [ 127.559266, 1.645651500000042 ], [ 127.561163100000044, 1.64498020000002 ], [ 127.560637800000109, 1.649202500000058 ], [ 127.563001900000017, 1.649105300000031 ], [ 127.56200960000001, 1.655594500000063 ], [ 127.564947700000062, 1.661451300000067 ], [ 127.569393900000023, 1.652967700000033 ], [ 127.572341700000038, 1.655964200000028 ], [ 127.57163150000008, 1.662210200000061 ], [ 127.577773800000045, 1.657971600000053 ], [ 127.580604300000118, 1.661635200000035 ], [ 127.579258500000037, 1.663319500000057 ], [ 127.5849343000001, 1.660825400000022 ], [ 127.579771400000027, 1.667285500000048 ], [ 127.582482600000048, 1.669386900000063 ], [ 127.579200700000115, 1.670632300000022 ], [ 127.581613500000117, 1.673538 ], [ 127.580082800000014, 1.685679800000059 ], [ 127.584389500000043, 1.689986400000066 ], [ 127.582262100000094, 1.688780100000031 ], [ 127.579615800000056, 1.693852100000072 ], [ 127.577475400000026, 1.693112700000029 ], [ 127.577968300000066, 1.694643400000075 ], [ 127.570011300000033, 1.697821400000066 ], [ 127.568814700000075, 1.699504500000046 ], [ 127.571032900000091, 1.700759500000061 ], [ 127.567812600000025, 1.701041700000076 ], [ 127.568433500000083, 1.705158 ], [ 127.566139200000066, 1.703717100000063 ], [ 127.566829900000016, 1.706344 ], [ 127.561946, 1.711840800000061 ], [ 127.5546395, 1.709505900000067 ], [ 127.553705500000092, 1.706499600000029 ], [ 127.550524200000041, 1.711159800000075 ], [ 127.566508900000031, 1.721492 ], [ 127.569437300000118, 1.720305100000076 ], [ 127.569437300000118, 1.723817200000042 ], [ 127.576403300000038, 1.725082 ], [ 127.578149100000019, 1.729225900000074 ], [ 127.573241300000063, 1.727601800000059 ], [ 127.570011300000033, 1.732446800000048 ], [ 127.576296200000115, 1.730812400000048 ], [ 127.573474800000099, 1.73431480000005 ], [ 127.5751269000001, 1.736507600000039 ], [ 127.569816700000047, 1.740706700000032 ], [ 127.569563800000083, 1.74370330000005 ], [ 127.573367800000028, 1.746057700000051 ], [ 127.571830600000112, 1.751612900000055 ], [ 127.576354600000059, 1.761234900000034 ], [ 127.579195500000083, 1.759551800000054 ], [ 127.584439400000065, 1.762178600000027 ], [ 127.585529, 1.771080600000062 ], [ 127.596143400000074, 1.769348900000068 ], [ 127.61376580000001, 1.783418100000063 ], [ 127.611967, 1.791374200000064 ], [ 127.613696600000026, 1.795438800000056 ], [ 127.622552200000086, 1.797652600000049 ], [ 127.622898100000043, 1.801890200000059 ], [ 127.626760000000104, 1.80172170000003 ], [ 127.626876100000118, 1.806093100000055 ], [ 127.634330700000078, 1.816332300000056 ], [ 127.646559, 1.824720800000023 ], [ 127.645970900000066, 1.834181700000045 ], [ 127.642027400000075, 1.837260400000048 ], [ 127.646005500000115, 1.840858 ], [ 127.647043300000064, 1.847741800000051 ], [ 127.649360900000033, 1.845406800000035 ], [ 127.651228900000092, 1.850699400000053 ], [ 127.65458430000001, 1.849108200000046 ], [ 127.65461890000006, 1.854331500000058 ], [ 127.65769760000012, 1.858084800000029 ], [ 127.655940800000053, 1.862667100000067 ], [ 127.658115100000032, 1.862272 ], [ 127.660049800000024, 1.865314500000068 ], [ 127.654273000000103, 1.876660600000037 ], [ 127.660049800000024, 1.868791 ], [ 127.663249600000086, 1.868012700000065 ], [ 127.665428900000052, 1.872699900000043 ], [ 127.661900500000115, 1.877439 ], [ 127.666276400000015, 1.879151300000046 ], [ 127.665498100000036, 1.883873100000073 ], [ 127.6691475, 1.887332300000025 ], [ 127.676065900000026, 1.886588500000073 ], [ 127.678798700000016, 1.890877900000021 ], [ 127.678677600000015, 1.894043100000033 ], [ 127.675201100000095, 1.896101300000055 ], [ 127.67404230000011, 1.903573200000039 ], [ 127.68168710000009, 1.906824800000038 ], [ 127.681998400000111, 1.909938100000034 ], [ 127.68371070000012, 1.908554400000071 ], [ 127.688346, 1.913708600000064 ], [ 127.689383800000087, 1.918897400000048 ], [ 127.693621300000018, 1.919727600000044 ], [ 127.696163800000022, 1.926715200000046 ], [ 127.693742400000019, 1.931385100000057 ], [ 127.700833700000089, 1.93451570000002 ], [ 127.706852700000013, 1.945446700000048 ], [ 127.714722400000028, 1.945273800000052 ], [ 127.737362800000028, 1.961065 ], [ 127.743892900000105, 1.958943900000065 ], [ 127.742510500000094, 1.955492100000072 ], [ 127.745317300000011, 1.950814100000059 ], [ 127.751924900000063, 1.945785300000068 ], [ 127.754380900000115, 1.947071700000038 ], [ 127.75350370000001, 1.958883600000036 ], [ 127.758123200000114, 1.961924300000021 ], [ 127.765396, 1.961032600000067 ], [ 127.768093200000067, 1.959322200000031 ], [ 127.779309400000102, 1.93462020000004 ], [ 127.783519600000091, 1.91149710000002 ], [ 127.789078300000028, 1.911102400000061 ], [ 127.784802400000103, 1.906431800000064 ], [ 127.773158600000102, 1.902780700000051 ], [ 127.771546900000089, 1.895873400000028 ], [ 127.759837300000072, 1.884723 ], [ 127.75970570000004, 1.874493600000051 ], [ 127.7645688, 1.86485 ], [ 127.757520000000113, 1.858795800000053 ], [ 127.754146900000023, 1.864936500000056 ], [ 127.747530500000039, 1.860741800000028 ], [ 127.750298200000088, 1.857239 ], [ 127.744243900000015, 1.85684980000002 ], [ 127.748821900000053, 1.846118200000035 ], [ 127.742067800000086, 1.834905700000036 ], [ 127.741190900000106, 1.821900600000049 ], [ 127.733567000000107, 1.810480200000029 ], [ 127.732061300000055, 1.799357 ], [ 127.719261300000085, 1.788848700000074 ], [ 127.721654400000034, 1.779766800000061 ], [ 127.717713900000035, 1.777581200000043 ], [ 127.717676, 1.765026200000023 ], [ 127.714359100000024, 1.763131100000066 ], [ 127.710699300000101, 1.751532200000042 ], [ 127.713425, 1.744064500000036 ], [ 127.709259400000064, 1.732845900000029 ], [ 127.710663700000055, 1.727312500000039 ], [ 127.703139800000031, 1.714686800000038 ], [ 127.705166700000063, 1.710271200000022 ], [ 127.703719, 1.701307300000053 ], [ 127.714230300000054, 1.682711 ], [ 127.712896400000091, 1.663617100000067 ], [ 127.719505800000093, 1.655388900000048 ], [ 127.718282600000066, 1.642319400000076 ], [ 127.723593900000083, 1.634934 ], [ 127.730509500000039, 1.630954200000076 ], [ 127.732395700000097, 1.625062100000036 ], [ 127.728700000000117, 1.621139600000049 ], [ 127.731311000000119, 1.611715400000037 ], [ 127.730381500000021, 1.606126500000073 ], [ 127.735249300000078, 1.60405940000004 ], [ 127.731432200000086, 1.595481300000074 ], [ 127.726881100000014, 1.592500800000039 ], [ 127.728489500000023, 1.573110200000031 ], [ 127.72600650000004, 1.551932500000021 ], [ 127.729669700000045, 1.539579900000035 ], [ 127.725459200000046, 1.531798500000036 ], [ 127.725107300000104, 1.525797500000067 ], [ 127.719100800000092, 1.521076100000073 ], [ 127.720982700000036, 1.514508500000034 ], [ 127.712379100000021, 1.510354 ], [ 127.7141309000001, 1.496412700000064 ], [ 127.711328500000036, 1.49409170000007 ], [ 127.711251, 1.488596500000028 ], [ 127.70943950000003, 1.489132400000074 ], [ 127.70583570000008, 1.483886400000074 ], [ 127.702923600000076, 1.473137500000064 ], [ 127.689660900000035, 1.467412800000034 ], [ 127.680668400000059, 1.468885800000066 ], [ 127.670501500000114, 1.463906400000042 ], [ 127.671105700000112, 1.457440100000042 ], [ 127.680239400000119, 1.443016100000023 ], [ 127.672621500000105, 1.430242 ], [ 127.661235, 1.424313500000039 ], [ 127.657527300000083, 1.416834 ], [ 127.661255900000015, 1.396631 ], [ 127.66761120000001, 1.393186700000058 ], [ 127.6760862000001, 1.377004800000066 ], [ 127.666760700000054, 1.366287 ], [ 127.662326300000018, 1.364813200000071 ], [ 127.6632078, 1.358897600000034 ], [ 127.65974940000001, 1.345807500000035 ], [ 127.655908400000044, 1.341542900000036 ], [ 127.6573912, 1.334278600000061 ], [ 127.653878900000109, 1.327631800000063 ], [ 127.652013300000021, 1.32696130000005 ], [ 127.648518, 1.332828600000028 ], [ 127.645811900000012, 1.331016500000032 ], [ 127.642564200000038, 1.333799800000065 ], [ 127.640424, 1.319957500000044 ], [ 127.635729800000036, 1.321603400000072 ], [ 127.6400724, 1.295943300000033 ], [ 127.635535300000015, 1.285452400000054 ], [ 127.634535700000015, 1.274595800000043 ], [ 127.638714100000016, 1.271442 ], [ 127.64460710000003, 1.272936600000037 ], [ 127.649448700000107, 1.270987400000024 ], [ 127.649506600000109, 1.266005700000051 ], [ 127.647282400000108, 1.263687400000038 ], [ 127.646952, 1.251843700000052 ], [ 127.642723800000113, 1.250421200000062 ], [ 127.636777500000107, 1.252337 ], [ 127.627419, 1.248118200000022 ], [ 127.628931500000022, 1.243714500000067 ], [ 127.62387810000007, 1.237794600000029 ], [ 127.635903900000017, 1.219799900000055 ], [ 127.6361554, 1.208037 ], [ 127.639836400000036, 1.195753700000068 ], [ 127.637709800000039, 1.182554 ], [ 127.643697, 1.17709560000003 ], [ 127.644300200000089, 1.171566900000073 ], [ 127.633755400000041, 1.167005600000039 ], [ 127.628152600000021, 1.160351200000036 ], [ 127.626817900000106, 1.151783600000044 ], [ 127.619944700000019, 1.140364600000055 ], [ 127.62590200000011, 1.125523300000054 ], [ 127.625369500000033, 1.116420600000026 ], [ 127.614255400000047, 1.117491900000061 ], [ 127.609611300000097, 1.109286200000042 ], [ 127.603847900000119, 1.108404800000073 ], [ 127.608351500000026, 1.094001 ], [ 127.613182500000107, 1.091463600000054 ], [ 127.610683800000061, 1.086755 ], [ 127.614650500000039, 1.081338900000048 ], [ 127.610211200000094, 1.075697500000047 ], [ 127.602307100000075, 1.07132480000007 ], [ 127.601936, 1.063135700000032 ], [ 127.604582500000106, 1.059221300000047 ], [ 127.60455740000009, 1.048743700000045 ], [ 127.609588800000097, 1.034582 ], [ 127.61494980000009, 1.027752700000065 ], [ 127.618400700000052, 1.027833900000076 ], [ 127.606247, 1.006742300000042 ], [ 127.598229900000092, 0.986699600000065 ], [ 127.594913800000086, 0.966955700000028 ], [ 127.6055718, 0.91576340000006 ], [ 127.632512100000099, 0.878296100000057 ], [ 127.665435600000023, 0.83949130000002 ], [ 127.694518600000038, 0.818394200000057 ], [ 127.709366500000101, 0.821201400000064 ], [ 127.714637100000118, 0.809548200000052 ], [ 127.721663600000056, 0.803162100000065 ], [ 127.719855700000039, 0.786213500000031 ], [ 127.728283, 0.77734 ], [ 127.7350963, 0.774614300000053 ], [ 127.731411500000036, 0.759244 ], [ 127.723579, 0.760627200000044 ], [ 127.716780700000072, 0.765035500000067 ], [ 127.713545700000054, 0.761447900000064 ], [ 127.702122100000111, 0.76249260000003 ], [ 127.700284300000021, 0.756255400000043 ], [ 127.692283, 0.756299300000023 ], [ 127.681338700000083, 0.75910790000006 ], [ 127.672673100000111, 0.771188800000061 ], [ 127.667171400000029, 0.767658600000061 ], [ 127.662344100000041, 0.775812 ], [ 127.657621500000118, 0.775843100000031 ], [ 127.65681810000001, 0.773107400000072 ], [ 127.651511300000038, 0.776132700000062 ], [ 127.647994200000085, 0.774050800000055 ], [ 127.648030100000028, 0.76950080000006 ], [ 127.639529, 0.768405400000063 ], [ 127.628938800000014, 0.777329700000053 ], [ 127.621605800000111, 0.778399900000068 ], [ 127.62102440000001, 0.782028400000058 ], [ 127.624421900000016, 0.785378900000069 ], [ 127.618256700000074, 0.790220600000055 ], [ 127.620516800000019, 0.799414800000022 ], [ 127.621873200000095, 0.802511500000037 ], [ 127.634952400000088, 0.808334600000023 ], [ 127.638446, 0.819096400000035 ], [ 127.635806500000058, 0.826653700000065 ], [ 127.639395900000068, 0.836072700000045 ], [ 127.635591400000067, 0.836158700000055 ], [ 127.633794700000067, 0.840231200000062 ], [ 127.640147600000091, 0.850460300000066 ], [ 127.630530300000032, 0.851149700000065 ], [ 127.630074500000092, 0.848457600000074 ], [ 127.627353300000095, 0.848456700000042 ], [ 127.628075200000012, 0.845058700000038 ], [ 127.62458120000008, 0.843959100000063 ], [ 127.626875400000017, 0.85426190000004 ], [ 127.624666, 0.85599030000003 ], [ 127.628790400000071, 0.861153900000033 ], [ 127.619539600000053, 0.86303840000005 ], [ 127.618527500000027, 0.85389680000003 ], [ 127.613493700000049, 0.853937700000074 ], [ 127.609649000000104, 0.860458300000062 ], [ 127.610135500000069, 0.864482700000053 ], [ 127.605067900000108, 0.86199380000005 ], [ 127.603547300000059, 0.865349400000071 ], [ 127.600055100000077, 0.865669700000069 ], [ 127.588719100000048, 0.860934200000031 ], [ 127.582166500000085, 0.863503700000024 ], [ 127.579999300000054, 0.867145400000027 ], [ 127.574174900000116, 0.86814030000005 ], [ 127.573225200000024, 0.864976 ], [ 127.566638, 0.86532980000004 ], [ 127.566312700000026, 0.869348900000034 ], [ 127.568926300000044, 0.868868400000053 ], [ 127.566795500000012, 0.871172400000034 ], [ 127.568109500000105, 0.875793900000076 ], [ 127.565976200000023, 0.876112200000023 ], [ 127.563480400000117, 0.864833300000043 ], [ 127.557231800000068, 0.863378100000034 ], [ 127.555918800000086, 0.866035600000032 ], [ 127.562368500000048, 0.868782200000055 ], [ 127.559980200000041, 0.877124200000026 ], [ 127.5513525, 0.873149700000056 ], [ 127.550392500000044, 0.877169500000036 ], [ 127.549280900000099, 0.874522800000022 ], [ 127.547554700000092, 0.875723700000037 ], [ 127.54855950000001, 0.880574700000068 ], [ 127.543408200000044, 0.874560300000041 ], [ 127.545421600000054, 0.868247 ], [ 127.543317400000092, 0.861546500000031 ], [ 127.525745900000061, 0.85850320000003 ], [ 127.524597700000072, 0.860573 ], [ 127.526815400000032, 0.863244900000041 ], [ 127.531010400000014, 0.862149500000044 ], [ 127.539363900000012, 0.867239100000063 ], [ 127.537463300000013, 0.868930800000044 ], [ 127.53612790000011, 0.866191600000036 ], [ 127.535312200000021, 0.870272200000045 ], [ 127.532561100000066, 0.86749640000005 ], [ 127.530796600000031, 0.871314200000029 ], [ 127.533842600000071, 0.869898100000057 ], [ 127.533896100000106, 0.872730400000023 ], [ 127.536220600000092, 0.872864 ], [ 127.538037600000052, 0.871260800000073 ], [ 127.536995500000103, 0.873852600000021 ], [ 127.540159900000049, 0.873791700000027 ], [ 127.537049, 0.87762 ], [ 127.546293900000023, 0.880799600000046 ], [ 127.537450700000022, 0.88327490000006 ], [ 127.526110700000118, 0.877172500000029 ], [ 127.523712800000112, 0.882572700000026 ], [ 127.529472400000031, 0.885222 ], [ 127.521794500000055, 0.88600230000003 ], [ 127.518445600000064, 0.888656800000035 ], [ 127.507331800000088, 0.888531600000022 ], [ 127.502004200000101, 0.884412900000029 ], [ 127.496577100000081, 0.886735500000043 ], [ 127.499886500000116, 0.890704300000039 ], [ 127.498977400000058, 0.892551500000025 ], [ 127.494352200000094, 0.889649 ], [ 127.49181770000007, 0.89299520000003 ], [ 127.4932023, 0.917277600000034 ], [ 127.490290600000094, 0.91805770000002 ], [ 127.490844, 0.925714 ], [ 127.497162800000069, 0.93180220000005 ], [ 127.496793800000091, 0.935791800000061 ], [ 127.507627, 0.95071850000005 ], [ 127.512493100000029, 0.953274600000043 ], [ 127.511785300000042, 0.972508800000071 ], [ 127.503010800000084, 0.983488800000032 ], [ 127.501267600000119, 0.990122100000065 ], [ 127.496313700000087, 0.989588 ], [ 127.495573600000057, 0.995457200000033 ], [ 127.480931400000031, 0.993316900000025 ], [ 127.48037690000001, 1.001411400000052 ], [ 127.472350500000061, 1.006198 ], [ 127.474773, 1.006421800000055 ], [ 127.479314, 1.016021900000055 ], [ 127.482531900000026, 1.013416900000038 ], [ 127.483684800000105, 1.017765800000063 ], [ 127.485727800000063, 1.015481900000054 ], [ 127.494702800000027, 1.01501490000004 ], [ 127.499146500000052, 1.03433670000004 ], [ 127.498555500000066, 1.04056810000003 ], [ 127.501897400000075, 1.041188300000044 ], [ 127.499723, 1.048477800000057 ], [ 127.493395100000043, 1.056515900000022 ], [ 127.486318800000049, 1.06045910000006 ], [ 127.482219700000087, 1.058785700000044 ], [ 127.479301, 1.06442850000002 ], [ 127.468287800000098, 1.061237400000039 ], [ 127.467600300000072, 1.056781500000056 ], [ 127.4588539, 1.05543890000007 ], [ 127.455799, 1.051936500000068 ], [ 127.444622800000047, 1.051090100000067 ], [ 127.443754500000068, 1.04804 ], [ 127.441295500000024, 1.049616100000037 ], [ 127.438785400000029, 1.046434800000043 ], [ 127.43337130000009, 1.046033400000056 ], [ 127.425672700000064, 1.05100630000004 ], [ 127.421769500000096, 1.047959800000058 ], [ 127.425979700000084, 1.045026500000063 ] ] ], [ [ [ 127.509874900000113, 0.858871800000031 ], [ 127.5120875, 0.864322400000049 ], [ 127.514150700000073, 0.860406400000045 ], [ 127.509874900000113, 0.858871800000031 ] ] ], [ [ [ 127.514639000000102, 0.864342300000033 ], [ 127.515037700000107, 0.86211030000004 ], [ 127.513692200000037, 0.862767900000051 ], [ 127.514639000000102, 0.864342300000033 ] ] ], [ [ [ 127.506672500000036, 0.864842600000031 ], [ 127.506357200000025, 0.867146200000036 ], [ 127.507785100000092, 0.867908200000045 ], [ 127.509475900000098, 0.865184200000044 ], [ 127.506672500000036, 0.864842600000031 ] ] ], [ [ [ 127.514586700000109, 0.871700300000043 ], [ 127.513545800000088, 0.872984200000076 ], [ 127.5147081, 0.872583400000053 ], [ 127.514586700000109, 0.871700300000043 ] ] ], [ [ [ 127.522069000000101, 0.871096400000056 ], [ 127.519537700000114, 0.874447100000054 ], [ 127.521842200000037, 0.873825900000043 ], [ 127.522069000000101, 0.871096400000056 ] ] ], [ [ [ 127.5170849000001, 0.873590600000057 ], [ 127.517920400000094, 0.873876400000029 ], [ 127.517964400000096, 0.873557700000049 ], [ 127.5170849000001, 0.873590600000057 ] ] ], [ [ [ 127.52715180000007, 0.872075400000028 ], [ 127.525369200000114, 0.87560940000003 ], [ 127.526451300000076, 0.876210600000036 ], [ 127.52715180000007, 0.872075400000028 ] ] ], [ [ [ 127.5306213, 0.873225700000035 ], [ 127.529597600000102, 0.875489100000038 ], [ 127.530759900000021, 0.876050300000031 ], [ 127.5306213, 0.873225700000035 ] ] ], [ [ [ 127.498848900000098, 0.884001100000035 ], [ 127.506925600000045, 0.880068100000074 ], [ 127.503784800000062, 0.875513800000022 ], [ 127.50440130000004, 0.87011380000007 ], [ 127.500201700000048, 0.865959400000065 ], [ 127.49748430000011, 0.872359200000062 ], [ 127.501141900000107, 0.879390900000033 ], [ 127.498848900000098, 0.884001100000035 ] ] ], [ [ [ 127.49558, 0.876372300000071 ], [ 127.495909100000063, 0.876355900000021 ], [ 127.495826800000032, 0.876150200000041 ], [ 127.49558, 0.876372300000071 ] ] ], [ [ [ 127.529617600000051, 0.878435 ], [ 127.528158100000041, 0.876208600000041 ], [ 127.52739320000012, 0.876851800000054 ], [ 127.529617600000051, 0.878435 ] ] ], [ [ [ 127.515691100000026, 0.87945620000005 ], [ 127.513521900000114, 0.878644200000053 ], [ 127.512572700000078, 0.880694700000049 ], [ 127.514217900000062, 0.881517200000076 ], [ 127.515691100000026, 0.87945620000005 ] ] ], [ [ [ 127.523368300000016, 0.877221700000064 ], [ 127.518226400000117, 0.87822570000003 ], [ 127.517233100000112, 0.880258600000047 ], [ 127.522141, 0.883264100000019 ], [ 127.524443600000041, 0.880494800000065 ], [ 127.523368300000016, 0.877221700000064 ] ] ], [ [ [ 127.50835880000011, 0.881445100000064 ], [ 127.507802300000094, 0.879899400000056 ], [ 127.507189900000071, 0.880839 ], [ 127.50835880000011, 0.881445100000064 ] ] ], [ [ [ 127.5126136, 0.881286900000021 ], [ 127.51374450000003, 0.882643600000051 ], [ 127.513220100000012, 0.881163600000036 ], [ 127.5126136, 0.881286900000021 ] ] ], [ [ [ 127.51138, 0.881441100000075 ], [ 127.50920050000002, 0.883568700000069 ], [ 127.511945400000059, 0.882962300000031 ], [ 127.51138, 0.881441100000075 ] ] ], [ [ [ 127.523927900000103, 0.882839900000022 ], [ 127.523469, 0.884503700000039 ], [ 127.525034000000119, 0.883811 ], [ 127.523927900000103, 0.882839900000022 ] ] ], [ [ [ 127.518140500000072, 0.883376200000043 ], [ 127.518805, 0.884382300000027 ], [ 127.520013800000015, 0.883502700000065 ], [ 127.518140500000072, 0.883376200000043 ] ] ], [ [ [ 127.509566100000029, 0.885621900000046 ], [ 127.509037300000045, 0.88519320000006 ], [ 127.508995600000048, 0.885634500000037 ], [ 127.509566100000029, 0.885621900000046 ] ] ], [ [ [ 127.514853300000027, 0.88650210000003 ], [ 127.5151002, 0.884774600000071 ], [ 127.5140685, 0.885768100000064 ], [ 127.514853300000027, 0.88650210000003 ] ] ], [ [ [ 127.52007720000006, 0.885344100000054 ], [ 127.519273400000088, 0.886071800000025 ], [ 127.52008340000009, 0.886122500000056 ], [ 127.52007720000006, 0.885344100000054 ] ] ], [ [ [ 127.516360700000064, 1.553906900000072 ], [ 127.516032100000075, 1.551952500000027 ], [ 127.514942400000109, 1.552211900000032 ], [ 127.516360700000064, 1.553906900000072 ] ] ], [ [ [ 127.492398200000025, 1.661890400000061 ], [ 127.489198500000043, 1.661198600000034 ], [ 127.492259900000022, 1.663204900000039 ], [ 127.492398200000025, 1.661890400000061 ] ] ], [ [ [ 127.48931, 1.671944500000052 ], [ 127.494106700000088, 1.671206600000062 ], [ 127.492284900000072, 1.668600600000048 ], [ 127.487880200000063, 1.668416200000024 ], [ 127.487764800000036, 1.656493500000067 ], [ 127.485435700000039, 1.653449400000056 ], [ 127.482506900000089, 1.65594 ], [ 127.482599100000016, 1.65960670000004 ], [ 127.479462800000078, 1.66094430000004 ], [ 127.482506900000089, 1.666640400000063 ], [ 127.4810079, 1.671598600000038 ], [ 127.485527900000079, 1.674527400000045 ], [ 127.487880200000063, 1.672682500000064 ], [ 127.488641200000075, 1.676210900000058 ], [ 127.48931, 1.671944500000052 ] ] ], [ [ [ 127.523344100000031, 1.722135900000069 ], [ 127.527332300000012, 1.717040900000029 ], [ 127.529740200000106, 1.718923400000051 ], [ 127.534074500000088, 1.714888300000041 ], [ 127.531707900000015, 1.710709700000052 ], [ 127.536835100000076, 1.701476900000046 ], [ 127.535609200000067, 1.69399530000004 ], [ 127.533021300000087, 1.692779200000075 ], [ 127.535443800000053, 1.692030100000068 ], [ 127.535015700000031, 1.688868200000059 ], [ 127.52781630000004, 1.683741 ], [ 127.522169600000097, 1.687536100000045 ], [ 127.51950260000001, 1.680776600000058 ], [ 127.505955900000117, 1.676866600000039 ], [ 127.50401880000004, 1.670248 ], [ 127.500421200000119, 1.672069800000031 ], [ 127.495186300000114, 1.667480600000033 ], [ 127.495578300000034, 1.67246190000003 ], [ 127.500605700000051, 1.67389170000007 ], [ 127.503972600000111, 1.67974920000006 ], [ 127.511545200000114, 1.685548800000049 ], [ 127.511987700000077, 1.695642500000019 ], [ 127.515295, 1.696069700000066 ], [ 127.521176400000058, 1.708622 ], [ 127.520742400000017, 1.71300320000006 ], [ 127.523316600000044, 1.712814700000024 ], [ 127.525178600000118, 1.716024800000071 ], [ 127.523344100000031, 1.722135900000069 ] ] ], [ [ [ 127.53189210000005, 0.864516200000025 ], [ 127.532296, 0.864176100000066 ], [ 127.53202680000004, 0.864176100000066 ], [ 127.53189210000005, 0.864516200000025 ] ] ], [ [ [ 127.54857840000011, 0.873629900000026 ], [ 127.551677900000072, 0.869960400000025 ], [ 127.549361500000032, 0.869039500000042 ], [ 127.554454700000065, 0.866492400000027 ], [ 127.5538295, 0.865071400000033 ], [ 127.546967500000051, 0.866190800000027 ], [ 127.54484570000011, 0.873932100000047 ], [ 127.54857840000011, 0.873629900000026 ] ] ], [ [ [ 127.557749400000034, 0.873567300000047 ], [ 127.558003, 0.87202080000003 ], [ 127.558564100000012, 0.871219200000041 ], [ 127.555918800000086, 0.871459700000059 ], [ 127.557749400000034, 0.873567300000047 ] ] ], [ [ [ 127.531504600000062, 0.874516300000039 ], [ 127.532663600000092, 0.875368900000069 ], [ 127.531940100000043, 0.87414270000005 ], [ 127.531504600000062, 0.874516300000039 ] ] ], [ [ [ 127.534914900000103, 0.87888410000005 ], [ 127.534407100000067, 0.880739500000061 ], [ 127.53576170000008, 0.879651100000046 ], [ 127.534914900000103, 0.87888410000005 ] ] ], [ [ [ 127.540398400000072, 0.880130200000053 ], [ 127.540469, 0.881467600000065 ], [ 127.541217200000119, 0.880986700000051 ], [ 127.540398400000072, 0.880130200000053 ] ] ], [ [ [ 127.539118800000097, 0.882553900000062 ], [ 127.537661300000082, 0.88023510000005 ], [ 127.536527600000113, 0.881271100000049 ], [ 127.539118800000097, 0.882553900000062 ] ] ], [ [ [ 127.556931, 1.643939200000034 ], [ 127.557096400000091, 1.645456900000056 ], [ 127.557699600000092, 1.644221300000027 ], [ 127.556931, 1.643939200000034 ] ] ], [ [ [ 127.538818900000024, 1.659563 ], [ 127.5400227, 1.660140200000058 ], [ 127.538934400000016, 1.658458200000041 ], [ 127.538818900000024, 1.659563 ] ] ], [ [ [ 127.541602, 1.684880600000042 ], [ 127.5435089, 1.679315600000052 ], [ 127.548927900000081, 1.67982150000006 ], [ 127.54416070000002, 1.676825 ], [ 127.547021, 1.676221800000064 ], [ 127.545950800000014, 1.674480300000027 ], [ 127.548071800000116, 1.672709700000041 ], [ 127.5455617, 1.669868800000074 ], [ 127.543625600000041, 1.670909800000061 ], [ 127.541874400000097, 1.668866700000024 ], [ 127.535511600000063, 1.675122400000021 ], [ 127.529148900000109, 1.672952900000041 ], [ 127.529343500000095, 1.677408800000023 ], [ 127.532271900000069, 1.675433800000064 ], [ 127.534451200000035, 1.679130800000053 ], [ 127.538333, 1.678333 ], [ 127.539782700000046, 1.683859100000063 ], [ 127.541602, 1.684880600000042 ] ] ], [ [ [ 127.548255700000027, 1.709052100000065 ], [ 127.546632400000021, 1.705703600000049 ], [ 127.545111200000065, 1.708022500000027 ], [ 127.548255700000027, 1.709052100000065 ] ] ], [ [ [ 127.535380900000064, 1.71171430000004 ], [ 127.533924600000091, 1.710944400000074 ], [ 127.534648100000027, 1.712178100000074 ], [ 127.535380900000064, 1.71171430000004 ] ] ], [ [ [ 127.598575300000107, 0.859578700000043 ], [ 127.599730200000067, 0.862426400000061 ], [ 127.600867200000039, 0.862187100000028 ], [ 127.600687600000015, 0.859082100000023 ], [ 127.598575300000107, 0.859578700000043 ] ] ], [ [ [ 127.561701200000016, 0.869867 ], [ 127.558088500000054, 0.868908800000042 ], [ 127.561049, 0.871539900000073 ], [ 127.561701200000016, 0.869867 ] ] ], [ [ [ 127.576444400000014, 1.692673300000024 ], [ 127.576833400000055, 1.69363050000004 ], [ 127.577222500000062, 1.693624400000033 ], [ 127.576444400000014, 1.692673300000024 ] ] ], [ [ [ 127.575149, 1.694071700000052 ], [ 127.575570500000026, 1.694150400000069 ], [ 127.575237, 1.693886400000054 ], [ 127.575149, 1.694071700000052 ] ] ], [ [ [ 127.603897800000027, 1.803807800000072 ], [ 127.602784700000029, 1.805050700000038 ], [ 127.604408, 1.806636900000058 ], [ 127.604695500000048, 1.805876300000023 ], [ 127.603897800000027, 1.803807800000072 ] ] ] ] } },
{ "type": "Feature", "properties": { "kab_kota": "Halmahera Selatan", "provinsi": "Maluku Utara", "regency_code": "id8204" }, "geometry": { "type": "MultiPolygon", "coordinates": [ [ [ [ 127.191235600000027, -0.776310799999976 ], [ 127.191651700000079, -0.775926899999945 ], [ 127.191651500000035, -0.776345399999968 ], [ 127.191235600000027, -0.776310799999976 ] ] ], [ [ [ 127.164861, -0.751542 ], [ 127.169064700000035, -0.758108299999947 ], [ 127.173638, -0.759073599999965 ], [ 127.180300000000102, -0.768127799999945 ], [ 127.191158, -0.775705199999948 ], [ 127.177405800000088, -0.770120599999927 ], [ 127.173625300000026, -0.762703099999953 ], [ 127.162598900000035, -0.758912099999975 ], [ 127.159808500000054, -0.752525699999978 ], [ 127.161344900000017, -0.750644399999942 ], [ 127.164861, -0.751542 ] ] ], [ [ [ 127.202475200000094, -0.777172199999939 ], [ 127.180969600000026, -0.76732949999996 ], [ 127.170043300000088, -0.751270799999929 ], [ 127.166929300000106, -0.752250499999946 ], [ 127.164352400000098, -0.747859099999971 ], [ 127.168789800000013, -0.736125499999957 ], [ 127.171903300000054, -0.73622249999994 ], [ 127.1690403, -0.734032199999945 ], [ 127.169912200000113, -0.723014899999953 ], [ 127.167359300000044, -0.717881899999952 ], [ 127.175108200000068, -0.715923099999941 ], [ 127.175085900000113, -0.711999299999945 ], [ 127.169690400000036, -0.713025899999934 ], [ 127.167532900000083, -0.708388199999945 ], [ 127.173566500000106, -0.707811699999979 ], [ 127.178418400000055, -0.698889399999928 ], [ 127.191023300000097, -0.692510899999945 ], [ 127.193582700000093, -0.680584899999928 ], [ 127.186833300000103, -0.67941 ], [ 127.187808200000063, -0.678070499999933 ], [ 127.196554800000058, -0.677451799999972 ], [ 127.19515350000006, -0.674986899999965 ], [ 127.200347400000055, -0.672871399999963 ], [ 127.206549500000051, -0.676079799999968 ], [ 127.212718700000096, -0.67193089999995 ], [ 127.212624500000061, -0.669442599999968 ], [ 127.206981300000052, -0.665169699999979 ], [ 127.209077400000069, -0.652274399999953 ], [ 127.216090100000088, -0.64844869999996 ], [ 127.216878400000041, -0.637155899999925 ], [ 127.210248500000034, -0.63366039999994 ], [ 127.203272900000115, -0.633406799999932 ], [ 127.192654800000014, -0.616511499999945 ], [ 127.196280000000115, -0.61418 ], [ 127.20689040000002, -0.618980699999952 ], [ 127.220872, -0.603347399999961 ], [ 127.236100100000044, -0.605279899999971 ], [ 127.244291100000055, -0.602564 ], [ 127.245264100000099, -0.605483499999934 ], [ 127.249924300000089, -0.603045 ], [ 127.258301700000061, -0.60571049999993 ], [ 127.259473700000058, -0.609499099999937 ], [ 127.270405900000014, -0.617881199999943 ], [ 127.271301200000039, -0.62177 ], [ 127.265521900000067, -0.627584099999979 ], [ 127.254708100000016, -0.629285099999947 ], [ 127.249396400000023, -0.626787599999943 ], [ 127.246341, -0.629014899999959 ], [ 127.247290600000042, -0.635722499999929 ], [ 127.250698200000102, -0.639222099999927 ], [ 127.250464, -0.644603399999937 ], [ 127.252500600000076, -0.644203 ], [ 127.253052500000081, -0.64850389999998 ], [ 127.261186900000098, -0.649721199999931 ], [ 127.264328400000068, -0.654892 ], [ 127.26422690000004, -0.662273 ], [ 127.269536, -0.664531899999929 ], [ 127.273993200000064, -0.662658299999975 ], [ 127.28902990000006, -0.669240499999944 ], [ 127.289370900000108, -0.674186199999951 ], [ 127.303890300000035, -0.683312299999955 ], [ 127.303382, -0.688999599999931 ], [ 127.294783200000097, -0.68694359999995 ], [ 127.291554900000051, -0.688583799999947 ], [ 127.293146100000058, -0.692221299999972 ], [ 127.29973, -0.692223699999943 ], [ 127.300620600000116, -0.694150099999945 ], [ 127.297420100000068, -0.704210299999943 ], [ 127.289647500000115, -0.704997 ], [ 127.291177200000106, -0.710667599999965 ], [ 127.294869900000094, -0.710219799999948 ], [ 127.295627400000058, -0.712337699999978 ], [ 127.290647400000012, -0.713448399999947 ], [ 127.292690400000083, -0.716440099999943 ], [ 127.295709300000112, -0.715819099999976 ], [ 127.29423, -0.730940399999952 ], [ 127.303936200000066, -0.747256099999959 ], [ 127.31212650000009, -0.753627799999947 ], [ 127.326934700000038, -0.77216059999995 ], [ 127.327883500000098, -0.777233599999931 ], [ 127.334511500000076, -0.786520099999962 ], [ 127.311974, -0.796512599999971 ], [ 127.296477700000082, -0.799298399999941 ], [ 127.283667200000082, -0.790858799999967 ], [ 127.277175700000043, -0.7799 ], [ 127.266381200000069, -0.776766 ], [ 127.245864, -0.76556469999997 ], [ 127.231213600000046, -0.770413299999973 ], [ 127.225647600000116, -0.780555599999957 ], [ 127.200168900000108, -0.778941699999962 ], [ 127.202475200000094, -0.777172199999939 ] ] ], [ [ [ 127.168866800000046, -0.705470499999933 ], [ 127.164861100000053, -0.707049099999949 ], [ 127.162807900000075, -0.705143199999952 ], [ 127.168603600000097, -0.703225599999939 ], [ 127.168866800000046, -0.705470499999933 ] ] ], [ [ [ 127.173841500000094, -0.688735699999938 ], [ 127.176363200000083, -0.687663899999961 ], [ 127.177792100000033, -0.689522199999942 ], [ 127.174867500000119, -0.690567699999974 ], [ 127.173841500000094, -0.688735699999938 ] ] ], [ [ [ 127.146527100000071, -0.634491399999945 ], [ 127.144836700000042, -0.631170199999929 ], [ 127.144869800000038, -0.630871199999945 ], [ 127.146527100000071, -0.634491399999945 ] ] ], [ [ [ 127.146358900000109, -0.628191899999933 ], [ 127.144762600000035, -0.629745299999968 ], [ 127.144437500000095, -0.629767499999957 ], [ 127.145294900000067, -0.62849639999996 ], [ 127.146358900000109, -0.628191899999933 ] ] ], [ [ [ 127.140291900000079, -0.620194699999956 ], [ 127.139338300000077, -0.617208699999935 ], [ 127.13945590000003, -0.616920499999935 ], [ 127.140291900000079, -0.620194699999956 ] ] ], [ [ [ 127.190899700000045, -0.617634899999928 ], [ 127.191340500000024, -0.616633 ], [ 127.1913465, -0.617635099999973 ], [ 127.190899700000045, -0.617634899999928 ] ] ], [ [ [ 127.14037970000004, -0.612306299999943 ], [ 127.140622700000108, -0.611664099999928 ], [ 127.140646600000082, -0.612284199999976 ], [ 127.14037970000004, -0.612306299999943 ] ] ], [ [ [ 127.170652300000029, -0.585257599999977 ], [ 127.168941600000039, -0.589647299999967 ], [ 127.1672334000001, -0.586462599999948 ], [ 127.167791200000011, -0.590515299999936 ], [ 127.166802300000086, -0.585690599999964 ], [ 127.170652300000029, -0.585257599999977 ] ] ], [ [ [ 127.143207600000096, -0.58362569999997 ], [ 127.144796400000018, -0.580666699999938 ], [ 127.144457200000033, -0.584773699999971 ], [ 127.143207600000096, -0.58362569999997 ] ] ], [ [ [ 127.145987900000023, -0.582138399999963 ], [ 127.146375600000056, -0.581866499999933 ], [ 127.146181700000056, -0.582313 ], [ 127.145987900000023, -0.582138399999963 ] ] ], [ [ [ 127.149421700000062, -0.528485099999955 ], [ 127.149814700000093, -0.528988899999945 ], [ 127.14953770000011, -0.528988799999979 ], [ 127.149421700000062, -0.528485099999955 ] ] ], [ [ [ 127.149180900000033, -0.52721669999994 ], [ 127.14893050000012, -0.527765299999942 ], [ 127.148558800000046, -0.527171399999929 ], [ 127.149180900000033, -0.52721669999994 ] ] ], [ [ [ 127.148099900000034, -0.526631699999939 ], [ 127.147867500000075, -0.526955499999929 ], [ 127.147769500000095, -0.526581499999963 ], [ 127.148099900000034, -0.526631699999939 ] ] ], [ [ [ 127.208202700000015, -0.514718499999958 ], [ 127.192822500000034, -0.521828 ], [ 127.18873080000003, -0.521811799999966 ], [ 127.186807200000089, -0.518276499999956 ], [ 127.18547430000001, -0.522798 ], [ 127.17111060000002, -0.525591799999972 ], [ 127.171289900000033, -0.527650199999925 ], [ 127.173846100000105, -0.527129599999967 ], [ 127.17124780000006, -0.530872899999963 ], [ 127.163807900000052, -0.530982499999936 ], [ 127.160312100000056, -0.526845299999934 ], [ 127.151754900000014, -0.524191599999938 ], [ 127.148445500000093, -0.526584699999944 ], [ 127.138294500000029, -0.522920799999952 ], [ 127.13379980000002, -0.514624 ], [ 127.12787440000011, -0.518643299999951 ], [ 127.122857700000054, -0.509629699999948 ], [ 127.128287200000045, -0.505237699999952 ], [ 127.136625600000116, -0.503649699999926 ], [ 127.136663500000054, -0.499354199999971 ], [ 127.131589, -0.500031599999943 ], [ 127.128095, -0.497333599999934 ], [ 127.118969300000117, -0.499584099999936 ], [ 127.120622800000092, -0.492646599999944 ], [ 127.118669700000055, -0.488349299999925 ], [ 127.111313100000075, -0.487022 ], [ 127.119985800000109, -0.480436699999927 ], [ 127.120223600000031, -0.479598899999928 ], [ 127.119099600000027, -0.477963599999953 ], [ 127.119562400000063, -0.477197899999965 ], [ 127.118176300000073, -0.47590619999994 ], [ 127.120918300000085, -0.473166299999946 ], [ 127.146679500000118, -0.476733399999944 ], [ 127.154812600000014, -0.473599499999978 ], [ 127.152425200000039, -0.468141599999967 ], [ 127.147971200000029, -0.467817599999933 ], [ 127.150411800000029, -0.461788599999977 ], [ 127.123549800000092, -0.444350499999928 ], [ 127.122476700000107, -0.441582399999959 ], [ 127.126027200000067, -0.437073199999929 ], [ 127.121148500000118, -0.433363899999961 ], [ 127.123695000000112, -0.430933299999936 ], [ 127.122681300000067, -0.427951899999925 ], [ 127.106181100000072, -0.423923199999933 ], [ 127.103309100000047, -0.425523699999928 ], [ 127.103429100000085, -0.415015099999948 ], [ 127.115773200000035, -0.41948089999994 ], [ 127.113904200000093, -0.415156599999932 ], [ 127.1201512, -0.413472899999931 ], [ 127.12246760000005, -0.409559699999932 ], [ 127.116732, -0.407321099999933 ], [ 127.11959330000002, -0.403100399999971 ], [ 127.115349600000059, -0.399878599999965 ], [ 127.116429400000015, -0.394809599999974 ], [ 127.120879200000104, -0.392582799999957 ], [ 127.117596300000059, -0.389382699999942 ], [ 127.113191800000095, -0.390526299999976 ], [ 127.109267700000032, -0.388312199999973 ], [ 127.115791700000045, -0.387427199999934 ], [ 127.120175800000084, -0.378100699999948 ], [ 127.118902400000024, -0.373706499999969 ], [ 127.121696800000109, -0.370383799999956 ], [ 127.128652800000054, -0.370268399999929 ], [ 127.135457100000053, -0.36086 ], [ 127.133269800000107, -0.357935299999951 ], [ 127.135883700000022, -0.34164439999995 ], [ 127.129285700000082, -0.336840299999949 ], [ 127.133416700000112, -0.323357699999974 ], [ 127.13927620000004, -0.322912 ], [ 127.136720100000048, -0.315008299999931 ], [ 127.139860400000089, -0.313414199999954 ], [ 127.135906200000022, -0.307594799999947 ], [ 127.130001300000117, -0.3057 ], [ 127.123485900000105, -0.307775599999957 ], [ 127.115035600000056, -0.303123 ], [ 127.113320400000021, -0.299536799999942 ], [ 127.119502400000101, -0.299153199999978 ], [ 127.121775200000116, -0.292986699999972 ], [ 127.116831700000034, -0.287783699999977 ], [ 127.112227, -0.288621299999932 ], [ 127.11060150000003, -0.292423699999972 ], [ 127.108534800000029, -0.287364499999967 ], [ 127.110430300000075, -0.280725599999926 ], [ 127.112532700000088, -0.286749 ], [ 127.11355930000002, -0.284388899999954 ], [ 127.118482200000017, -0.285982599999954 ], [ 127.120984800000087, -0.283085299999925 ], [ 127.123400300000071, -0.284164899999951 ], [ 127.122528500000044, -0.28017049999994 ], [ 127.131756700000096, -0.274925199999927 ], [ 127.137797700000078, -0.274270199999933 ], [ 127.150476800000092, -0.25660849999997 ], [ 127.150991200000021, -0.262410899999963 ], [ 127.155188, -0.264532299999928 ], [ 127.162473700000078, -0.260028499999976 ], [ 127.1614833000001, -0.257303299999933 ], [ 127.163782100000049, -0.256218399999966 ], [ 127.166097900000068, -0.260512899999981 ], [ 127.175173900000118, -0.264320699999928 ], [ 127.1823415, -0.262346299999933 ], [ 127.183777300000088, -0.257815799999946 ], [ 127.189241300000049, -0.255208499999981 ], [ 127.193539400000077, -0.257467599999927 ], [ 127.195129900000097, -0.252083499999969 ], [ 127.199519, -0.257249099999967 ], [ 127.206150200000025, -0.254766199999949 ], [ 127.209388800000056, -0.258129199999928 ], [ 127.219447500000115, -0.258295099999941 ], [ 127.239896600000066, -0.245269299999961 ], [ 127.245943400000101, -0.247640399999966 ], [ 127.240912300000105, -0.252780399999949 ], [ 127.24039950000008, -0.254881499999954 ], [ 127.246068900000068, -0.256603799999937 ], [ 127.249889800000119, -0.255363699999975 ], [ 127.248076300000093, -0.256683 ], [ 127.250018, -0.257066599999973 ], [ 127.251691200000096, -0.264032 ], [ 127.259206900000095, -0.269901299999958 ], [ 127.257525800000053, -0.274365199999977 ], [ 127.262795400000073, -0.275748599999929 ], [ 127.26202150000006, -0.280240799999945 ], [ 127.2648468000001, -0.27634919999997 ], [ 127.266133, -0.278907 ], [ 127.271679400000039, -0.278324599999962 ], [ 127.268377300000111, -0.279599599999926 ], [ 127.269085500000074, -0.281695699999943 ], [ 127.270906700000069, -0.279839299999935 ], [ 127.275062700000035, -0.282637699999952 ], [ 127.275892200000044, -0.280113 ], [ 127.281208600000014, -0.281184899999971 ], [ 127.289500400000065, -0.276216399999953 ], [ 127.29278690000001, -0.270507299999963 ], [ 127.300388700000099, -0.26857 ], [ 127.305279200000086, -0.270309 ], [ 127.305929400000082, -0.279931099999942 ], [ 127.302896500000088, -0.281421199999954 ], [ 127.303048800000056, -0.287483899999927 ], [ 127.301582900000085, -0.285296499999959 ], [ 127.298585700000103, -0.289130499999942 ], [ 127.289167600000042, -0.292529099999967 ], [ 127.284625100000085, -0.291323899999952 ], [ 127.285482000000115, -0.293573299999935 ], [ 127.281477900000027, -0.296037399999932 ], [ 127.279702600000064, -0.292699199999959 ], [ 127.282822500000066, -0.291010599999936 ], [ 127.269759500000077, -0.288881499999945 ], [ 127.264881, -0.288967699999944 ], [ 127.268187500000067, -0.292131199999972 ], [ 127.267612100000065, -0.29462929999994 ], [ 127.264244600000097, -0.290342099999975 ], [ 127.258405700000026, -0.291106699999943 ], [ 127.255181200000038, -0.294772 ], [ 127.26167410000005, -0.302192599999955 ], [ 127.252510900000061, -0.312274599999967 ], [ 127.25391030000003, -0.318718099999955 ], [ 127.250539200000048, -0.32078219999994 ], [ 127.254210300000068, -0.325589799999932 ], [ 127.25373310000009, -0.33761949999996 ], [ 127.260197, -0.337277299999926 ], [ 127.263602300000116, -0.333610799999974 ], [ 127.267947900000081, -0.33609569999993 ], [ 127.27028150000001, -0.341318199999932 ], [ 127.265512400000034, -0.346348599999942 ], [ 127.266146100000014, -0.350225399999943 ], [ 127.272801500000014, -0.354964199999927 ], [ 127.276196900000059, -0.359192399999927 ], [ 127.274713800000086, -0.361926599999947 ], [ 127.279389400000014, -0.363538699999935 ], [ 127.288148300000103, -0.37449289999995 ], [ 127.283964300000093, -0.382972399999971 ], [ 127.28408950000005, -0.388153799999941 ], [ 127.287478300000089, -0.391165499999943 ], [ 127.286915900000054, -0.399586899999974 ], [ 127.282962700000098, -0.39972279999995 ], [ 127.280075700000111, -0.395509599999968 ], [ 127.279354, -0.399040799999966 ], [ 127.27359, -0.399203899999975 ], [ 127.263345300000083, -0.406276699999978 ], [ 127.26254890000007, -0.412577299999953 ], [ 127.267177, -0.417980899999975 ], [ 127.267411400000015, -0.431380199999978 ], [ 127.276116600000023, -0.444036199999971 ], [ 127.270006800000033, -0.450276199999962 ], [ 127.27882980000004, -0.451286499999981 ], [ 127.275735300000065, -0.455219299999953 ], [ 127.277045700000031, -0.457344099999943 ], [ 127.267065700000103, -0.461556799999926 ], [ 127.265739600000074, -0.466917099999932 ], [ 127.263197000000105, -0.466688899999951 ], [ 127.256894000000102, -0.473330099999941 ], [ 127.258642800000075, -0.475807 ], [ 127.261032800000066, -0.474891899999932 ], [ 127.258860900000059, -0.483303899999953 ], [ 127.264790500000117, -0.487554299999942 ], [ 127.265083100000084, -0.49064919999995 ], [ 127.247956400000021, -0.495949399999972 ], [ 127.235846400000014, -0.492229899999927 ], [ 127.227725400000054, -0.493391899999949 ], [ 127.225895200000082, -0.496639699999946 ], [ 127.231793200000084, -0.506882 ], [ 127.231241700000055, -0.508710399999927 ], [ 127.227662100000089, -0.508263099999965 ], [ 127.228816100000017, -0.512137099999961 ], [ 127.222269800000049, -0.511885899999925 ], [ 127.216966700000057, -0.518111599999941 ], [ 127.208202700000015, -0.514718499999958 ] ] ], [ [ [ 127.127979500000038, -0.499842699999931 ], [ 127.128431500000033, -0.499094899999932 ], [ 127.1283108, -0.499903499999959 ], [ 127.127979500000038, -0.499842699999931 ] ] ], [ [ [ 127.128251, -0.498538899999971 ], [ 127.127674800000023, -0.498252099999945 ], [ 127.128180800000109, -0.49824579999995 ], [ 127.128251, -0.498538899999971 ] ] ], [ [ [ 127.128271300000051, -0.497609 ], [ 127.127869600000054, -0.497891899999956 ], [ 127.127869600000054, -0.49776049999997 ], [ 127.128271300000051, -0.497609 ] ] ], [ [ [ 127.109794400000055, -0.490193799999929 ], [ 127.111236, -0.490437899999961 ], [ 127.110257200000092, -0.491136799999936 ], [ 127.109794400000055, -0.490193799999929 ] ] ], [ [ [ 127.119855500000085, -0.479794899999945 ], [ 127.119676, -0.480447799999979 ], [ 127.1195394, -0.479788699999972 ], [ 127.119855500000085, -0.479794899999945 ] ] ], [ [ [ 127.115813200000048, -0.476695899999925 ], [ 127.116227300000105, -0.476348799999926 ], [ 127.116185800000039, -0.476723799999945 ], [ 127.115813200000048, -0.476695899999925 ] ] ], [ [ [ 127.122862, -0.43995069999994 ], [ 127.123333600000024, -0.440064699999937 ], [ 127.122843100000068, -0.44031149999995 ], [ 127.122862, -0.43995069999994 ] ] ], [ [ [ 127.119419100000073, -0.433263 ], [ 127.118656800000053, -0.435677099999964 ], [ 127.116431600000055, -0.433530899999937 ], [ 127.119419100000073, -0.433263 ] ] ], [ [ [ 127.109887700000058, -0.428630099999964 ], [ 127.109566800000039, -0.429294699999957 ], [ 127.109114300000101, -0.428603099999975 ], [ 127.109887700000058, -0.428630099999964 ] ] ], [ [ [ 127.113141300000052, -0.413427099999979 ], [ 127.113165500000036, -0.414088699999979 ], [ 127.112897800000042, -0.414084499999944 ], [ 127.113141300000052, -0.413427099999979 ] ] ], [ [ [ 127.115737600000102, -0.391221399999949 ], [ 127.116513300000065, -0.391342799999961 ], [ 127.116485800000078, -0.391633099999979 ], [ 127.115737600000102, -0.391221399999949 ] ] ], [ [ [ 127.116981600000031, -0.390730499999961 ], [ 127.11727570000005, -0.391154399999948 ], [ 127.116981500000065, -0.391154399999948 ], [ 127.116981600000031, -0.390730499999961 ] ] ], [ [ [ 127.109077900000102, -0.388688699999932 ], [ 127.108502600000065, -0.389388699999927 ], [ 127.108418900000061, -0.38870449999996 ], [ 127.109077900000102, -0.388688699999932 ] ] ], [ [ [ 127.11635160000003, -0.380615099999943 ], [ 127.116365100000053, -0.381539199999963 ], [ 127.116052600000103, -0.381519 ], [ 127.11635160000003, -0.380615099999943 ] ] ], [ [ [ 127.114173100000016, -0.381387 ], [ 127.113433800000053, -0.379318099999978 ], [ 127.115487700000017, -0.379403399999944 ], [ 127.114173100000016, -0.381387 ] ] ], [ [ [ 127.1299596, -0.332170699999949 ], [ 127.129926800000021, -0.331542399999933 ], [ 127.130260900000053, -0.331669199999965 ], [ 127.1299596, -0.332170699999949 ] ] ], [ [ [ 127.122902400000044, -0.331779599999948 ], [ 127.123105100000089, -0.331423899999947 ], [ 127.12310930000001, -0.331788299999971 ], [ 127.122902400000044, -0.331779599999948 ] ] ], [ [ [ 127.131404300000099, -0.325970299999938 ], [ 127.127384500000062, -0.331087299999979 ], [ 127.120463300000097, -0.330688399999929 ], [ 127.131404300000099, -0.325970299999938 ] ] ], [ [ [ 127.132796100000064, -0.322650899999928 ], [ 127.132899, -0.323256 ], [ 127.132607, -0.323244699999975 ], [ 127.132796100000064, -0.322650899999928 ] ] ], [ [ [ 127.131640500000117, -0.317187 ], [ 127.131840700000112, -0.316920699999969 ], [ 127.131837300000029, -0.317169899999953 ], [ 127.131640500000117, -0.317187 ] ] ], [ [ [ 127.132918800000084, -0.316968 ], [ 127.133600400000091, -0.315767599999958 ], [ 127.134097100000076, -0.316739599999948 ], [ 127.132918800000084, -0.316968 ] ] ], [ [ [ 127.135082600000032, -0.315484 ], [ 127.135690200000113, -0.316842899999926 ], [ 127.134419300000104, -0.316973599999926 ], [ 127.135082600000032, -0.315484 ] ] ], [ [ [ 127.127525200000036, -0.311612399999945 ], [ 127.119938500000103, -0.317912899999953 ], [ 127.11621260000004, -0.319145599999956 ], [ 127.117187, -0.315004399999964 ], [ 127.127525200000036, -0.311612399999945 ] ] ], [ [ [ 127.109582300000056, -0.308401699999933 ], [ 127.109559300000114, -0.307819099999961 ], [ 127.109744500000033, -0.307900699999948 ], [ 127.109582300000056, -0.308401699999933 ] ] ], [ [ [ 127.068195, -0.304118899999935 ], [ 127.070046200000093, -0.309479799999963 ], [ 127.065317, -0.307614399999977 ], [ 127.068195, -0.304118899999935 ] ] ], [ [ [ 127.112032800000065, -0.303711 ], [ 127.109827400000086, -0.3034 ], [ 127.110421200000019, -0.301950399999953 ], [ 127.112032800000065, -0.303711 ] ] ], [ [ [ 127.063566200000082, -0.27679889999996 ], [ 127.061308300000064, -0.280446799999936 ], [ 127.061752200000114, -0.289170099999978 ], [ 127.065943200000106, -0.287581 ], [ 127.064759300000105, -0.284747799999934 ], [ 127.068242600000076, -0.278369 ], [ 127.067147800000043, -0.287316299999929 ], [ 127.069252700000106, -0.291128 ], [ 127.067814800000065, -0.29422569999997 ], [ 127.061417300000016, -0.29383729999995 ], [ 127.056902, -0.297851699999967 ], [ 127.056966100000068, -0.277694599999961 ], [ 127.059516900000062, -0.278204599999924 ], [ 127.060084300000085, -0.274923299999955 ], [ 127.063566200000082, -0.27679889999996 ] ] ], [ [ [ 127.11821, -0.284564599999953 ], [ 127.11783580000008, -0.285239299999944 ], [ 127.117789200000061, -0.284500099999946 ], [ 127.11821, -0.284564599999953 ] ] ], [ [ [ 127.133404300000052, -0.274001699999928 ], [ 127.133937700000047, -0.273514599999942 ], [ 127.133927800000038, -0.274151 ], [ 127.133404300000052, -0.274001699999928 ] ] ], [ [ [ 127.0916797000001, -0.258378499999935 ], [ 127.063809700000093, -0.273273 ], [ 127.055813, -0.272313799999949 ], [ 127.056328500000063, -0.27708309999997 ], [ 127.0517526000001, -0.280567499999961 ], [ 127.047379500000034, -0.281626599999925 ], [ 127.043776200000025, -0.279567499999928 ], [ 127.044706900000051, -0.283236199999976 ], [ 127.037732000000119, -0.286496 ], [ 127.039614200000074, -0.289879599999949 ], [ 127.036698400000091, -0.292956599999968 ], [ 127.034007300000098, -0.284457299999929 ], [ 127.026091800000017, -0.283294199999943 ], [ 127.032378900000026, -0.276365699999928 ], [ 127.032167400000048, -0.269966099999976 ], [ 127.024889900000062, -0.266968899999938 ], [ 127.020942900000023, -0.262566 ], [ 127.031177700000057, -0.255434299999934 ], [ 127.032988800000112, -0.260142599999938 ], [ 127.038981, -0.262222399999928 ], [ 127.038786800000025, -0.27371729999993 ], [ 127.043129200000067, -0.274798199999964 ], [ 127.047259900000086, -0.269887 ], [ 127.043181400000094, -0.264729899999963 ], [ 127.042909100000088, -0.258350599999972 ], [ 127.039326, -0.256862199999944 ], [ 127.044074400000113, -0.24987219999997 ], [ 127.043205200000102, -0.241067499999929 ], [ 127.050827200000072, -0.242209899999978 ], [ 127.056162200000017, -0.238949699999978 ], [ 127.055849600000101, -0.230246899999941 ], [ 127.058967300000063, -0.23079759999996 ], [ 127.06105290000005, -0.228311299999973 ], [ 127.073260100000084, -0.232756199999926 ], [ 127.077884600000061, -0.243803599999978 ], [ 127.081184200000052, -0.245862599999953 ], [ 127.084646, -0.24710639999995 ], [ 127.082035, -0.242683199999931 ], [ 127.086793300000068, -0.237833 ], [ 127.090750200000116, -0.245721299999957 ], [ 127.0916797000001, -0.258378499999935 ] ] ], [ [ [ 127.020996100000048, -0.25966509999995 ], [ 127.018872300000112, -0.260220899999979 ], [ 127.019925600000079, -0.258758199999932 ], [ 127.020996100000048, -0.25966509999995 ] ] ], [ [ [ 127.109365100000105, -0.251797799999963 ], [ 127.094899, -0.255973899999958 ], [ 127.092226900000014, -0.254424499999971 ], [ 127.091215100000113, -0.251204 ], [ 127.094850100000031, -0.244580499999927 ], [ 127.092451600000118, -0.240177699999947 ], [ 127.096318600000018, -0.239098 ], [ 127.098050400000034, -0.233411799999942 ], [ 127.097403200000031, -0.228703499999938 ], [ 127.094639800000095, -0.227521 ], [ 127.090691700000093, -0.229436299999975 ], [ 127.091622700000016, -0.231556099999978 ], [ 127.087988700000096, -0.231005399999958 ], [ 127.09146290000001, -0.214537399999926 ], [ 127.094044600000075, -0.21164349999998 ], [ 127.104521, -0.216495699999939 ], [ 127.109633500000086, -0.212970299999938 ], [ 127.113228500000105, -0.200925 ], [ 127.121834400000012, -0.187107 ], [ 127.127362100000028, -0.181217099999969 ], [ 127.127463200000079, -0.182908899999973 ], [ 127.129467300000101, -0.184417399999973 ], [ 127.128081200000111, -0.17730389999997 ], [ 127.139651600000093, -0.178324099999941 ], [ 127.138618900000097, -0.180668 ], [ 127.136452600000098, -0.179811699999959 ], [ 127.137140700000032, -0.182706099999962 ], [ 127.140805500000056, -0.17989369999998 ], [ 127.143244800000048, -0.182971699999939 ], [ 127.144561100000033, -0.180220199999951 ], [ 127.15227450000009, -0.183258 ], [ 127.135782, -0.202925099999959 ], [ 127.127622700000074, -0.20469739999993 ], [ 127.131721800000037, -0.211220099999935 ], [ 127.132327600000053, -0.224061 ], [ 127.12635350000005, -0.235718799999972 ], [ 127.121696300000053, -0.240732099999946 ], [ 127.114073500000018, -0.243013799999972 ], [ 127.109365100000105, -0.251797799999963 ] ] ], [ [ [ 127.058489800000075, -0.228292799999963 ], [ 127.058929600000056, -0.228746199999932 ], [ 127.05841630000009, -0.229041399999971 ], [ 127.058489800000075, -0.228292799999963 ] ] ], [ [ [ 127.028713, -0.197816199999977 ], [ 127.028975, -0.197278499999925 ], [ 127.028953900000033, -0.197905799999944 ], [ 127.028713, -0.197816199999977 ] ] ], [ [ [ 127.030147300000067, -0.197069299999953 ], [ 127.030839, -0.196316899999943 ], [ 127.030348200000049, -0.197248 ], [ 127.030147300000067, -0.197069299999953 ] ] ], [ [ [ 127.137996, -0.177216099999953 ], [ 127.138437300000078, -0.177701399999933 ], [ 127.138271, -0.177914399999963 ], [ 127.137996, -0.177216099999953 ] ] ], [ [ [ 127.136396600000012, -0.177518499999962 ], [ 127.13607920000004, -0.177198899999951 ], [ 127.136387600000035, -0.177183399999933 ], [ 127.136396600000012, -0.177518499999962 ] ] ], [ [ [ 127.141883800000073, -0.178173499999957 ], [ 127.140220900000031, -0.178599399999939 ], [ 127.139448800000082, -0.175977099999955 ], [ 127.141883800000073, -0.178173499999957 ] ] ], [ [ [ 127.17542160000005, -0.037623799999949 ], [ 127.176642700000116, -0.040672799999925 ], [ 127.18106350000005, -0.040254899999979 ], [ 127.181393200000116, -0.042615399999931 ], [ 127.19155360000002, -0.045590899999979 ], [ 127.174224700000082, -0.041299699999968 ], [ 127.171684700000014, -0.03866869999996 ], [ 127.171672500000113, -0.036554099999933 ], [ 127.172258700000043, -0.038496599999974 ], [ 127.17542160000005, -0.037623799999949 ] ] ], [ [ [ 127.173834100000022, -0.012308399999938 ], [ 127.191975, -0.013004799999976 ], [ 127.202688, -0.024632699999927 ], [ 127.196975300000076, -0.020427199999972 ], [ 127.193392700000118, -0.022822299999973 ], [ 127.193766200000027, -0.018978899999979 ], [ 127.191254800000024, -0.020037399999978 ], [ 127.184514200000081, -0.017161499999929 ], [ 127.182992700000113, -0.019232899999963 ], [ 127.17387210000004, -0.019493899999929 ], [ 127.1737683, -0.022574899999938 ], [ 127.164310700000101, -0.016273599999977 ], [ 127.173834100000022, -0.012308399999938 ] ] ], [ [ [ 127.166010200000073, -0.012460399999952 ], [ 127.166393800000037, -0.012578799999972 ], [ 127.166076700000076, -0.012640499999975 ], [ 127.166010200000073, -0.012460399999952 ] ] ], [ [ [ 127.118501300000048, 0.149516300000073 ], [ 127.130715800000075, 0.141416400000026 ], [ 127.135002500000041, 0.136460500000055 ], [ 127.135031400000116, 0.127728 ], [ 127.1268933, 0.130838100000062 ], [ 127.124246200000016, 0.12946020000004 ], [ 127.12656410000011, 0.127963700000066 ], [ 127.126524900000049, 0.126678800000036 ], [ 127.122745200000054, 0.129817800000069 ], [ 127.119552100000078, 0.129036100000064 ], [ 127.117435000000114, 0.132086600000036 ], [ 127.113461600000051, 0.132040300000028 ], [ 127.111113900000078, 0.142753 ], [ 127.118501300000048, 0.149516300000073 ] ] ], [ [ [ 127.17248, 0.155225300000041 ], [ 127.17308330000003, 0.154969900000026 ], [ 127.172575200000097, 0.154834200000039 ], [ 127.17248, 0.155225300000041 ] ] ], [ [ [ 127.156184900000085, 0.16189780000002 ], [ 127.158347400000025, 0.157248200000026 ], [ 127.153795400000035, 0.156979700000022 ], [ 127.147038, 0.150183700000071 ], [ 127.145128600000021, 0.150941 ], [ 127.146064400000114, 0.158511500000031 ], [ 127.156184900000085, 0.16189780000002 ] ] ], [ [ [ 127.172630400000116, 0.157039700000041 ], [ 127.171471600000018, 0.159019700000044 ], [ 127.172542900000053, 0.159690500000067 ], [ 127.172630400000116, 0.157039700000041 ] ] ], [ [ [ 127.173242800000025, 0.159330900000043 ], [ 127.173286600000097, 0.16044480000005 ], [ 127.173734300000092, 0.160598300000061 ], [ 127.173242800000025, 0.159330900000043 ] ] ], [ [ [ 127.197929700000032, -0.777171799999962 ], [ 127.197542500000054, -0.778566299999966 ], [ 127.196346, -0.77709939999994 ], [ 127.197929700000032, -0.777171799999962 ] ] ], [ [ [ 127.205069300000105, -0.636511 ], [ 127.205549400000109, -0.636449 ], [ 127.205397700000049, -0.636768299999972 ], [ 127.205069300000105, -0.636511 ] ] ], [ [ [ 127.198916900000086, -0.632739299999969 ], [ 127.19741190000002, -0.630850099999975 ], [ 127.197827800000027, -0.629446299999927 ], [ 127.198916900000086, -0.632739299999969 ] ] ], [ [ [ 127.198090800000045, -0.628377099999966 ], [ 127.1987176, -0.627668799999924 ], [ 127.198442800000066, -0.628469299999949 ], [ 127.198090800000045, -0.628377099999966 ] ] ], [ [ [ 127.195900200000096, -0.623583399999973 ], [ 127.195324800000094, -0.62448349999994 ], [ 127.1947100000001, -0.623808 ], [ 127.195900200000096, -0.623583399999973 ] ] ], [ [ [ 127.194500800000014, -0.623436199999958 ], [ 127.192926700000044, -0.621753099999978 ], [ 127.193046900000013, -0.620724199999927 ], [ 127.194500800000014, -0.623436199999958 ] ] ], [ [ [ 127.192554900000118, -0.619905899999935 ], [ 127.191600700000095, -0.617771799999957 ], [ 127.192975600000068, -0.619971299999975 ], [ 127.192554900000118, -0.619905899999935 ] ] ], [ [ [ 127.252570400000081, -0.551240499999949 ], [ 127.252443700000072, -0.549726899999939 ], [ 127.253650500000049, -0.55094239999994 ], [ 127.252570400000081, -0.551240499999949 ] ] ], [ [ [ 127.235404300000027, -0.549517199999968 ], [ 127.235004400000093, -0.549828299999945 ], [ 127.235025700000051, -0.549529799999959 ], [ 127.235404300000027, -0.549517199999968 ] ] ], [ [ [ 127.244926300000088, -0.548125699999957 ], [ 127.243317500000103, -0.546057299999973 ], [ 127.2434862, -0.548509 ], [ 127.241177700000094, -0.549126599999965 ], [ 127.250664400000119, -0.551410499999974 ], [ 127.24023370000009, -0.552653 ], [ 127.235767100000089, -0.548741299999961 ], [ 127.234178600000064, -0.549529599999971 ], [ 127.232771300000081, -0.546224799999948 ], [ 127.23171190000005, -0.548079199999961 ], [ 127.224914100000092, -0.548205099999961 ], [ 127.224057700000117, -0.54402639999995 ], [ 127.230241500000034, -0.54338869999998 ], [ 127.228432400000088, -0.538079799999934 ], [ 127.233368200000086, -0.532708899999932 ], [ 127.236120400000118, -0.535225299999979 ], [ 127.23476370000003, -0.540149499999927 ], [ 127.238586700000042, -0.53831729999996 ], [ 127.248506600000042, -0.543458 ], [ 127.244926300000088, -0.548125699999957 ] ] ], [ [ [ 127.258319400000119, -0.539331799999957 ], [ 127.259602200000018, -0.542183299999976 ], [ 127.257482800000048, -0.543536399999937 ], [ 127.25506, -0.537402899999961 ], [ 127.259707, -0.532009699999946 ], [ 127.261275, -0.534984299999962 ], [ 127.258319400000119, -0.539331799999957 ] ] ], [ [ [ 127.249314100000106, -0.538303699999972 ], [ 127.246319700000072, -0.535738899999956 ], [ 127.247216500000036, -0.534713599999975 ], [ 127.249314100000106, -0.538303699999972 ] ] ], [ [ [ 127.258849, -0.502883599999961 ], [ 127.268191000000115, -0.502004199999931 ], [ 127.268333, -0.50434249999995 ], [ 127.264644800000042, -0.505674699999929 ], [ 127.267985800000019, -0.507378099999926 ], [ 127.267065700000103, -0.519520499999942 ], [ 127.269804800000088, -0.524177299999963 ], [ 127.268296600000099, -0.525961399999971 ], [ 127.27369130000011, -0.527889399999935 ], [ 127.266960400000016, -0.532032299999969 ], [ 127.260972300000049, -0.524421 ], [ 127.265630100000067, -0.516689499999927 ], [ 127.260394400000109, -0.514165199999979 ], [ 127.255575500000077, -0.515353499999947 ], [ 127.252784800000086, -0.51297349999993 ], [ 127.257207100000073, -0.509282699999972 ], [ 127.258849, -0.502883599999961 ] ] ], [ [ [ 127.258579600000076, -0.496628299999941 ], [ 127.255744200000095, -0.498504399999945 ], [ 127.253778300000022, -0.49619 ], [ 127.257494400000041, -0.495504399999959 ], [ 127.258579600000076, -0.496628299999941 ] ] ], [ [ [ 127.262921800000072, -0.494212699999935 ], [ 127.264633200000048, -0.493236099999933 ], [ 127.266599200000087, -0.495113499999945 ], [ 127.264836900000091, -0.495524399999965 ], [ 127.262921800000072, -0.494212699999935 ] ] ], [ [ [ 127.260101100000043, -0.306098 ], [ 127.262535400000047, -0.305046699999934 ], [ 127.262892, -0.307103099999949 ], [ 127.261316900000111, -0.308248699999979 ], [ 127.260101100000043, -0.306098 ] ] ], [ [ [ 127.263842700000055, -0.305899099999976 ], [ 127.264654300000075, -0.30489 ], [ 127.265418100000034, -0.306177399999967 ], [ 127.263842700000055, -0.305899099999976 ] ] ], [ [ [ 127.260098200000016, -0.270844799999963 ], [ 127.260653200000093, -0.270544 ], [ 127.260567800000103, -0.270866399999932 ], [ 127.260098200000016, -0.270844799999963 ] ] ], [ [ [ 127.25180320000004, -0.260861899999952 ], [ 127.251917500000104, -0.259965299999976 ], [ 127.2526937, -0.261022899999944 ], [ 127.25180320000004, -0.260861899999952 ] ] ], [ [ [ 127.246746200000075, -0.255125599999928 ], [ 127.247577300000103, -0.254539499999964 ], [ 127.247157100000095, -0.255619899999942 ], [ 127.246746200000075, -0.255125599999928 ] ] ], [ [ [ 127.229019700000094, -0.25204279999997 ], [ 127.228731500000094, -0.251471299999935 ], [ 127.2289369, -0.251492 ], [ 127.229019700000094, -0.25204279999997 ] ] ], [ [ [ 127.232075200000054, -0.106854599999963 ], [ 127.229322, -0.100870499999928 ], [ 127.23283210000011, -0.101783599999976 ], [ 127.228802500000029, -0.098221299999977 ], [ 127.229210300000091, -0.092861899999946 ], [ 127.240148, -0.089114799999948 ], [ 127.238777300000038, -0.082526099999939 ], [ 127.238677100000018, -0.086938699999962 ], [ 127.234514100000069, -0.089094399999965 ], [ 127.2399683000001, -0.078375599999958 ], [ 127.246412600000099, -0.08172049999996 ], [ 127.248263800000018, -0.085186199999953 ], [ 127.24994520000007, -0.07773119999996 ], [ 127.255259, -0.077106799999967 ], [ 127.255183700000089, -0.081035799999938 ], [ 127.258135800000105, -0.08083449999998 ], [ 127.259351800000104, -0.07646219999998 ], [ 127.265266100000076, -0.072734899999944 ], [ 127.271390400000087, -0.072795599999949 ], [ 127.270249400000012, -0.077369399999952 ], [ 127.274221900000043, -0.085267899999963 ], [ 127.268037100000015, -0.093548899999973 ], [ 127.266555, -0.11438279999993 ], [ 127.2611104, -0.126169499999946 ], [ 127.25758790000009, -0.126431199999956 ], [ 127.256187100000034, -0.124255 ], [ 127.245229300000119, -0.127639299999942 ], [ 127.240835800000013, -0.134026099999971 ], [ 127.235372, -0.134851799999979 ], [ 127.234160800000041, -0.139002299999959 ], [ 127.231158800000117, -0.138035 ], [ 127.234321300000033, -0.133985299999949 ], [ 127.226615600000059, -0.139646499999969 ], [ 127.224404400000026, -0.135677099999953 ], [ 127.219320800000105, -0.137187799999936 ], [ 127.21369940000011, -0.12939259999996 ], [ 127.197717600000033, -0.119113299999924 ], [ 127.201090200000067, -0.113834699999927 ], [ 127.2049326, -0.116534799999954 ], [ 127.211707200000092, -0.11534649999993 ], [ 127.215019900000016, -0.108113499999945 ], [ 127.218121700000097, -0.112284299999942 ], [ 127.220683800000074, -0.105514599999935 ], [ 127.224636700000019, -0.102996299999973 ], [ 127.2276260000001, -0.104863499999965 ], [ 127.227219600000012, -0.110498199999938 ], [ 127.230486, -0.109965099999954 ], [ 127.232075200000054, -0.106854599999963 ] ] ], [ [ [ 127.205748900000117, -0.115152699999953 ], [ 127.206200700000068, -0.113725599999952 ], [ 127.206543400000101, -0.114886099999978 ], [ 127.205748900000117, -0.115152699999953 ] ] ], [ [ [ 127.210484400000041, -0.114133599999946 ], [ 127.210126100000025, -0.114619799999957 ], [ 127.2103442, -0.114086599999951 ], [ 127.210484400000041, -0.114133599999946 ] ] ], [ [ [ 127.208319200000119, -0.114008099999978 ], [ 127.208584, -0.114511 ], [ 127.208241300000054, -0.114462799999956 ], [ 127.208319200000119, -0.114008099999978 ] ] ], [ [ [ 127.209752300000105, -0.114070899999945 ], [ 127.20930060000012, -0.113616099999945 ], [ 127.209762900000101, -0.113591199999973 ], [ 127.209752300000105, -0.114070899999945 ] ] ], [ [ [ 127.207929800000102, -0.113098499999978 ], [ 127.208848800000055, -0.113866899999948 ], [ 127.207906800000046, -0.113902499999938 ], [ 127.207929800000102, -0.113098499999978 ] ] ], [ [ [ 127.21176180000009, -0.113569199999972 ], [ 127.211467200000016, -0.113071099999956 ], [ 127.211746200000107, -0.113036 ], [ 127.21176180000009, -0.113569199999972 ] ] ], [ [ [ 127.206870600000116, -0.113192499999968 ], [ 127.204689800000097, -0.113208 ], [ 127.206915900000013, -0.112497599999926 ], [ 127.206870600000116, -0.113192499999968 ] ] ], [ [ [ 127.203122, -0.044690099999968 ], [ 127.203344700000116, -0.04534289999998 ], [ 127.202809400000092, -0.044815899999946 ], [ 127.203122, -0.044690099999968 ] ] ], [ [ [ 127.203770100000042, -0.043636299999946 ], [ 127.205059700000106, -0.040528799999947 ], [ 127.206301800000119, -0.039850199999933 ], [ 127.206845900000076, -0.043219699999952 ], [ 127.203770100000042, -0.043636299999946 ] ] ], [ [ [ 127.201770600000032, -0.039633299999934 ], [ 127.200022200000035, -0.042463 ], [ 127.199148, -0.039165399999945 ], [ 127.201770600000032, -0.039633299999934 ] ] ], [ [ [ 127.219665400000054, -0.036207899999965 ], [ 127.219764300000065, -0.035567799999967 ], [ 127.220035900000084, -0.035629899999947 ], [ 127.219665400000054, -0.036207899999965 ] ] ], [ [ [ 127.219456100000116, -0.034505499999966 ], [ 127.222263100000077, -0.031667399999947 ], [ 127.223730400000022, -0.034548399999949 ], [ 127.221625100000097, -0.036239599999931 ], [ 127.219456100000116, -0.034505499999966 ] ] ], [ [ [ 127.208198200000083, -0.028156699999954 ], [ 127.204847, -0.032492799999943 ], [ 127.206207900000095, -0.035682699999938 ], [ 127.203762400000073, -0.037930499999959 ], [ 127.20378380000011, -0.031572199999971 ], [ 127.208198200000083, -0.028156699999954 ] ] ], [ [ [ 127.197931900000071, -0.03188739999996 ], [ 127.197129800000084, -0.034249599999953 ], [ 127.200966200000039, -0.038939899999946 ], [ 127.196691400000077, -0.037704299999973 ], [ 127.191119800000024, -0.02860789999994 ], [ 127.19455030000006, -0.026473299999964 ], [ 127.197931900000071, -0.03188739999996 ] ] ], [ [ [ 127.237088700000072, -0.030731899999978 ], [ 127.237547600000084, -0.03080209999996 ], [ 127.237257200000045, -0.031030099999953 ], [ 127.237088700000072, -0.030731899999978 ] ] ], [ [ [ 127.230407700000114, -0.02917489999993 ], [ 127.232167400000094, -0.029963599999974 ], [ 127.231534800000077, -0.032429 ], [ 127.229344400000059, -0.031722499999944 ], [ 127.230407700000114, -0.02917489999993 ] ] ], [ [ [ 127.225431700000058, -0.029003599999953 ], [ 127.227919700000029, -0.027612099999942 ], [ 127.227217900000028, -0.032000799999935 ], [ 127.226239700000065, -0.031958 ], [ 127.225431700000058, -0.029003599999953 ] ] ], [ [ [ 127.214159700000096, -0.026628 ], [ 127.217137500000035, -0.029234799999927 ], [ 127.216699600000084, -0.030607399999951 ], [ 127.210616400000049, -0.030976099999975 ], [ 127.214159700000096, -0.026628 ] ] ], [ [ [ 127.250136700000098, -0.024403799999959 ], [ 127.249048900000048, -0.032935399999928 ], [ 127.243000600000073, -0.031733499999973 ], [ 127.243027200000029, -0.027594 ], [ 127.250136700000098, -0.024403799999959 ] ] ], [ [ [ 127.237327, -0.02788819999995 ], [ 127.237030700000105, -0.028981599999952 ], [ 127.23629290000008, -0.028250699999944 ], [ 127.237327, -0.02788819999995 ] ] ], [ [ [ 127.200021600000014, -0.028098499999942 ], [ 127.198487300000011, -0.027371199999948 ], [ 127.198901300000102, -0.02622729999996 ], [ 127.200021600000014, -0.028098499999942 ] ] ], [ [ [ 127.233129700000063, -0.026905699999929 ], [ 127.234666200000106, -0.024140799999941 ], [ 127.234299300000089, -0.027954699999952 ], [ 127.233129700000063, -0.026905699999929 ] ] ], [ [ [ 127.195334700000103, -0.025799199999938 ], [ 127.195135700000037, -0.025146499999948 ], [ 127.195379600000024, -0.02503669999993 ], [ 127.195334700000103, -0.025799199999938 ] ] ], [ [ [ 127.212077300000033, -0.023520099999928 ], [ 127.211758900000063, -0.022454 ], [ 127.212290300000063, -0.022473 ], [ 127.212077300000033, -0.023520099999928 ] ] ], [ [ [ 127.224526800000035, -0.021360299999969 ], [ 127.223139700000047, -0.023527499999943 ], [ 127.222712900000033, -0.022912499999961 ], [ 127.224526800000035, -0.021360299999969 ] ] ], [ [ [ 127.210196100000076, -0.022296599999947 ], [ 127.20848060000003, -0.022444899999925 ], [ 127.208400200000028, -0.022168399999941 ], [ 127.210196100000076, -0.022296599999947 ] ] ], [ [ [ 127.207984700000111, -0.021999799999946 ], [ 127.207093400000076, -0.021824399999957 ], [ 127.208098600000085, -0.021797499999934 ], [ 127.207984700000111, -0.021999799999946 ] ] ], [ [ [ 127.206522, -0.021735899999953 ], [ 127.206917400000066, -0.021668399999953 ], [ 127.206756600000062, -0.021897699999954 ], [ 127.206522, -0.021735899999953 ] ] ], [ [ [ 127.233918700000117, -0.020695199999977 ], [ 127.237100100000021, -0.02206 ], [ 127.235170400000015, -0.023048899999935 ], [ 127.233918700000117, -0.020695199999977 ] ] ], [ [ [ 127.218138700000054, -0.021116599999971 ], [ 127.2178149, -0.020749099999932 ], [ 127.21823350000011, -0.020649399999968 ], [ 127.218138700000054, -0.021116599999971 ] ] ], [ [ [ 127.201798, -0.020733699999937 ], [ 127.202184100000068, -0.020878299999936 ], [ 127.201726100000087, -0.021099699999979 ], [ 127.201798, -0.020733699999937 ] ] ], [ [ [ 127.202610600000071, -0.02071559999996 ], [ 127.202794700000027, -0.020268199999975 ], [ 127.202821700000072, -0.020733699999937 ], [ 127.202610600000071, -0.02071559999996 ] ] ], [ [ [ 127.226855700000101, -0.019835299999954 ], [ 127.227120600000035, -0.019874099999925 ], [ 127.226985700000114, -0.019927399999972 ], [ 127.226855700000101, -0.019835299999954 ] ] ], [ [ [ 127.218537300000094, -0.019944599999974 ], [ 127.218974100000082, -0.018724 ], [ 127.219478700000082, -0.018540499999972 ], [ 127.218537300000094, -0.019944599999974 ] ] ], [ [ [ 127.226817200000028, -0.01896279999994 ], [ 127.226383700000042, -0.019442699999956 ], [ 127.226330800000028, -0.01897729999996 ], [ 127.226817200000028, -0.01896279999994 ] ] ], [ [ [ 127.227062900000078, 0.035437400000035 ], [ 127.230344700000046, 0.024794900000074 ], [ 127.22635020000007, 0.021075300000064 ], [ 127.223094, 0.024914400000057 ], [ 127.219675100000018, 0.024975500000039 ], [ 127.216724200000044, 0.03028450000005 ], [ 127.223380600000041, 0.037593100000038 ], [ 127.227062900000078, 0.035437400000035 ] ] ], [ [ [ 127.210588100000109, 0.143114800000035 ], [ 127.219869300000028, 0.143638100000032 ], [ 127.221639500000038, 0.14068 ], [ 127.222771700000067, 0.136657 ], [ 127.219805, 0.132582300000024 ], [ 127.212514900000087, 0.133693500000049 ], [ 127.207881600000064, 0.138593700000058 ], [ 127.210588100000109, 0.143114800000035 ] ] ], [ [ [ 127.356353100000092, -1.528532699999971 ], [ 127.355476200000112, -1.524905799999942 ], [ 127.356649800000014, -1.524023799999952 ], [ 127.356353100000092, -1.528532699999971 ] ] ], [ [ [ 127.397390800000039, -1.490586499999949 ], [ 127.407668100000024, -1.493486599999926 ], [ 127.410503800000015, -1.501305499999944 ], [ 127.403086500000086, -1.502956099999949 ], [ 127.39979720000008, -1.500480599999946 ], [ 127.404768500000046, -1.510160199999973 ], [ 127.396380800000088, -1.506744699999956 ], [ 127.399171400000114, -1.516113599999926 ], [ 127.395972100000108, -1.525407399999949 ], [ 127.377906100000018, -1.52201539999993 ], [ 127.378137100000117, -1.506536799999935 ], [ 127.381672900000012, -1.50194659999994 ], [ 127.3813278, -1.493886799999927 ], [ 127.392108400000097, -1.483207499999935 ], [ 127.396079400000076, -1.483607899999924 ], [ 127.397390800000039, -1.490586499999949 ] ] ], [ [ [ 127.3511181, -1.434654899999941 ], [ 127.352027500000077, -1.43481 ], [ 127.351183600000013, -1.434985799999936 ], [ 127.3511181, -1.434654899999941 ] ] ], [ [ [ 127.350916600000119, -1.433637399999952 ], [ 127.340663900000095, -1.434866399999976 ], [ 127.33778540000003, -1.44110859999995 ], [ 127.330896400000029, -1.446315799999979 ], [ 127.329279300000053, -1.450067499999932 ], [ 127.331575600000065, -1.45333409999995 ], [ 127.3275327, -1.454336799999965 ], [ 127.324490900000114, -1.450971099999947 ], [ 127.323910400000045, -1.445119099999943 ], [ 127.317021300000079, -1.436904 ], [ 127.293669900000054, -1.432505399999968 ], [ 127.2927466000001, -1.426997 ], [ 127.285966700000017, -1.418655499999943 ], [ 127.283168, -1.41910409999997 ], [ 127.280959200000098, -1.413973 ], [ 127.284549200000015, -1.411417899999947 ], [ 127.284516900000085, -1.406243099999926 ], [ 127.299071100000106, -1.404431899999963 ], [ 127.300332500000081, -1.400292 ], [ 127.305442600000106, -1.396443199999965 ], [ 127.314951400000041, -1.396507899999961 ], [ 127.319909500000108, -1.393136599999934 ], [ 127.320827700000109, -1.389065899999935 ], [ 127.31516750000003, -1.379839199999935 ], [ 127.322454900000025, -1.364229799999976 ], [ 127.32682120000004, -1.365070699999933 ], [ 127.324039700000071, -1.370277899999962 ], [ 127.327629800000068, -1.373576899999932 ], [ 127.325462800000082, -1.375323399999957 ], [ 127.3274235, -1.382055099999945 ], [ 127.330411300000037, -1.380174799999963 ], [ 127.3367948, -1.388945499999977 ], [ 127.341767800000071, -1.385447699999929 ], [ 127.338519900000051, -1.376384299999927 ], [ 127.341769000000113, -1.373486599999978 ], [ 127.340308100000016, -1.368143299999929 ], [ 127.342644, -1.36462169999993 ], [ 127.347288800000115, -1.365357199999949 ], [ 127.35107830000004, -1.371312899999964 ], [ 127.346744400000034, -1.381080399999973 ], [ 127.348749600000019, -1.383894199999929 ], [ 127.352947700000072, -1.376852199999973 ], [ 127.357223400000066, -1.379398599999945 ], [ 127.360217700000021, -1.37798609999993 ], [ 127.357439400000089, -1.373166899999944 ], [ 127.360393, -1.36406809999994 ], [ 127.364066200000025, -1.369968099999937 ], [ 127.364112400000067, -1.375097 ], [ 127.36750840000002, -1.377555 ], [ 127.374402200000077, -1.369994899999938 ], [ 127.381545200000119, -1.367658099999971 ], [ 127.384262, -1.373318099999949 ], [ 127.382790700000101, -1.380055399999947 ], [ 127.375431900000081, -1.378473099999951 ], [ 127.371518900000069, -1.379883699999937 ], [ 127.37113080000006, -1.382341799999949 ], [ 127.380122100000108, -1.388907299999971 ], [ 127.39302680000003, -1.387872399999935 ], [ 127.392563100000075, -1.392611599999952 ], [ 127.399624800000083, -1.400712499999941 ], [ 127.3992760000001, -1.405691199999978 ], [ 127.393518300000096, -1.408940899999948 ], [ 127.395073400000115, -1.412695699999972 ], [ 127.377805500000022, -1.422485 ], [ 127.375407600000017, -1.425908099999958 ], [ 127.361492700000099, -1.426101499999959 ], [ 127.355250500000011, -1.428009699999961 ], [ 127.350916600000119, -1.433637399999952 ] ] ], [ [ [ 127.28144490000011, -1.419343 ], [ 127.281033100000059, -1.421756499999958 ], [ 127.279126500000075, -1.421992299999943 ], [ 127.28144490000011, -1.419343 ] ] ], [ [ [ 127.39734390000001, -1.378290899999968 ], [ 127.390654700000027, -1.379582 ], [ 127.391472300000032, -1.370626099999924 ], [ 127.39734390000001, -1.378290899999968 ] ] ], [ [ [ 127.379462600000011, -1.334933199999966 ], [ 127.373952500000087, -1.330845599999975 ], [ 127.382542500000113, -1.332428499999935 ], [ 127.379462600000011, -1.334933199999966 ] ] ], [ [ [ 127.313274100000058, -0.669672799999944 ], [ 127.313443900000038, -0.666690699999947 ], [ 127.315147200000069, -0.668051 ], [ 127.313274100000058, -0.669672799999944 ] ] ], [ [ [ 127.309406900000113, -0.667353699999978 ], [ 127.308526, -0.662337599999944 ], [ 127.311342800000034, -0.661884499999928 ], [ 127.311648400000081, -0.665917499999978 ], [ 127.309406900000113, -0.667353699999978 ] ] ], [ [ [ 127.30827290000002, -0.656791899999973 ], [ 127.305654200000049, -0.65432119999997 ], [ 127.306751, -0.651133699999946 ], [ 127.311056300000018, -0.654628699999932 ], [ 127.30827290000002, -0.656791899999973 ] ] ], [ [ [ 127.303840800000103, -0.653124199999979 ], [ 127.302092100000095, -0.652007899999944 ], [ 127.300597100000118, -0.649377499999957 ], [ 127.304084000000103, -0.650001299999929 ], [ 127.303840800000103, -0.653124199999979 ] ] ], [ [ [ 127.397700800000052, -0.655761299999938 ], [ 127.384012400000074, -0.656861 ], [ 127.385924700000032, -0.662727099999927 ], [ 127.380099700000073, -0.667664199999933 ], [ 127.376454700000068, -0.666439799999978 ], [ 127.378898900000081, -0.658835799999963 ], [ 127.373078600000099, -0.649371299999927 ], [ 127.368526800000041, -0.652081599999974 ], [ 127.374509500000045, -0.655637899999931 ], [ 127.37364690000004, -0.664304 ], [ 127.370632800000067, -0.662098899999933 ], [ 127.372398800000042, -0.66013769999995 ], [ 127.370198600000094, -0.657598199999939 ], [ 127.36758240000006, -0.665652099999932 ], [ 127.361772, -0.660907299999963 ], [ 127.348097200000097, -0.658467899999948 ], [ 127.342053800000031, -0.648740799999928 ], [ 127.344619, -0.640807499999937 ], [ 127.340677300000038, -0.645808 ], [ 127.335730300000023, -0.643791699999952 ], [ 127.337213200000065, -0.631751099999974 ], [ 127.334493800000018, -0.618509399999937 ], [ 127.331180100000097, -0.611796699999957 ], [ 127.324336400000107, -0.606410899999958 ], [ 127.334594700000025, -0.599654599999951 ], [ 127.338918800000101, -0.605470299999979 ], [ 127.336207400000035, -0.611068499999931 ], [ 127.33875020000005, -0.612648499999978 ], [ 127.346058700000071, -0.614194099999963 ], [ 127.349422400000094, -0.612651799999981 ], [ 127.365059, -0.617315499999961 ], [ 127.3701469, -0.612665599999957 ], [ 127.374898300000041, -0.614435799999967 ], [ 127.374070700000061, -0.61135029999997 ], [ 127.376407500000028, -0.608838599999956 ], [ 127.3863665, -0.612128499999926 ], [ 127.389899300000025, -0.617504199999928 ], [ 127.401975300000117, -0.625004399999966 ], [ 127.401703700000098, -0.628971 ], [ 127.407725, -0.636678299999971 ], [ 127.414942400000086, -0.637418099999934 ], [ 127.415818200000103, -0.64367649999997 ], [ 127.412848300000064, -0.65136039999993 ], [ 127.414935400000104, -0.656089399999928 ], [ 127.411773900000071, -0.660424399999954 ], [ 127.397700800000052, -0.655761299999938 ] ] ], [ [ [ 127.276417200000083, -0.649282899999946 ], [ 127.278618200000096, -0.648235899999975 ], [ 127.279420300000083, -0.650691 ], [ 127.277695300000119, -0.651109499999961 ], [ 127.276417200000083, -0.649282899999946 ] ] ], [ [ [ 127.339681800000108, -0.651525499999934 ], [ 127.33778790000008, -0.648537699999963 ], [ 127.338229100000035, -0.647479 ], [ 127.3408018, -0.649179299999957 ], [ 127.339681800000108, -0.651525499999934 ] ] ], [ [ [ 127.324157600000035, -0.660751399999924 ], [ 127.320596400000113, -0.662329799999952 ], [ 127.312903800000072, -0.656079699999964 ], [ 127.310682800000109, -0.650560599999949 ], [ 127.302667800000108, -0.646031799999946 ], [ 127.301099800000088, -0.636790899999937 ], [ 127.30409480000003, -0.631688699999927 ], [ 127.310233800000105, -0.633480799999973 ], [ 127.316044900000065, -0.647615899999948 ], [ 127.324088600000096, -0.656529 ], [ 127.324157600000035, -0.660751399999924 ] ] ], [ [ [ 127.301963300000011, -0.647049699999968 ], [ 127.299012800000014, -0.644207499999936 ], [ 127.299928100000102, -0.643747499999961 ], [ 127.301963300000011, -0.647049699999968 ] ] ], [ [ [ 127.328359100000057, -0.621293199999968 ], [ 127.330690400000094, -0.63765079999996 ], [ 127.327496400000086, -0.637822399999948 ], [ 127.325653800000055, -0.634995 ], [ 127.325417, -0.63812379999996 ], [ 127.32258760000002, -0.637756099999933 ], [ 127.329971000000114, -0.641534799999931 ], [ 127.334543100000019, -0.655131099999949 ], [ 127.332677200000035, -0.658237899999961 ], [ 127.323805500000049, -0.649732799999924 ], [ 127.309022900000059, -0.624804299999937 ], [ 127.313686900000107, -0.619519 ], [ 127.322465100000045, -0.61850759999993 ], [ 127.328359100000057, -0.621293199999968 ] ] ], [ [ [ 127.279097800000045, -0.635245 ], [ 127.27958, -0.634427399999936 ], [ 127.279955200000018, -0.634599 ], [ 127.279097800000045, -0.635245 ] ] ], [ [ [ 127.294102300000077, -0.629525199999932 ], [ 127.293439300000045, -0.624777699999925 ], [ 127.296784000000116, -0.622448299999974 ], [ 127.298175600000036, -0.627541299999962 ], [ 127.294102300000077, -0.629525199999932 ] ] ], [ [ [ 127.392883600000118, -0.607124299999953 ], [ 127.393804400000022, -0.60856519999993 ], [ 127.392366300000049, -0.608238 ], [ 127.392883600000118, -0.607124299999953 ] ] ], [ [ [ 127.392533600000093, -0.605233899999973 ], [ 127.393338100000051, -0.60490939999994 ], [ 127.392907700000023, -0.605483499999934 ], [ 127.392533600000093, -0.605233899999973 ] ] ], [ [ [ 127.394822300000101, -0.602585599999941 ], [ 127.385505, -0.606002899999964 ], [ 127.383410100000106, -0.59977669999995 ], [ 127.38080930000001, -0.598707099999956 ], [ 127.382535500000017, -0.595260899999971 ], [ 127.388614500000017, -0.592243399999973 ], [ 127.394822300000101, -0.602585599999941 ] ] ], [ [ [ 127.379824, -0.594474199999979 ], [ 127.380434, -0.593486599999949 ], [ 127.3808285, -0.593778799999939 ], [ 127.379824, -0.594474199999979 ] ] ], [ [ [ 127.265855800000054, -0.551267 ], [ 127.270002500000032, -0.553148399999941 ], [ 127.266296300000022, -0.55369509999997 ], [ 127.265855800000054, -0.551267 ] ] ], [ [ [ 127.28001560000007, -0.54547279999997 ], [ 127.279028, -0.543959699999959 ], [ 127.280022600000052, -0.543893199999957 ], [ 127.28001560000007, -0.54547279999997 ] ] ], [ [ [ 127.283653600000093, -0.531967699999939 ], [ 127.28754790000005, -0.537816599999928 ], [ 127.283815400000094, -0.537228399999947 ], [ 127.278518300000087, -0.542205799999977 ], [ 127.277564600000119, -0.532341699999961 ], [ 127.283653600000093, -0.531967699999939 ] ] ], [ [ [ 127.359327700000108, -0.57963529999995 ], [ 127.358955400000013, -0.567140799999947 ], [ 127.362108600000056, -0.557499399999926 ], [ 127.351638, -0.55897559999994 ], [ 127.348244900000054, -0.550922799999967 ], [ 127.342402100000072, -0.546904099999949 ], [ 127.348417800000107, -0.541504599999939 ], [ 127.346380600000089, -0.539160299999935 ], [ 127.340275, -0.540256899999974 ], [ 127.335555500000055, -0.537634199999957 ], [ 127.333232300000077, -0.531050899999968 ], [ 127.325329, -0.529248699999926 ], [ 127.31571560000009, -0.520336699999973 ], [ 127.317462800000044, -0.519411 ], [ 127.316044300000044, -0.516749299999958 ], [ 127.309994900000106, -0.516745799999967 ], [ 127.308231400000068, -0.513154099999952 ], [ 127.306199200000037, -0.513834199999962 ], [ 127.304832500000089, -0.505294899999967 ], [ 127.308171400000106, -0.50213709999997 ], [ 127.308546400000068, -0.495771499999933 ], [ 127.300338300000021, -0.484386499999971 ], [ 127.29559960000006, -0.482493899999952 ], [ 127.29516650000005, -0.476675399999976 ], [ 127.291151600000035, -0.470842599999969 ], [ 127.291356700000051, -0.456081299999937 ], [ 127.294144300000085, -0.445523799999933 ], [ 127.296126800000025, -0.445274899999959 ], [ 127.29526640000006, -0.437473099999977 ], [ 127.300971600000025, -0.432764599999928 ], [ 127.312053400000082, -0.433987599999966 ], [ 127.318719700000088, -0.428627 ], [ 127.318712600000026, -0.423838499999931 ], [ 127.331482700000038, -0.406198399999937 ], [ 127.330712200000107, -0.396597499999928 ], [ 127.332930200000078, -0.389353799999981 ], [ 127.335720500000093, -0.388876399999958 ], [ 127.338346300000012, -0.384265399999947 ], [ 127.335111200000028, -0.36240289999995 ], [ 127.329901, -0.353991099999973 ], [ 127.331263700000022, -0.350604499999974 ], [ 127.327009800000042, -0.35003439999997 ], [ 127.327059600000098, -0.345479 ], [ 127.320448200000101, -0.34173119999997 ], [ 127.3208098, -0.330163699999957 ], [ 127.324205, -0.332348 ], [ 127.324031500000046, -0.328199699999971 ], [ 127.338310500000034, -0.33867829999997 ], [ 127.341020900000103, -0.334676199999933 ], [ 127.34790380000004, -0.335640099999978 ], [ 127.349765700000034, -0.330959499999949 ], [ 127.353543400000035, -0.333186199999943 ], [ 127.364840900000104, -0.318101399999932 ], [ 127.369543, -0.31573839999993 ], [ 127.372384, -0.316839399999935 ], [ 127.374336900000117, -0.323597199999938 ], [ 127.380331500000011, -0.325515199999927 ], [ 127.38617110000007, -0.332072699999969 ], [ 127.3863258, -0.335850099999959 ], [ 127.393079200000102, -0.345288 ], [ 127.402567300000101, -0.344857199999979 ], [ 127.402392100000043, -0.350331099999948 ], [ 127.407483400000046, -0.352121799999964 ], [ 127.412511400000085, -0.358443899999941 ], [ 127.411948800000118, -0.36358679999995 ], [ 127.414925500000095, -0.368304299999977 ], [ 127.412324400000102, -0.371204099999943 ], [ 127.411834000000113, -0.377411799999948 ], [ 127.414341700000023, -0.378184199999964 ], [ 127.413847500000088, -0.381452399999944 ], [ 127.416722200000095, -0.38100419999995 ], [ 127.414952200000016, -0.383908299999973 ], [ 127.417977200000109, -0.387749699999972 ], [ 127.417621100000019, -0.393484499999943 ], [ 127.422973300000081, -0.395615799999973 ], [ 127.422059300000114, -0.398759299999938 ], [ 127.426345600000104, -0.406033099999945 ], [ 127.4520046, -0.418982 ], [ 127.457149400000048, -0.416466699999944 ], [ 127.458711000000108, -0.411903199999927 ], [ 127.452494700000102, -0.403510799999935 ], [ 127.460302200000115, -0.403757 ], [ 127.463008700000046, -0.401337 ], [ 127.46754, -0.402932499999963 ], [ 127.479152200000044, -0.387519199999929 ], [ 127.47487650000005, -0.376495599999942 ], [ 127.478558500000076, -0.371088699999973 ], [ 127.475034100000016, -0.365750799999944 ], [ 127.482011500000112, -0.360861799999952 ], [ 127.48282990000007, -0.354384599999946 ], [ 127.488732700000014, -0.352547399999935 ], [ 127.483985300000086, -0.347814899999946 ], [ 127.484816900000055, -0.33999549999993 ], [ 127.492838800000072, -0.341469199999949 ], [ 127.514049600000021, -0.32600309999998 ], [ 127.518722800000091, -0.320541399999968 ], [ 127.51417420000007, -0.314506799999947 ], [ 127.520559, -0.301660099999935 ], [ 127.5309502, -0.303184399999964 ], [ 127.539370400000053, -0.313009799999975 ], [ 127.544727100000046, -0.314693 ], [ 127.568726300000094, -0.315435299999933 ], [ 127.569766600000094, -0.322620799999925 ], [ 127.581438400000025, -0.333632099999932 ], [ 127.581172, -0.337697099999957 ], [ 127.57654720000005, -0.341685899999959 ], [ 127.578831500000092, -0.347425799999939 ], [ 127.587202900000079, -0.350587 ], [ 127.588815100000033, -0.357598199999927 ], [ 127.593177800000035, -0.359005799999977 ], [ 127.59153, -0.36377959999993 ], [ 127.595262300000059, -0.366475099999946 ], [ 127.595738100000062, -0.370202099999972 ], [ 127.592574900000045, -0.379680699999938 ], [ 127.604197000000113, -0.370282699999962 ], [ 127.608366700000033, -0.372602299999926 ], [ 127.613928800000053, -0.381596099999967 ], [ 127.615739, -0.385980699999948 ], [ 127.61410120000005, -0.396708499999932 ], [ 127.616301400000111, -0.397499599999946 ], [ 127.61485360000006, -0.40198 ], [ 127.617632700000058, -0.403992199999948 ], [ 127.619649800000047, -0.402684699999952 ], [ 127.620813800000064, -0.405574099999967 ], [ 127.6189855, -0.411185799999942 ], [ 127.615104100000053, -0.412740199999973 ], [ 127.621026500000085, -0.416167899999948 ], [ 127.624282900000026, -0.414156499999933 ], [ 127.627419100000111, -0.417048499999964 ], [ 127.628007100000104, -0.410466499999927 ], [ 127.644909900000016, -0.412090299999932 ], [ 127.6524147, -0.418049699999926 ], [ 127.650329400000032, -0.423585799999955 ], [ 127.657690500000058, -0.426440499999956 ], [ 127.658397500000092, -0.43871379999996 ], [ 127.679789500000084, -0.446120199999939 ], [ 127.682834900000103, -0.448330299999952 ], [ 127.679529300000013, -0.450784499999941 ], [ 127.681017500000053, -0.452856899999972 ], [ 127.692689900000119, -0.456769799999961 ], [ 127.690205500000047, -0.469634 ], [ 127.677742, -0.480722899999932 ], [ 127.674397500000055, -0.487149099999954 ], [ 127.6759962000001, -0.498545399999955 ], [ 127.664511300000072, -0.510738099999969 ], [ 127.663703100000021, -0.517414 ], [ 127.654277400000069, -0.522003099999949 ], [ 127.64873630000011, -0.529274899999962 ], [ 127.6375011, -0.537088899999958 ], [ 127.621455, -0.562802699999963 ], [ 127.611274900000012, -0.57405579999994 ], [ 127.60560410000005, -0.574502399999972 ], [ 127.600214900000083, -0.57713549999994 ], [ 127.600129300000049, -0.584485699999959 ], [ 127.6037033, -0.587619699999948 ], [ 127.59875240000008, -0.586620299999936 ], [ 127.599844400000052, -0.590112199999965 ], [ 127.5960665, -0.597855099999947 ], [ 127.598778200000083, -0.600192499999935 ], [ 127.600501, -0.609448099999952 ], [ 127.597604300000057, -0.619495799999925 ], [ 127.601705500000094, -0.621227399999952 ], [ 127.605349700000033, -0.628275899999949 ], [ 127.611985100000084, -0.631231499999956 ], [ 127.629180400000109, -0.628206399999954 ], [ 127.634448600000042, -0.629431699999941 ], [ 127.642387700000086, -0.626478499999962 ], [ 127.642952400000013, -0.629493799999977 ], [ 127.647085600000082, -0.629143699999929 ], [ 127.646250400000099, -0.637695099999974 ], [ 127.655431300000032, -0.646857 ], [ 127.652085900000088, -0.660045799999978 ], [ 127.646577200000024, -0.664933 ], [ 127.651632200000108, -0.670866099999955 ], [ 127.648292800000036, -0.682671899999946 ], [ 127.651097100000015, -0.682911399999966 ], [ 127.653021, -0.679878499999973 ], [ 127.655675400000064, -0.693509199999937 ], [ 127.671496300000058, -0.709923 ], [ 127.6756775, -0.708704799999964 ], [ 127.677574500000105, -0.711369899999966 ], [ 127.684155100000112, -0.711633399999926 ], [ 127.691232400000104, -0.710123299999964 ], [ 127.698991400000068, -0.701161699999943 ], [ 127.703684700000053, -0.700301199999956 ], [ 127.715910200000053, -0.690121799999929 ], [ 127.729822500000068, -0.691999 ], [ 127.742095300000074, -0.685839899999962 ], [ 127.75629, -0.692799799999932 ], [ 127.761911600000076, -0.693289899999968 ], [ 127.774631400000089, -0.682091699999944 ], [ 127.784777300000087, -0.679559499999925 ], [ 127.789700200000084, -0.683002599999952 ], [ 127.79764630000011, -0.678579799999966 ], [ 127.817814400000088, -0.690045 ], [ 127.82599120000009, -0.698791099999937 ], [ 127.837676100000067, -0.700831899999969 ], [ 127.843915600000059, -0.70549079999995 ], [ 127.845180800000094, -0.709792899999968 ], [ 127.851084100000094, -0.709088599999973 ], [ 127.851702700000033, -0.715468499999929 ], [ 127.859145, -0.716771599999959 ], [ 127.860583800000086, -0.711218199999962 ], [ 127.855956300000116, -0.713406599999928 ], [ 127.85509490000004, -0.711198699999954 ], [ 127.857220200000029, -0.707740599999966 ], [ 127.862999, -0.709135 ], [ 127.873662800000034, -0.71840839999993 ], [ 127.868728600000054, -0.727955099999974 ], [ 127.87646, -0.731418099999928 ], [ 127.872234300000059, -0.750888 ], [ 127.877007500000104, -0.759548399999971 ], [ 127.880446800000072, -0.756019 ], [ 127.877514800000085, -0.757693299999971 ], [ 127.879481500000111, -0.750020399999926 ], [ 127.890682800000036, -0.759663299999943 ], [ 127.893876300000102, -0.75839869999993 ], [ 127.890867700000058, -0.763857 ], [ 127.896349400000076, -0.769412799999941 ], [ 127.900639800000022, -0.768935499999941 ], [ 127.902822300000025, -0.77113879999996 ], [ 127.902412900000058, -0.776307599999939 ], [ 127.906097400000021, -0.784347899999943 ], [ 127.880404000000112, -0.774736399999938 ], [ 127.879006400000094, -0.7769 ], [ 127.883807700000034, -0.787664699999937 ], [ 127.891725700000052, -0.791515499999946 ], [ 127.894555100000048, -0.789967199999978 ], [ 127.896929100000079, -0.793603799999971 ], [ 127.89913910000007, -0.792806599999949 ], [ 127.899210200000084, -0.796243899999979 ], [ 127.896194400000013, -0.800025699999935 ], [ 127.891180300000087, -0.800522299999955 ], [ 127.884578600000054, -0.797259299999951 ], [ 127.884797800000115, -0.793975599999953 ], [ 127.879601300000104, -0.795662399999969 ], [ 127.87616150000008, -0.805035399999952 ], [ 127.880313400000091, -0.811591 ], [ 127.87177, -0.820917799999961 ], [ 127.870381700000053, -0.826922199999956 ], [ 127.86331210000003, -0.82556429999994 ], [ 127.860734100000059, -0.827616099999943 ], [ 127.858123400000068, -0.825041599999963 ], [ 127.851866900000118, -0.827048499999933 ], [ 127.851063100000033, -0.831442099999947 ], [ 127.847197800000117, -0.831759399999953 ], [ 127.844667700000059, -0.835148 ], [ 127.847297500000082, -0.84036279999998 ], [ 127.841259700000023, -0.844365499999981 ], [ 127.833499500000016, -0.84339319999998 ], [ 127.827487100000099, -0.85480229999996 ], [ 127.818861300000094, -0.851150399999938 ], [ 127.808992800000055, -0.85667449999994 ], [ 127.796772800000099, -0.858061599999928 ], [ 127.791308700000059, -0.864537499999926 ], [ 127.780488600000012, -0.859000099999946 ], [ 127.771007900000086, -0.86275969999997 ], [ 127.769483300000047, -0.869740599999943 ], [ 127.759690200000023, -0.86568189999997 ], [ 127.752422700000011, -0.869912399999976 ], [ 127.73232680000001, -0.871253499999966 ], [ 127.726287400000047, -0.869144699999936 ], [ 127.725244, -0.867014899999958 ], [ 127.738145800000098, -0.86139049999997 ], [ 127.74255, -0.861124199999949 ], [ 127.7437605, -0.864835 ], [ 127.748123600000099, -0.865230799999949 ], [ 127.753299600000105, -0.86169 ], [ 127.730161300000077, -0.849459399999944 ], [ 127.717755900000043, -0.854551299999969 ], [ 127.701782200000025, -0.845228 ], [ 127.694958700000029, -0.845640399999979 ], [ 127.681762900000081, -0.838576599999953 ], [ 127.686047800000097, -0.832311499999946 ], [ 127.682150100000058, -0.821837 ], [ 127.676242600000023, -0.81992409999998 ], [ 127.668267700000115, -0.82447389999993 ], [ 127.665339, -0.819390299999952 ], [ 127.670654200000058, -0.814492599999937 ], [ 127.662385300000096, -0.816345199999944 ], [ 127.657892400000037, -0.81146949999993 ], [ 127.657509700000105, -0.807617299999947 ], [ 127.662485100000026, -0.806269399999962 ], [ 127.659623, -0.806003199999964 ], [ 127.660829400000011, -0.803523799999937 ], [ 127.657825900000034, -0.800853 ], [ 127.659624100000087, -0.79621949999995 ], [ 127.655188400000043, -0.791867299999979 ], [ 127.659548100000052, -0.790053499999942 ], [ 127.665091700000062, -0.775829 ], [ 127.659604, -0.768394799999953 ], [ 127.654042600000025, -0.752099499999929 ], [ 127.651564600000029, -0.748237699999947 ], [ 127.634725300000014, -0.741466799999955 ], [ 127.62998970000001, -0.741031499999963 ], [ 127.624612800000023, -0.74422919999995 ], [ 127.615612, -0.75906219999996 ], [ 127.608389300000113, -0.764085399999942 ], [ 127.593571700000098, -0.768826899999965 ], [ 127.572195400000055, -0.770355599999959 ], [ 127.562329100000056, -0.776986399999942 ], [ 127.552401, -0.779231299999935 ], [ 127.545104100000117, -0.786649699999941 ], [ 127.538560600000096, -0.786824299999978 ], [ 127.5214846, -0.795919399999946 ], [ 127.499835100000041, -0.801375 ], [ 127.494243800000049, -0.810581399999933 ], [ 127.474607500000047, -0.823689199999933 ], [ 127.472216900000035, -0.817566499999941 ], [ 127.46295530000009, -0.81374169999998 ], [ 127.460359200000084, -0.788442499999974 ], [ 127.447885300000053, -0.769979099999944 ], [ 127.448187600000097, -0.760695 ], [ 127.443495100000064, -0.750794699999972 ], [ 127.442112100000031, -0.739528699999937 ], [ 127.454517800000076, -0.69302179999994 ], [ 127.460978100000034, -0.689292899999941 ], [ 127.466035900000065, -0.67809 ], [ 127.473989300000085, -0.670203099999981 ], [ 127.47831090000011, -0.659921399999973 ], [ 127.480431100000033, -0.630472499999939 ], [ 127.470867100000078, -0.626645599999961 ], [ 127.464828900000043, -0.629441899999961 ], [ 127.460662400000047, -0.625359299999957 ], [ 127.457615300000043, -0.63199549999996 ], [ 127.448947100000055, -0.627459699999974 ], [ 127.44441740000002, -0.628445299999953 ], [ 127.430797900000016, -0.620821099999944 ], [ 127.429574000000116, -0.610403099999928 ], [ 127.420957, -0.607405099999937 ], [ 127.415509200000088, -0.608020099999976 ], [ 127.414417400000048, -0.6117 ], [ 127.42035270000008, -0.619194 ], [ 127.41973680000001, -0.621597599999973 ], [ 127.412718600000062, -0.621417199999939 ], [ 127.4120292, -0.618610099999955 ], [ 127.407897600000069, -0.62097689999996 ], [ 127.409468500000116, -0.616242299999954 ], [ 127.402253400000063, -0.60825269999998 ], [ 127.399467900000104, -0.601424299999962 ], [ 127.400645300000065, -0.598158699999942 ], [ 127.394168800000102, -0.595430399999941 ], [ 127.389782900000114, -0.588273399999935 ], [ 127.383452700000021, -0.584013599999935 ], [ 127.384873900000116, -0.588511 ], [ 127.375537700000109, -0.591925 ], [ 127.368725900000072, -0.584009299999934 ], [ 127.359327700000108, -0.57963529999995 ] ] ], [ [ [ 127.292816600000037, -0.530624299999943 ], [ 127.293163600000071, -0.528327099999956 ], [ 127.293692800000031, -0.530357899999956 ], [ 127.292816600000037, -0.530624299999943 ] ] ], [ [ [ 127.285390800000073, -0.488696799999957 ], [ 127.295791, -0.493396599999926 ], [ 127.299946300000101, -0.498217899999929 ], [ 127.293813800000066, -0.496842 ], [ 127.292030200000113, -0.499815699999942 ], [ 127.289565300000049, -0.497989599999926 ], [ 127.287506700000108, -0.500573499999973 ], [ 127.295991100000037, -0.507652199999939 ], [ 127.293769600000019, -0.509866899999963 ], [ 127.298454900000024, -0.513703799999973 ], [ 127.289794400000119, -0.517660199999966 ], [ 127.296528, -0.518954199999939 ], [ 127.295406800000023, -0.521251199999938 ], [ 127.289457500000026, -0.520388099999934 ], [ 127.29022980000002, -0.527628899999968 ], [ 127.282184600000051, -0.516858199999945 ], [ 127.280790900000056, -0.509432599999968 ], [ 127.275737100000015, -0.512528499999974 ], [ 127.273272100000099, -0.510989499999937 ], [ 127.275779300000067, -0.507031499999925 ], [ 127.273956200000043, -0.505267 ], [ 127.275334200000088, -0.495114299999955 ], [ 127.280316800000037, -0.491341499999976 ], [ 127.282415100000094, -0.492449599999929 ], [ 127.285390800000073, -0.488696799999957 ] ] ], [ [ [ 127.302002500000071, -0.504587599999979 ], [ 127.303607200000101, -0.504857199999947 ], [ 127.302035800000112, -0.504957799999943 ], [ 127.302002500000071, -0.504587599999979 ] ] ], [ [ [ 127.301469000000111, -0.498983599999974 ], [ 127.302722600000038, -0.499505599999964 ], [ 127.301502200000073, -0.499841899999979 ], [ 127.301469000000111, -0.498983599999974 ] ] ], [ [ [ 127.266807900000117, -0.478221899999937 ], [ 127.276281600000061, -0.483392099999946 ], [ 127.26976860000002, -0.485575799999935 ], [ 127.263588800000093, -0.482848899999965 ], [ 127.266807900000117, -0.478221899999937 ] ] ], [ [ [ 127.3116324, -0.427765699999952 ], [ 127.309887300000014, -0.429848099999958 ], [ 127.30988780000007, -0.42747 ], [ 127.3116324, -0.427765699999952 ] ] ], [ [ [ 127.313491500000055, -0.345573599999966 ], [ 127.31530280000004, -0.346306799999979 ], [ 127.313372800000025, -0.346528 ], [ 127.313491500000055, -0.345573599999966 ] ] ], [ [ [ 127.320957600000042, -0.345779499999935 ], [ 127.319366500000115, -0.34397249999995 ], [ 127.31955280000011, -0.343359 ], [ 127.320957600000042, -0.345779499999935 ] ] ], [ [ [ 127.309, -0.342406399999959 ], [ 127.309212800000068, -0.342029499999967 ], [ 127.309242500000096, -0.34243639999994 ], [ 127.309, -0.342406399999959 ] ] ], [ [ [ 127.295341500000063, -0.335374599999966 ], [ 127.302439200000094, -0.345817 ], [ 127.297685900000033, -0.344076 ], [ 127.289937200000054, -0.349668 ], [ 127.28080100000011, -0.347211499999958 ], [ 127.287201900000014, -0.334172199999955 ], [ 127.295341500000063, -0.335374599999966 ] ] ], [ [ [ 127.316894600000069, -0.344670899999926 ], [ 127.311866800000075, -0.342079299999966 ], [ 127.313103400000045, -0.33802309999993 ], [ 127.318232500000022, -0.34180779999997 ], [ 127.316894600000069, -0.344670899999926 ] ] ], [ [ [ 127.271521, -0.295936199999971 ], [ 127.269682500000044, -0.29418759999993 ], [ 127.269652400000041, -0.292285899999968 ], [ 127.271643800000106, -0.294558199999926 ], [ 127.271521, -0.295936199999971 ] ] ], [ [ [ 127.278992900000048, -0.294291899999962 ], [ 127.277799800000025, -0.293600699999956 ], [ 127.279434300000048, -0.293304699999965 ], [ 127.278992900000048, -0.294291899999962 ] ] ], [ [ [ 127.276508600000057, -0.293172599999934 ], [ 127.275985600000013, -0.293123199999968 ], [ 127.276449400000047, -0.292806 ], [ 127.276508600000057, -0.293172599999934 ] ] ], [ [ [ 127.272840400000064, -0.278410799999961 ], [ 127.272349300000087, -0.27907689999995 ], [ 127.272321500000089, -0.27826 ], [ 127.272840400000064, -0.278410799999961 ] ] ], [ [ [ 127.273843600000077, -0.278325 ], [ 127.275476400000116, -0.27768059999994 ], [ 127.275636600000098, -0.278346799999952 ], [ 127.273843600000077, -0.278325 ] ] ], [ [ [ 127.301952200000073, -0.240378699999951 ], [ 127.301475100000062, -0.238247099999967 ], [ 127.302618100000018, -0.240400399999942 ], [ 127.301952200000073, -0.240378699999951 ] ] ], [ [ [ 127.308816500000034, -0.22662669999994 ], [ 127.3166662000001, -0.235623299999929 ], [ 127.309771400000045, -0.235017 ], [ 127.309115600000041, -0.240012 ], [ 127.305657100000076, -0.242628099999934 ], [ 127.302479, -0.235751299999947 ], [ 127.3004601, -0.234475199999963 ], [ 127.299794, -0.236788899999965 ], [ 127.298028400000021, -0.228025599999967 ], [ 127.308816500000034, -0.22662669999994 ] ] ], [ [ [ 127.422060000000101, 0.282734600000026 ], [ 127.394619200000079, 0.275056100000029 ], [ 127.385578500000065, 0.27713650000004 ], [ 127.374957800000061, 0.284802100000036 ], [ 127.348893400000065, 0.310589200000038 ], [ 127.343274100000031, 0.329706900000076 ], [ 127.345776600000022, 0.335672400000021 ], [ 127.363553100000104, 0.354994900000065 ], [ 127.373646700000108, 0.362302800000066 ], [ 127.403121700000042, 0.373031900000058 ], [ 127.416223, 0.374933300000066 ], [ 127.420243200000073, 0.372714100000053 ], [ 127.422275, 0.366604700000039 ], [ 127.437203, 0.350626100000056 ], [ 127.442921600000091, 0.336613500000055 ], [ 127.438699400000019, 0.331040600000051 ], [ 127.443470300000058, 0.324250500000062 ], [ 127.44069920000004, 0.31528030000004 ], [ 127.430472, 0.302708400000029 ], [ 127.430053600000065, 0.29211440000006 ], [ 127.427412200000049, 0.288307400000065 ], [ 127.424441400000092, 0.287402800000052 ], [ 127.422060000000101, 0.282734600000026 ] ] ], [ [ [ 127.525359700000081, -1.725020499999971 ], [ 127.50517990000003, -1.725939599999947 ], [ 127.497105300000044, -1.723655699999938 ], [ 127.49616930000002, -1.717182099999945 ], [ 127.482695900000067, -1.703290699999968 ], [ 127.433901000000105, -1.679518299999927 ], [ 127.424654500000088, -1.668699099999969 ], [ 127.423244600000089, -1.659228699999971 ], [ 127.4204578, -1.658603199999959 ], [ 127.41705920000004, -1.663634699999932 ], [ 127.410793800000079, -1.663701599999968 ], [ 127.403596700000094, -1.652308799999958 ], [ 127.401061200000072, -1.635406099999955 ], [ 127.391546700000049, -1.617491099999938 ], [ 127.40032240000005, -1.605415899999969 ], [ 127.41219, -1.566350799999952 ], [ 127.409894700000109, -1.557288899999946 ], [ 127.4110157, -1.546020099999964 ], [ 127.402839200000017, -1.537983099999963 ], [ 127.408702400000038, -1.528761799999927 ], [ 127.406385700000101, -1.525687799999957 ], [ 127.407331200000044, -1.522621199999946 ], [ 127.410490900000013, -1.521339399999931 ], [ 127.417883500000016, -1.506733099999963 ], [ 127.431476300000099, -1.498833699999977 ], [ 127.432027200000107, -1.494757799999945 ], [ 127.427631, -1.498565499999927 ], [ 127.428227200000038, -1.496806699999979 ], [ 127.424916400000029, -1.495208099999957 ], [ 127.418807600000036, -1.494899 ], [ 127.41639310000005, -1.488162199999977 ], [ 127.418821800000046, -1.481540499999937 ], [ 127.416005500000097, -1.479666599999973 ], [ 127.419582600000012, -1.47182689999994 ], [ 127.432609100000036, -1.468577699999969 ], [ 127.427915, -1.464628399999924 ], [ 127.428078100000107, -1.457816799999932 ], [ 127.433861, -1.45641569999998 ], [ 127.432668700000022, -1.45322619999996 ], [ 127.434934200000043, -1.450960699999939 ], [ 127.439582600000108, -1.45124809999993 ], [ 127.43651460000001, -1.447462299999927 ], [ 127.439445600000113, -1.445810199999926 ], [ 127.444372900000076, -1.433323599999937 ], [ 127.436711900000091, -1.437537599999928 ], [ 127.43297240000004, -1.437127499999974 ], [ 127.429556500000103, -1.433769 ], [ 127.431796900000109, -1.431852699999979 ], [ 127.431467100000077, -1.426482499999963 ], [ 127.424001100000055, -1.424271899999951 ], [ 127.423785700000053, -1.427113599999927 ], [ 127.419612400000119, -1.427441499999929 ], [ 127.412667, -1.417962299999942 ], [ 127.4236773, -1.417831399999955 ], [ 127.426200200000039, -1.414146799999969 ], [ 127.432620600000064, -1.411380399999928 ], [ 127.43541110000001, -1.411404399999981 ], [ 127.436357600000065, -1.415506199999925 ], [ 127.440816200000086, -1.409060499999953 ], [ 127.447933700000021, -1.416017499999953 ], [ 127.435772, -1.418406599999969 ], [ 127.434606300000041, -1.421420099999978 ], [ 127.437172900000064, -1.426159699999971 ], [ 127.445695200000046, -1.42663669999996 ], [ 127.448318300000096, -1.428902199999925 ], [ 127.447602900000106, -1.431763799999942 ], [ 127.4559494, -1.433135 ], [ 127.454277, -1.434774899999979 ], [ 127.458274500000016, -1.438500599999941 ], [ 127.463456300000075, -1.437118399999974 ], [ 127.46543290000011, -1.439267799999925 ], [ 127.46936340000002, -1.437904399999979 ], [ 127.471807500000068, -1.44083489999997 ], [ 127.473653700000114, -1.43820409999995 ], [ 127.481555200000116, -1.440319 ], [ 127.484625500000107, -1.443836399999952 ], [ 127.48393590000012, -1.446302 ], [ 127.488045500000112, -1.445465699999943 ], [ 127.488257200000021, -1.440611199999978 ], [ 127.492754900000023, -1.438276799999926 ], [ 127.494241700000089, -1.441184599999929 ], [ 127.491749800000093, -1.444134499999961 ], [ 127.49386370000002, -1.450114499999927 ], [ 127.504537800000094, -1.45301749999993 ], [ 127.508442800000012, -1.448427 ], [ 127.504985, -1.440169899999944 ], [ 127.507429300000013, -1.434029299999963 ], [ 127.517124200000012, -1.435779699999955 ], [ 127.516447600000106, -1.429182299999979 ], [ 127.513391100000035, -1.425802 ], [ 127.513433, -1.417103599999962 ], [ 127.521309, -1.416809 ], [ 127.52220530000011, -1.412014799999952 ], [ 127.529368600000112, -1.406992699999932 ], [ 127.534227500000043, -1.408662 ], [ 127.539894200000049, -1.404879199999925 ], [ 127.550354, -1.392922899999974 ], [ 127.559069600000043, -1.389006599999959 ], [ 127.561025600000107, -1.379270399999939 ], [ 127.569938500000035, -1.375007799999935 ], [ 127.576857, -1.374695899999949 ], [ 127.581265800000097, -1.363501499999927 ], [ 127.6201962, -1.351727 ], [ 127.626158, -1.346808599999974 ], [ 127.631762, -1.33735919999998 ], [ 127.641390300000012, -1.330205 ], [ 127.651346400000079, -1.33100989999997 ], [ 127.655394200000046, -1.337293099999954 ], [ 127.654143100000056, -1.341292099999976 ], [ 127.670608600000037, -1.350401699999964 ], [ 127.665714300000104, -1.336315899999931 ], [ 127.669201900000076, -1.332023399999969 ], [ 127.673554, -1.331278199999929 ], [ 127.680082200000015, -1.337657299999933 ], [ 127.681781300000011, -1.340966 ], [ 127.680328900000063, -1.343660299999954 ], [ 127.682943800000089, -1.346480699999972 ], [ 127.685179500000118, -1.344066199999929 ], [ 127.686520400000063, -1.347739499999932 ], [ 127.690485500000023, -1.347136499999976 ], [ 127.691208800000027, -1.349834499999929 ], [ 127.696777600000019, -1.349723 ], [ 127.70088880000003, -1.352949199999955 ], [ 127.704297100000076, -1.34849829999996 ], [ 127.69823580000002, -1.341144899999961 ], [ 127.706842200000096, -1.335961099999963 ], [ 127.7233711, -1.343567 ], [ 127.732068800000093, -1.343350799999939 ], [ 127.737613300000021, -1.350266399999953 ], [ 127.750502100000062, -1.357149699999979 ], [ 127.757809800000018, -1.351911499999972 ], [ 127.760267200000044, -1.35249349999998 ], [ 127.765885100000105, -1.36318609999995 ], [ 127.769191700000079, -1.362258699999927 ], [ 127.780129300000112, -1.372604199999955 ], [ 127.777862900000059, -1.379076699999928 ], [ 127.785682900000097, -1.373026599999946 ], [ 127.785908900000095, -1.370601099999931 ], [ 127.793055, -1.373090899999966 ], [ 127.794025, -1.380786599999965 ], [ 127.789252500000089, -1.388784299999941 ], [ 127.7931843, -1.389323099999956 ], [ 127.801203400000077, -1.413412699999981 ], [ 127.809605600000054, -1.416712299999972 ], [ 127.816982900000085, -1.414027 ], [ 127.820830700000101, -1.417454599999928 ], [ 127.825066600000014, -1.417454599999928 ], [ 127.831695300000092, -1.423565899999971 ], [ 127.839682100000118, -1.425376599999936 ], [ 127.839510400000108, -1.429489399999966 ], [ 127.834774100000118, -1.432034499999929 ], [ 127.835517100000061, -1.435032 ], [ 127.842592200000013, -1.435044799999957 ], [ 127.848477200000048, -1.43895729999997 ], [ 127.857789700000012, -1.437663899999961 ], [ 127.860198500000024, -1.435062 ], [ 127.869617400000038, -1.435424799999964 ], [ 127.878175200000101, -1.439339399999938 ], [ 127.8855072, -1.426904799999932 ], [ 127.891834600000038, -1.42549269999995 ], [ 127.898681600000032, -1.432006799999954 ], [ 127.933801800000083, -1.447818499999926 ], [ 127.949206900000036, -1.462332299999957 ], [ 127.956691600000113, -1.473875199999952 ], [ 127.978323500000101, -1.483956099999943 ], [ 127.982355400000074, -1.491780799999958 ], [ 127.981431, -1.494328099999962 ], [ 127.990301400000021, -1.50467279999998 ], [ 127.991519, -1.51222649999994 ], [ 127.995420400000057, -1.512468099999978 ], [ 127.998486200000116, -1.516515899999945 ], [ 127.997625300000095, -1.510431 ], [ 128.001095400000054, -1.509473499999956 ], [ 128.003862800000093, -1.514630099999977 ], [ 128.001958700000046, -1.510343099999943 ], [ 128.003239800000074, -1.509294599999976 ], [ 128.0108662, -1.514533 ], [ 128.01724640000009, -1.524405899999977 ], [ 128.013371300000017, -1.530190399999981 ], [ 128.020244, -1.526303399999961 ], [ 128.045727200000101, -1.545836 ], [ 128.045505300000059, -1.550378199999955 ], [ 128.051626100000021, -1.553343799999936 ], [ 128.051457500000083, -1.557461199999977 ], [ 128.055978200000027, -1.559820299999956 ], [ 128.059698100000105, -1.566449099999943 ], [ 128.070679300000052, -1.564326599999958 ], [ 128.078709600000025, -1.566911699999935 ], [ 128.081288100000052, -1.574311799999975 ], [ 128.074586300000078, -1.575238 ], [ 128.072410200000036, -1.579313399999933 ], [ 128.077859800000056, -1.581533899999954 ], [ 128.081212500000106, -1.576949499999955 ], [ 128.083920800000101, -1.581746399999929 ], [ 128.089668200000119, -1.583997 ], [ 128.09597, -1.578514599999949 ], [ 128.101212100000112, -1.578367 ], [ 128.109757200000104, -1.561707399999932 ], [ 128.113172800000029, -1.561038599999961 ], [ 128.121172700000102, -1.56565889999996 ], [ 128.140533400000095, -1.588050799999962 ], [ 128.149471800000015, -1.594063899999981 ], [ 128.163701700000047, -1.612234099999966 ], [ 128.166334800000072, -1.619488899999965 ], [ 128.168053800000052, -1.64035169999994 ], [ 128.156493300000079, -1.683869199999947 ], [ 128.110849500000086, -1.701815099999976 ], [ 128.105795900000089, -1.705913099999975 ], [ 128.101753, -1.714207899999963 ], [ 128.086951200000044, -1.722353699999928 ], [ 128.080925200000024, -1.716595899999959 ], [ 128.075552100000095, -1.715706 ], [ 128.064565200000061, -1.719321399999956 ], [ 128.039247700000033, -1.717894099999967 ], [ 128.028748700000051, -1.72254049999998 ], [ 128.024171200000069, -1.72728589999997 ], [ 128.012291800000071, -1.720150899999965 ], [ 128.008661600000096, -1.720517599999937 ], [ 127.999863400000095, -1.709145699999965 ], [ 127.981270600000016, -1.699470199999951 ], [ 127.961435600000073, -1.695529699999952 ], [ 127.952583100000084, -1.696436 ], [ 127.924363500000027, -1.688268 ], [ 127.889471200000116, -1.682949299999962 ], [ 127.882286, -1.685127099999931 ], [ 127.873192, -1.692003299999953 ], [ 127.855163300000072, -1.697915 ], [ 127.849122900000111, -1.69817519999998 ], [ 127.843788100000097, -1.694143799999949 ], [ 127.837248, -1.693468499999938 ], [ 127.82908430000009, -1.698378799999944 ], [ 127.816990600000054, -1.700865 ], [ 127.81105940000009, -1.69808 ], [ 127.791189200000076, -1.696053599999971 ], [ 127.774324400000069, -1.689161699999943 ], [ 127.763757, -1.689802399999962 ], [ 127.754621500000098, -1.68682339999998 ], [ 127.74730640000007, -1.687705799999947 ], [ 127.741524, -1.694751 ], [ 127.735662200000093, -1.695610299999942 ], [ 127.72910330000002, -1.687693899999942 ], [ 127.71629740000003, -1.686870299999953 ], [ 127.70429850000005, -1.690962099999979 ], [ 127.691876800000045, -1.703588899999943 ], [ 127.684870800000112, -1.705406299999936 ], [ 127.679523100000097, -1.703604399999961 ], [ 127.673016300000086, -1.707172199999945 ], [ 127.670357100000047, -1.710958499999947 ], [ 127.669241600000078, -1.722034399999927 ], [ 127.661577500000021, -1.727878899999951 ], [ 127.64784, -1.730650299999979 ], [ 127.631478900000047, -1.720856699999956 ], [ 127.626310100000069, -1.719006799999931 ], [ 127.621400700000095, -1.720921299999929 ], [ 127.616721400000074, -1.717657299999928 ], [ 127.610213600000066, -1.722495399999957 ], [ 127.606632000000104, -1.733257499999979 ], [ 127.596764700000108, -1.738141 ], [ 127.582735400000047, -1.73311979999994 ], [ 127.566413300000022, -1.735744599999975 ], [ 127.554573800000071, -1.733913499999971 ], [ 127.525359700000081, -1.725020499999971 ] ] ], [ [ [ 127.465663100000029, -1.432375199999967 ], [ 127.464758, -1.434143899999924 ], [ 127.464069300000119, -1.432289699999956 ], [ 127.465663100000029, -1.432375199999967 ] ] ], [ [ [ 127.424129600000015, -1.430172599999935 ], [ 127.423997, -1.428751099999943 ], [ 127.425046, -1.429798699999935 ], [ 127.424129600000015, -1.430172599999935 ] ] ], [ [ [ 127.412386100000049, -1.312732399999959 ], [ 127.417673300000047, -1.315665 ], [ 127.434868300000062, -1.317844599999944 ], [ 127.42222460000005, -1.331722099999979 ], [ 127.418096100000071, -1.33298689999998 ], [ 127.4129474, -1.332307599999979 ], [ 127.410766800000033, -1.328841899999929 ], [ 127.415052500000115, -1.322423 ], [ 127.40685110000004, -1.325600299999962 ], [ 127.409286100000031, -1.324982299999931 ], [ 127.407702, -1.326700599999924 ], [ 127.410165500000062, -1.32825 ], [ 127.409129200000052, -1.329629399999931 ], [ 127.393977, -1.327732499999968 ], [ 127.401786800000082, -1.324301499999933 ], [ 127.406011800000101, -1.325261799999964 ], [ 127.400361700000076, -1.320977 ], [ 127.393335600000114, -1.324324099999956 ], [ 127.393123500000115, -1.327788299999952 ], [ 127.386378900000068, -1.328375299999948 ], [ 127.374842500000113, -1.317721399999925 ], [ 127.390531100000089, -1.312070499999948 ], [ 127.412386100000049, -1.312732399999959 ] ] ], [ [ [ 127.419270400000073, -1.215314599999942 ], [ 127.407921700000088, -1.198548699999947 ], [ 127.408919200000014, -1.178548899999953 ], [ 127.407298, -1.176085599999965 ], [ 127.409452000000101, -1.163322799999946 ], [ 127.406083700000067, -1.160205299999973 ], [ 127.402844200000118, -1.150052499999958 ], [ 127.3970031, -1.149722599999961 ], [ 127.395569400000113, -1.146731799999941 ], [ 127.396944400000052, -1.142913399999941 ], [ 127.408468200000016, -1.136738799999932 ], [ 127.415856600000097, -1.137949 ], [ 127.4251134000001, -1.146069899999929 ], [ 127.431883500000026, -1.159742399999971 ], [ 127.431617300000084, -1.16717959999994 ], [ 127.435144, -1.177207099999976 ], [ 127.444362200000114, -1.18769 ], [ 127.443979400000103, -1.202665199999956 ], [ 127.439616500000056, -1.21432139999996 ], [ 127.427642100000071, -1.22160109999993 ], [ 127.419270400000073, -1.215314599999942 ] ] ], [ [ [ 127.421138200000087, -0.646758599999941 ], [ 127.421326900000054, -0.647200199999929 ], [ 127.420911200000091, -0.646863799999949 ], [ 127.421138200000087, -0.646758599999941 ] ] ], [ [ [ 127.42374570000004, -0.643258499999945 ], [ 127.423424600000089, -0.646166699999981 ], [ 127.421926900000017, -0.646635199999935 ], [ 127.42130480000003, -0.642813799999942 ], [ 127.42374570000004, -0.643258499999945 ] ] ], [ [ [ 127.426047100000119, -0.630401 ], [ 127.433844200000067, -0.632293299999958 ], [ 127.43342240000004, -0.634727799999951 ], [ 127.426583, -0.634787399999936 ], [ 127.426047100000119, -0.630401 ] ] ], [ [ [ 127.433597600000098, -0.354322899999943 ], [ 127.431259100000034, -0.359224299999937 ], [ 127.428056800000036, -0.35959859999997 ], [ 127.418277300000113, -0.353224399999931 ], [ 127.4327465, -0.349843399999941 ], [ 127.433597600000098, -0.354322899999943 ] ] ], [ [ [ 127.40984990000004, -0.345320699999945 ], [ 127.408339, -0.341827299999977 ], [ 127.411265800000024, -0.341632 ], [ 127.40984990000004, -0.345320699999945 ] ] ], [ [ [ 127.407285400000092, -0.340993699999956 ], [ 127.399719000000118, -0.335849499999938 ], [ 127.398789900000111, -0.326131 ], [ 127.400222100000065, -0.322226799999953 ], [ 127.405928400000107, -0.319365799999957 ], [ 127.409664400000111, -0.320756499999959 ], [ 127.41054720000011, -0.323884199999952 ], [ 127.406067600000029, -0.337927199999967 ], [ 127.407285400000092, -0.340993699999956 ] ] ], [ [ [ 127.434757500000046, -0.23331589999998 ], [ 127.434300300000018, -0.232467399999962 ], [ 127.435229700000036, -0.232287199999973 ], [ 127.434757500000046, -0.23331589999998 ] ] ], [ [ [ 127.409090700000093, -0.104090699999972 ], [ 127.409695600000077, -0.103534899999943 ], [ 127.409311600000024, -0.104223 ], [ 127.409090700000093, -0.104090699999972 ] ] ], [ [ [ 127.415817400000037, -0.079835799999955 ], [ 127.410413, -0.092091899999957 ], [ 127.41354970000009, -0.099941899999976 ], [ 127.410508700000037, -0.104281399999934 ], [ 127.403111300000091, -0.088645099999951 ], [ 127.4026755000001, -0.072165499999926 ], [ 127.408845900000074, -0.03680479999997 ], [ 127.412770300000034, -0.02753 ], [ 127.412356300000056, -0.019451 ], [ 127.416132900000093, -0.016163499999948 ], [ 127.421994900000072, -0.017198199999939 ], [ 127.424261300000012, -0.022087499999941 ], [ 127.424494100000061, -0.033643099999949 ], [ 127.429544, -0.043217899999945 ], [ 127.428968300000065, -0.047402299999931 ], [ 127.422971800000028, -0.051582599999961 ], [ 127.421530300000086, -0.057499899999925 ], [ 127.418115400000033, -0.052492899999947 ], [ 127.4165263000001, -0.055914599999937 ], [ 127.415817400000037, -0.079835799999955 ] ] ], [ [ [ 127.419958300000076, -0.092562899999962 ], [ 127.417903400000114, -0.092463399999929 ], [ 127.416964900000039, -0.088171299999942 ], [ 127.419958300000076, -0.092562899999962 ] ] ], [ [ [ 127.44738150000012, -0.088047899999935 ], [ 127.447017100000039, -0.093599599999948 ], [ 127.444415800000115, -0.09464689999993 ], [ 127.434011500000111, -0.085978499999953 ], [ 127.438615700000014, -0.082888699999955 ], [ 127.44738150000012, -0.088047899999935 ] ] ], [ [ [ 127.430757800000038, -0.083861099999979 ], [ 127.43027410000002, -0.080439699999943 ], [ 127.433907400000066, -0.081544099999974 ], [ 127.433605500000112, -0.082553399999938 ], [ 127.430757800000038, -0.083861099999979 ] ] ], [ [ [ 127.422829100000058, -0.085315199999968 ], [ 127.419957300000078, -0.078988899999956 ], [ 127.42272150000008, -0.076032399999974 ], [ 127.426996800000097, -0.082119599999942 ], [ 127.426025, -0.085619599999973 ], [ 127.422829100000058, -0.085315199999968 ] ] ], [ [ [ 127.437786300000084, -0.080229 ], [ 127.434467800000107, -0.07649669999995 ], [ 127.438206, -0.073718799999938 ], [ 127.439824300000055, -0.076633799999968 ], [ 127.437786300000084, -0.080229 ] ] ], [ [ [ 127.42014190000009, -0.059344899999928 ], [ 127.434988, -0.063400099999967 ], [ 127.439022, -0.071549799999957 ], [ 127.438505300000088, -0.073555799999951 ], [ 127.437127100000112, -0.070865399999946 ], [ 127.436141300000031, -0.073834399999953 ], [ 127.431029900000112, -0.074750699999925 ], [ 127.420146500000101, -0.068680299999926 ], [ 127.42014190000009, -0.059344899999928 ] ] ], [ [ [ 127.472044100000062, -0.066992499999969 ], [ 127.468784500000083, -0.068809499999929 ], [ 127.466979700000024, -0.065324899999951 ], [ 127.46858490000011, -0.059961499999929 ], [ 127.472044100000062, -0.066992499999969 ] ] ], [ [ [ 127.472182700000076, -0.044866599999978 ], [ 127.468052400000033, -0.051857 ], [ 127.467985200000044, -0.059587299999976 ], [ 127.462743700000033, -0.054122899999925 ], [ 127.4655361, -0.051728699999956 ], [ 127.463837500000068, -0.047431699999947 ], [ 127.469186300000047, -0.040909299999953 ], [ 127.472182700000076, -0.044866599999978 ] ] ], [ [ [ 127.463646900000072, -0.012372399999947 ], [ 127.466906100000074, -0.041389799999934 ], [ 127.461969100000033, -0.034156199999927 ], [ 127.460376500000052, -0.03533189999996 ], [ 127.462223800000061, -0.039778499999954 ], [ 127.457191200000011, -0.039650199999926 ], [ 127.448103200000105, -0.021714299999928 ], [ 127.441754100000026, -0.017502899999954 ], [ 127.440373900000054, -0.01331289999996 ], [ 127.432379300000093, -0.005809399999976 ], [ 127.442688500000031, 0.007337700000051 ], [ 127.440501800000106, 0.010976400000061 ], [ 127.434638300000074, 0.012103400000058 ], [ 127.430641900000069, 0.021898300000032 ], [ 127.423498000000109, 0.023151200000029 ], [ 127.414032800000086, 0.010888300000033 ], [ 127.410049800000024, 0.008805700000039 ], [ 127.404979100000105, 0.009947400000044 ], [ 127.404069200000094, 0.019534800000031 ], [ 127.407978600000092, 0.025950500000022 ], [ 127.409020700000042, 0.04001420000003 ], [ 127.413578500000085, 0.055993900000033 ], [ 127.411540500000115, 0.067957 ], [ 127.415118900000039, 0.095457700000054 ], [ 127.424569500000075, 0.110695100000044 ], [ 127.426135600000066, 0.138933100000031 ], [ 127.4365199, 0.130373600000041 ], [ 127.456460900000025, 0.133092300000044 ], [ 127.459218600000099, 0.131026 ], [ 127.442728500000044, 0.116579900000033 ], [ 127.440680500000099, 0.102301500000067 ], [ 127.448537200000032, 0.072787100000028 ], [ 127.447829, 0.068619300000023 ], [ 127.45462770000006, 0.069159600000035 ], [ 127.462987600000019, 0.073965500000043 ], [ 127.466754400000013, 0.072548600000061 ], [ 127.46467240000004, 0.058007900000064 ], [ 127.458639300000073, 0.053017400000044 ], [ 127.460966800000051, 0.049967800000047 ], [ 127.460416100000089, 0.045606 ], [ 127.469788400000084, 0.034287900000038 ], [ 127.460478800000033, 0.025878 ], [ 127.457549900000117, 0.007375100000047 ], [ 127.459169100000054, 0.001175600000067 ], [ 127.465539400000011, -0.001897399999962 ], [ 127.466067600000088, -0.007648 ], [ 127.463646900000072, -0.012372399999947 ] ] ], [ [ [ 127.428871700000059, -0.018906399999935 ], [ 127.425316600000087, -0.018969399999946 ], [ 127.423525200000086, -0.012952599999949 ], [ 127.426497400000017, -0.011991 ], [ 127.430802400000061, -0.015671199999929 ], [ 127.428871700000059, -0.018906399999935 ] ] ], [ [ [ 127.411899700000049, -0.013125699999932 ], [ 127.412067800000045, -0.012484399999948 ], [ 127.412802300000067, -0.012965399999928 ], [ 127.411899700000049, -0.013125699999932 ] ] ], [ [ [ 127.413627400000109, -0.012724299999945 ], [ 127.411368100000118, -0.009798299999943 ], [ 127.411341500000049, -0.009165899999971 ], [ 127.413627400000109, -0.012724299999945 ] ] ], [ [ [ 127.424145900000099, 0.011826400000075 ], [ 127.430531900000119, 0.004537200000073 ], [ 127.424756200000047, 0.005221300000073 ], [ 127.424957900000095, -0.001726299999973 ], [ 127.428259800000092, -0.007626499999958 ], [ 127.422887600000081, -0.006985099999952 ], [ 127.4238219, -0.009828299999924 ], [ 127.42112520000012, -0.011324699999932 ], [ 127.420339500000068, -0.007327199999963 ], [ 127.416315700000041, -0.005702499999927 ], [ 127.419670600000018, -0.006921 ], [ 127.416825300000028, -0.002517299999965 ], [ 127.424980900000037, 0.009053700000038 ], [ 127.424145900000099, 0.011826400000075 ] ] ], [ [ [ 127.4309455, 0.011495800000034 ], [ 127.427776700000095, 0.014895900000056 ], [ 127.428913400000056, 0.015543600000058 ], [ 127.4309455, 0.011495800000034 ] ] ], [ [ [ 127.432031, 0.144684 ], [ 127.428634400000078, 0.145432500000027 ], [ 127.429724400000055, 0.152555100000029 ], [ 127.434032800000068, 0.15014050000002 ], [ 127.432031, 0.144684 ] ] ], [ [ [ 127.571289100000058, -1.860595699999976 ], [ 127.57067870000003, -1.861084 ], [ 127.57067870000003, -1.860412599999961 ], [ 127.571289100000058, -1.860595699999976 ] ] ], [ [ [ 127.5718994, -1.854492199999925 ], [ 127.570922900000028, -1.857299799999964 ], [ 127.571289100000058, -1.854370099999926 ], [ 127.5718994, -1.854492199999925 ] ] ], [ [ [ 127.645572800000082, -1.842101499999956 ], [ 127.639555900000119, -1.848672699999952 ], [ 127.633604400000081, -1.85122 ], [ 127.639936300000045, -1.847122699999943 ], [ 127.638634700000011, -1.844474299999945 ], [ 127.645572800000082, -1.842101499999956 ] ] ], [ [ [ 127.601074200000085, -1.846313499999951 ], [ 127.590087900000071, -1.849426299999948 ], [ 127.592285200000106, -1.850708 ], [ 127.591125500000089, -1.852600099999961 ], [ 127.596130400000106, -1.853027299999951 ], [ 127.59149170000012, -1.858276399999966 ], [ 127.578125000000114, -1.866516099999956 ], [ 127.572082500000079, -1.865600599999937 ], [ 127.572326700000076, -1.862915 ], [ 127.57769780000001, -1.861022899999966 ], [ 127.572692900000106, -1.860412599999961 ], [ 127.572082500000079, -1.843627899999944 ], [ 127.582702600000061, -1.828125 ], [ 127.584289600000034, -1.827575699999954 ], [ 127.585083, -1.831787099999929 ], [ 127.601684600000112, -1.822570799999937 ], [ 127.618182900000079, -1.823780299999953 ], [ 127.632857300000069, -1.820595699999956 ], [ 127.641152300000044, -1.821961399999964 ], [ 127.644976700000029, -1.826829799999928 ], [ 127.642210700000078, -1.832909599999937 ], [ 127.645409500000028, -1.834390799999937 ], [ 127.637903100000017, -1.840156799999932 ], [ 127.64129180000009, -1.841304199999968 ], [ 127.636598400000025, -1.841539099999977 ], [ 127.638279600000033, -1.843877799999973 ], [ 127.628497200000083, -1.850166699999932 ], [ 127.61964300000011, -1.851543099999958 ], [ 127.609063000000106, -1.847194 ], [ 127.60150150000004, -1.848327599999948 ], [ 127.601074200000085, -1.846313499999951 ] ] ], [ [ [ 127.648132300000043, -1.830318599999941 ], [ 127.646655500000065, -1.829465 ], [ 127.646083, -1.828185899999937 ], [ 127.647627500000112, -1.828280599999971 ], [ 127.648132300000043, -1.830318599999941 ] ] ], [ [ [ 127.5228806, -1.39428769999995 ], [ 127.52349090000007, -1.395732099999975 ], [ 127.522056600000042, -1.396006199999931 ], [ 127.5228806, -1.39428769999995 ] ] ], [ [ [ 127.705673800000113, -1.285511 ], [ 127.70449450000001, -1.288312699999949 ], [ 127.700606400000083, -1.28295769999994 ], [ 127.705673800000113, -1.285511 ] ] ], [ [ [ 127.702968300000066, -1.27106729999997 ], [ 127.703537200000028, -1.275414699999942 ], [ 127.700828000000115, -1.281955599999947 ], [ 127.697255900000073, -1.273579299999938 ], [ 127.699434700000097, -1.270706299999972 ], [ 127.702968300000066, -1.27106729999997 ] ] ], [ [ [ 127.694791800000075, -1.275805399999967 ], [ 127.697076100000118, -1.276201799999967 ], [ 127.694541200000117, -1.277242299999955 ], [ 127.694791800000075, -1.275805399999967 ] ] ], [ [ [ 127.706751, -1.272721899999965 ], [ 127.707288300000073, -1.269093599999962 ], [ 127.707464900000105, -1.272901799999943 ], [ 127.706751, -1.272721899999965 ] ] ], [ [ [ 127.69843590000005, -1.269304699999964 ], [ 127.700328800000079, -1.267078199999958 ], [ 127.699759100000051, -1.264347499999928 ], [ 127.701362800000084, -1.269378 ], [ 127.69843590000005, -1.269304699999964 ] ] ], [ [ [ 127.670546300000069, -1.223018099999933 ], [ 127.694298900000035, -1.225975799999958 ], [ 127.696296700000062, -1.22806049999997 ], [ 127.694132600000103, -1.237579799999935 ], [ 127.697424800000022, -1.256873799999937 ], [ 127.691114800000037, -1.276881299999957 ], [ 127.693681800000036, -1.282738599999959 ], [ 127.690899200000104, -1.279647499999953 ], [ 127.688720500000045, -1.282304899999929 ], [ 127.693038100000081, -1.285109399999953 ], [ 127.676638400000115, -1.281436399999961 ], [ 127.6733537, -1.282943599999953 ], [ 127.675708700000087, -1.284633299999939 ], [ 127.674316, -1.285818199999937 ], [ 127.6664995000001, -1.284808199999929 ], [ 127.67606400000011, -1.28783089999996 ], [ 127.678846400000111, -1.291281199999958 ], [ 127.677060800000049, -1.292825099999959 ], [ 127.670886200000041, -1.291851899999926 ], [ 127.658736400000066, -1.284013699999946 ], [ 127.637820500000089, -1.282745199999965 ], [ 127.609562500000038, -1.261713899999961 ], [ 127.58963, -1.258002899999951 ], [ 127.561385, -1.247785 ], [ 127.5317238, -1.250067599999966 ], [ 127.516223800000034, -1.267625299999963 ], [ 127.492611600000032, -1.271634899999924 ], [ 127.487901400000055, -1.269800099999941 ], [ 127.484373700000106, -1.259955199999979 ], [ 127.469868, -1.255312599999968 ], [ 127.465213300000073, -1.250316699999928 ], [ 127.465522800000031, -1.239755699999932 ], [ 127.479597500000068, -1.217384 ], [ 127.485238800000047, -1.213435699999934 ], [ 127.503889900000104, -1.208381 ], [ 127.509442800000102, -1.202816 ], [ 127.510419800000022, -1.177885799999956 ], [ 127.526499200000103, -1.176313799999946 ], [ 127.539703300000042, -1.179194699999925 ], [ 127.547648700000082, -1.171044199999926 ], [ 127.562556600000107, -1.182172399999956 ], [ 127.5653244, -1.188907599999936 ], [ 127.585929400000055, -1.202318099999957 ], [ 127.59315730000003, -1.201818899999978 ], [ 127.598863600000072, -1.210407799999928 ], [ 127.61119670000005, -1.207719899999972 ], [ 127.62563200000011, -1.212217899999928 ], [ 127.641510700000026, -1.221351 ], [ 127.647329, -1.220635399999935 ], [ 127.661104600000044, -1.224558199999933 ], [ 127.6603536, -1.227467799999943 ], [ 127.663887600000066, -1.226822899999945 ], [ 127.662139700000012, -1.224558699999932 ], [ 127.670546300000069, -1.223018099999933 ] ] ], [ [ [ 127.69876690000001, -1.228008099999954 ], [ 127.699976200000037, -1.227371499999947 ], [ 127.699774400000024, -1.228124499999979 ], [ 127.69876690000001, -1.228008099999954 ] ] ], [ [ [ 127.655950400000052, -0.779223899999977 ], [ 127.656150800000091, -0.778867699999978 ], [ 127.656185100000016, -0.779220199999941 ], [ 127.655950400000052, -0.779223899999977 ] ] ], [ [ [ 127.65737270000011, -0.777491299999951 ], [ 127.657776300000023, -0.777088899999967 ], [ 127.657730100000094, -0.777555599999971 ], [ 127.65737270000011, -0.777491299999951 ] ] ], [ [ [ 127.663319100000081, -0.676003599999945 ], [ 127.660370300000068, -0.672623699999974 ], [ 127.666316600000073, -0.670770799999957 ], [ 127.667572, -0.673856599999965 ], [ 127.663319100000081, -0.676003599999945 ] ] ], [ [ [ 127.614243100000067, -0.582687799999974 ], [ 127.606670600000029, -0.585407099999941 ], [ 127.605077900000083, -0.575891199999944 ], [ 127.613136200000099, -0.578174899999965 ], [ 127.614243100000067, -0.582687799999974 ] ] ], [ [ [ 127.619450900000061, -0.572335799999962 ], [ 127.61758060000011, -0.57163509999998 ], [ 127.619402700000023, -0.571121799999958 ], [ 127.619450900000061, -0.572335799999962 ] ] ], [ [ [ 127.679989400000068, -0.495011599999941 ], [ 127.676208200000019, -0.488755199999957 ], [ 127.680638400000021, -0.484910499999955 ], [ 127.682121300000063, -0.492654799999968 ], [ 127.679989400000068, -0.495011599999941 ] ] ], [ [ [ 127.712153500000113, -0.456931499999939 ], [ 127.709953900000073, -0.458698899999945 ], [ 127.709408900000085, -0.455763899999965 ], [ 127.703970200000072, -0.456192 ], [ 127.702163500000097, -0.4536 ], [ 127.7069715, -0.451970399999936 ], [ 127.712153500000113, -0.456931499999939 ] ] ], [ [ [ 127.721786100000031, -0.438864399999943 ], [ 127.722881100000109, -0.440859899999964 ], [ 127.721073900000079, -0.440308399999935 ], [ 127.721786100000031, -0.438864399999943 ] ] ], [ [ [ 127.725427900000113, -0.412512099999958 ], [ 127.736839, -0.415663299999949 ], [ 127.73765190000006, -0.418085599999927 ], [ 127.735286500000029, -0.420231599999966 ], [ 127.7377169, -0.423637499999927 ], [ 127.743593900000064, -0.426994599999944 ], [ 127.746081200000049, -0.424409699999956 ], [ 127.745723600000019, -0.427474099999927 ], [ 127.741578000000118, -0.42757169999993 ], [ 127.740602600000102, -0.430945099999974 ], [ 127.738050200000089, -0.430928799999947 ], [ 127.733790800000065, -0.42963629999997 ], [ 127.728244600000039, -0.422990599999935 ], [ 127.724751800000035, -0.422832699999958 ], [ 127.724768100000119, -0.417736099999956 ], [ 127.72579230000008, -0.422271899999942 ], [ 127.728499100000022, -0.422418199999925 ], [ 127.725427900000113, -0.412512099999958 ] ] ], [ [ [ 127.729534100000023, -0.40094339999996 ], [ 127.726169600000048, -0.404469399999925 ], [ 127.722606500000097, -0.406281799999931 ], [ 127.721317500000055, -0.402643299999966 ], [ 127.728401300000087, -0.399460699999963 ], [ 127.729534100000023, -0.40094339999996 ] ] ], [ [ [ 127.734717100000012, -0.398929599999974 ], [ 127.73554850000005, -0.398315199999956 ], [ 127.735368200000039, -0.399158 ], [ 127.734717100000012, -0.398929599999974 ] ] ], [ [ [ 127.743257500000027, -0.326465699999972 ], [ 127.748346500000025, -0.328061299999945 ], [ 127.748019000000113, -0.332067 ], [ 127.750557800000024, -0.334079299999928 ], [ 127.750039400000105, -0.340477 ], [ 127.748106500000063, -0.341459399999962 ], [ 127.758235700000114, -0.35728789999996 ], [ 127.75159090000011, -0.360334499999965 ], [ 127.749472200000014, -0.365762399999937 ], [ 127.75517380000008, -0.369134499999973 ], [ 127.751420100000018, -0.364994499999966 ], [ 127.756609900000058, -0.363222599999972 ], [ 127.758684100000096, -0.369562799999926 ], [ 127.756861800000024, -0.371183599999938 ], [ 127.759910200000036, -0.373140299999932 ], [ 127.753192, -0.37711239999993 ], [ 127.748404200000095, -0.376624899999968 ], [ 127.744063700000083, -0.382344199999977 ], [ 127.739570900000103, -0.382696899999928 ], [ 127.737437900000032, -0.38913789999998 ], [ 127.739680100000101, -0.389356299999974 ], [ 127.739604500000041, -0.393487899999968 ], [ 127.736715700000104, -0.390380799999946 ], [ 127.73323060000007, -0.391976399999976 ], [ 127.734171100000026, -0.395814099999939 ], [ 127.731853400000091, -0.394562899999926 ], [ 127.726386500000103, -0.396889 ], [ 127.726722400000085, -0.391270899999938 ], [ 127.733272600000078, -0.383813799999928 ], [ 127.739117400000055, -0.369092599999931 ], [ 127.739075400000047, -0.353456 ], [ 127.736161400000015, -0.348341799999957 ], [ 127.739738800000055, -0.339566199999979 ], [ 127.743887300000097, -0.338348499999938 ], [ 127.742560500000081, -0.329237 ], [ 127.743257500000027, -0.326465699999972 ] ] ], [ [ [ 127.569441600000118, -0.310736799999972 ], [ 127.568994, -0.310167399999955 ], [ 127.569748000000118, -0.310191199999963 ], [ 127.569441600000118, -0.310736799999972 ] ] ], [ [ [ 127.5443007, -0.297045599999933 ], [ 127.556165, -0.300046299999963 ], [ 127.554856400000062, -0.304116199999953 ], [ 127.558391, -0.303879499999937 ], [ 127.55978180000011, -0.30006039999995 ], [ 127.563292700000034, -0.300440399999957 ], [ 127.56710970000006, -0.30399929999993 ], [ 127.568758300000013, -0.310001299999954 ], [ 127.563716000000113, -0.307225099999926 ], [ 127.562514, -0.309004099999925 ], [ 127.565294300000119, -0.310617599999944 ], [ 127.562772700000096, -0.312420199999963 ], [ 127.558295700000031, -0.311280899999929 ], [ 127.558720200000039, -0.308813799999939 ], [ 127.555114600000024, -0.310995799999944 ], [ 127.545701100000088, -0.309191599999963 ], [ 127.542179300000043, -0.30214559999996 ], [ 127.5443007, -0.297045599999933 ] ] ], [ [ [ 127.680068800000072, -0.242900599999928 ], [ 127.671078400000056, -0.229344499999968 ], [ 127.670982, -0.222807899999964 ], [ 127.666966700000103, -0.223869299999933 ], [ 127.663174, -0.221232899999961 ], [ 127.661082700000065, -0.208500499999957 ], [ 127.667204600000105, -0.202181199999927 ], [ 127.669118900000058, -0.194075799999951 ], [ 127.667888100000027, -0.187808799999971 ], [ 127.675763300000085, -0.174060899999972 ], [ 127.676546, -0.16291 ], [ 127.681407300000046, -0.158292399999937 ], [ 127.680445100000043, -0.153033199999925 ], [ 127.687105200000019, -0.137391199999968 ], [ 127.685933400000067, -0.126153899999963 ], [ 127.689988700000072, -0.116737799999953 ], [ 127.689348900000027, -0.109022299999936 ], [ 127.699849700000073, -0.099890199999948 ], [ 127.696600900000021, -0.08880019999998 ], [ 127.698237100000028, -0.047222399999953 ], [ 127.6942911000001, -0.028555299999937 ], [ 127.700803200000109, -0.018745199999955 ], [ 127.699716300000091, -0.010022799999945 ], [ 127.710227600000053, -0.007976399999961 ], [ 127.712909400000058, 0.003220900000031 ], [ 127.723037100000056, 0.00167730000004 ], [ 127.725565600000095, 0.007314600000029 ], [ 127.727435700000115, 0.003230300000041 ], [ 127.732822100000021, 0.004802300000051 ], [ 127.740197100000046, 0.020991500000036 ], [ 127.748086200000103, 0.023511600000063 ], [ 127.753872300000012, 0.019965100000036 ], [ 127.768103600000018, 0.02551 ], [ 127.76856250000003, 0.008198200000038 ], [ 127.772620200000119, 0.003337 ], [ 127.786537800000019, 0.00578710000002 ], [ 127.792020600000114, 0.012048900000025 ], [ 127.795731700000033, 0.012626600000033 ], [ 127.802418800000055, 0.02149490000005 ], [ 127.810157300000014, 0.018111400000066 ], [ 127.817210100000011, 0.031213 ], [ 127.814483200000041, 0.038219 ], [ 127.807357400000114, 0.042355600000064 ], [ 127.805961600000046, 0.048022600000024 ], [ 127.796565700000087, 0.05371370000006 ], [ 127.79506, 0.06129 ], [ 127.798564600000077, 0.06995610000007 ], [ 127.795305400000075, 0.070573700000068 ], [ 127.794221600000014, 0.07446340000007 ], [ 127.796929500000033, 0.081741800000032 ], [ 127.790024300000027, 0.087471100000073 ], [ 127.792365300000029, 0.116723100000058 ], [ 127.788769900000034, 0.125592500000039 ], [ 127.791049, 0.135076900000058 ], [ 127.788592100000074, 0.152249400000073 ], [ 127.798639100000059, 0.147525500000029 ], [ 127.800468500000079, 0.150780900000029 ], [ 127.808705, 0.150022600000057 ], [ 127.81479980000006, 0.144770900000026 ], [ 127.823999600000093, 0.125357400000041 ], [ 127.826784100000054, 0.126619700000049 ], [ 127.834492100000034, 0.120948800000065 ], [ 127.835494900000072, 0.128868 ], [ 127.839572800000042, 0.128255700000068 ], [ 127.844199500000059, 0.134379 ], [ 127.849723900000072, 0.135961500000064 ], [ 127.853964100000098, 0.133367 ], [ 127.877036, 0.131447100000059 ], [ 127.887494200000106, 0.144168500000035 ], [ 127.894446900000048, 0.14730510000004 ], [ 127.89665350000007, 0.175831800000026 ], [ 127.921586100000013, 0.176734700000054 ], [ 127.926271500000098, 0.117679 ], [ 127.92384960000004, 0.110647700000072 ], [ 127.925258700000086, 0.108117 ], [ 127.928819, 0.109835800000042 ], [ 127.929946200000018, 0.108050100000071 ], [ 127.90380110000001, 0.104874700000039 ], [ 127.887997300000052, 0.08319240000003 ], [ 127.888052100000095, 0.074288900000056 ], [ 127.891095800000016, 0.068490700000041 ], [ 127.895108300000061, 0.066539700000021 ], [ 127.890099700000064, 0.058295600000065 ], [ 127.892911200000071, 0.056097200000067 ], [ 127.894221500000072, 0.04928220000005 ], [ 127.889786, 0.042412100000035 ], [ 127.887643400000115, 0.03128270000002 ], [ 127.889891900000066, -0.00113719999996 ], [ 127.894155400000045, -0.01814909999996 ], [ 127.902854300000058, -0.025664599999971 ], [ 127.911146700000018, -0.056858499999976 ], [ 127.933323, -0.086449399999935 ], [ 127.946206700000062, -0.111008899999945 ], [ 127.953015, -0.138555799999949 ], [ 127.96546120000005, -0.163587399999926 ], [ 127.981765800000062, -0.263958099999968 ], [ 127.991409700000077, -0.285292099999936 ], [ 128.002678500000115, -0.299607499999979 ], [ 128.005751, -0.312236599999949 ], [ 128.011885, -0.321218299999941 ], [ 128.016008100000022, -0.322602399999937 ], [ 128.040819, -0.386378699999966 ], [ 128.04948370000011, -0.417354799999941 ], [ 128.052607100000046, -0.419367799999975 ], [ 128.056418300000018, -0.417607199999964 ], [ 128.060119100000065, -0.424526 ], [ 128.064741900000058, -0.426759299999958 ], [ 128.0646001, -0.43726259999994 ], [ 128.079435300000114, -0.457736499999953 ], [ 128.09094180000011, -0.492487099999948 ], [ 128.101997400000073, -0.51129409999993 ], [ 128.105308600000058, -0.512017799999967 ], [ 128.110415200000034, -0.518087899999955 ], [ 128.120580700000119, -0.535605499999974 ], [ 128.126203200000077, -0.538719599999979 ], [ 128.16055730000005, -0.596116599999959 ], [ 128.185387400000081, -0.628543199999967 ], [ 128.189073900000039, -0.650461899999925 ], [ 128.193123600000035, -0.655607399999951 ], [ 128.1989072, -0.671755 ], [ 128.209846600000105, -0.681335099999956 ], [ 128.209744200000046, -0.691757799999948 ], [ 128.215631600000052, -0.699872399999947 ], [ 128.226563700000042, -0.709460699999966 ], [ 128.226992400000086, -0.712795799999981 ], [ 128.232757300000117, -0.714892099999929 ], [ 128.23437720000004, -0.721038199999953 ], [ 128.238474600000018, -0.721467 ], [ 128.253434700000071, -0.733139699999924 ], [ 128.2554358000001, -0.732377399999962 ], [ 128.26563150000004, -0.742192 ], [ 128.286181900000088, -0.753991799999937 ], [ 128.294948300000101, -0.763457 ], [ 128.299013900000091, -0.764791 ], [ 128.307293600000094, -0.77723009999994 ], [ 128.309191700000042, -0.790101299999947 ], [ 128.319700500000067, -0.794958799999961 ], [ 128.331070400000044, -0.807515099999932 ], [ 128.34849, -0.816347499999949 ], [ 128.353849900000114, -0.825941799999953 ], [ 128.356342300000051, -0.826236599999959 ], [ 128.363473900000031, -0.836149499999976 ], [ 128.381453500000021, -0.852982599999962 ], [ 128.418663300000048, -0.875717599999973 ], [ 128.4296845, -0.878253899999947 ], [ 128.435529100000053, -0.882101899999952 ], [ 128.455873000000111, -0.902159899999958 ], [ 128.45768350000003, -0.906304899999952 ], [ 128.456172500000093, -0.911562099999969 ], [ 128.45007570000007, -0.913979199999972 ], [ 128.438495300000113, -0.903084199999967 ], [ 128.420349100000067, -0.899693099999979 ], [ 128.418653500000119, -0.894426 ], [ 128.411726900000076, -0.894786699999941 ], [ 128.401120500000047, -0.885623399999929 ], [ 128.381212600000026, -0.880110499999944 ], [ 128.380272000000105, -0.87797269999993 ], [ 128.372451200000114, -0.877968 ], [ 128.368637300000046, -0.880767799999944 ], [ 128.362300700000105, -0.878099799999973 ], [ 128.354554900000039, -0.882342599999959 ], [ 128.354248900000016, -0.888533799999948 ], [ 128.352152600000068, -0.88953429999998 ], [ 128.316167800000017, -0.86401989999996 ], [ 128.31361830000003, -0.864824499999941 ], [ 128.311904500000082, -0.874158199999954 ], [ 128.307879700000058, -0.879038299999934 ], [ 128.299468800000113, -0.881603 ], [ 128.285935300000119, -0.879084499999976 ], [ 128.274016800000027, -0.867856399999937 ], [ 128.265298, -0.868714 ], [ 128.260422700000049, -0.863318799999945 ], [ 128.24490650000007, -0.857136499999967 ], [ 128.23004160000005, -0.846512 ], [ 128.225706100000025, -0.839317799999947 ], [ 128.225515500000029, -0.832695299999955 ], [ 128.232042700000079, -0.826978 ], [ 128.240870100000052, -0.826795799999957 ], [ 128.24057090000008, -0.821117799999968 ], [ 128.253768200000081, -0.821641899999975 ], [ 128.271158200000059, -0.831456499999945 ], [ 128.27906710000002, -0.838555499999927 ], [ 128.282211600000096, -0.838317199999949 ], [ 128.283593200000041, -0.832647599999973 ], [ 128.279877, -0.826025199999947 ], [ 128.273921500000029, -0.827121 ], [ 128.270379300000059, -0.820448699999929 ], [ 128.268061400000079, -0.821927799999969 ], [ 128.265441, -0.811398499999939 ], [ 128.257770300000061, -0.803537299999959 ], [ 128.25600750000001, -0.796343099999945 ], [ 128.25324420000004, -0.796533699999941 ], [ 128.25324420000004, -0.79858239999993 ], [ 128.245915700000069, -0.788104199999964 ], [ 128.238790900000026, -0.786893 ], [ 128.22977810000009, -0.779483199999959 ], [ 128.226963800000021, -0.773249 ], [ 128.230312400000116, -0.770862199999954 ], [ 128.233126700000071, -0.773498399999937 ], [ 128.235513500000025, -0.772322799999927 ], [ 128.234907900000053, -0.777951399999949 ], [ 128.237544100000036, -0.774175299999968 ], [ 128.237757800000054, -0.777951399999949 ], [ 128.239895300000057, -0.779447599999969 ], [ 128.238897800000018, -0.772607799999946 ], [ 128.247162600000024, -0.769900399999926 ], [ 128.244455100000096, -0.767299799999932 ], [ 128.247376300000042, -0.764129299999979 ], [ 128.243315200000097, -0.764200499999959 ], [ 128.243294800000058, -0.759961399999952 ], [ 128.239966500000037, -0.769864799999937 ], [ 128.224719500000106, -0.769829099999924 ], [ 128.227569400000107, -0.758785699999976 ], [ 128.234373600000026, -0.752800899999954 ], [ 128.233803600000101, -0.75020029999996 ], [ 128.227213200000051, -0.756826399999966 ], [ 128.225148500000046, -0.756087899999955 ], [ 128.222980600000028, -0.763753 ], [ 128.219436100000053, -0.765686699999947 ], [ 128.220610700000066, -0.770132799999942 ], [ 128.216915900000117, -0.772405799999945 ], [ 128.201879800000029, -0.763080799999955 ], [ 128.186961100000076, -0.760794699999963 ], [ 128.166776800000093, -0.750284499999964 ], [ 128.162278400000105, -0.750878899999975 ], [ 128.155331, -0.747868799999935 ], [ 128.151146400000016, -0.749067199999956 ], [ 128.147622800000022, -0.744963399999961 ], [ 128.132447700000057, -0.738082599999927 ], [ 128.128939500000115, -0.739321699999948 ], [ 128.125673300000017, -0.736707399999943 ], [ 128.118155100000081, -0.736628499999938 ], [ 128.115314700000113, -0.733416099999943 ], [ 128.111888100000101, -0.734261499999945 ], [ 128.086008400000082, -0.722854599999948 ], [ 128.065597500000081, -0.71795179999998 ], [ 128.057331600000111, -0.709807699999942 ], [ 128.035389900000041, -0.69900569999993 ], [ 128.030255400000101, -0.69276119999995 ], [ 128.01955190000001, -0.686382199999969 ], [ 128.008858600000053, -0.67198 ], [ 128.002376, -0.667595899999981 ], [ 128.001044500000035, -0.659752899999944 ], [ 127.996517600000061, -0.65783179999994 ], [ 127.998216800000023, -0.651542199999938 ], [ 127.992903600000091, -0.644054399999959 ], [ 127.995693300000084, -0.629287799999929 ], [ 127.990830300000084, -0.62279529999995 ], [ 127.988376600000038, -0.611528599999929 ], [ 127.975214200000096, -0.595937899999967 ], [ 127.9748528, -0.586947299999963 ], [ 127.964778, -0.57824839999995 ], [ 127.958811800000035, -0.567590399999972 ], [ 127.954633600000079, -0.556057399999929 ], [ 127.95370790000004, -0.541214799999977 ], [ 127.950835700000084, -0.539319 ], [ 127.950835700000084, -0.533435199999928 ], [ 127.9465877, -0.530512299999941 ], [ 127.938364400000069, -0.503597799999966 ], [ 127.93390080000006, -0.501131399999963 ], [ 127.932188900000028, -0.495545599999957 ], [ 127.924682, -0.494220499999926 ], [ 127.919148800000016, -0.484115599999939 ], [ 127.913476700000047, -0.481624199999942 ], [ 127.906393600000115, -0.474151699999936 ], [ 127.905235900000093, -0.446127299999944 ], [ 127.900076300000023, -0.442000899999925 ], [ 127.900264900000025, -0.434403799999927 ], [ 127.895692500000109, -0.430378099999928 ], [ 127.894556600000101, -0.423283899999944 ], [ 127.890258700000118, -0.42179909999993 ], [ 127.883613400000058, -0.410377199999971 ], [ 127.880603900000096, -0.399006199999974 ], [ 127.881167400000095, -0.389597899999956 ], [ 127.877182100000027, -0.387358499999948 ], [ 127.8743842, -0.38084269999996 ], [ 127.868687, -0.380313699999931 ], [ 127.864415800000074, -0.36602449999998 ], [ 127.850535200000081, -0.364136099999939 ], [ 127.845721200000071, -0.360512599999936 ], [ 127.844499900000073, -0.355242399999952 ], [ 127.82959720000008, -0.350297699999942 ], [ 127.825587500000097, -0.34327879999995 ], [ 127.818351500000063, -0.337799899999936 ], [ 127.811245400000075, -0.336786899999936 ], [ 127.803024100000016, -0.34005609999997 ], [ 127.793004400000086, -0.33826879999998 ], [ 127.788756800000101, -0.33597919999994 ], [ 127.783259300000054, -0.327508699999953 ], [ 127.771308100000056, -0.327400299999965 ], [ 127.75558070000011, -0.320033499999965 ], [ 127.750511800000027, -0.320112299999948 ], [ 127.751779, -0.315168099999937 ], [ 127.744668, -0.312311899999941 ], [ 127.746125700000107, -0.308017699999937 ], [ 127.742475, -0.306107 ], [ 127.740150600000106, -0.308759699999939 ], [ 127.739559700000086, -0.305325699999969 ], [ 127.735981200000083, -0.304104399999972 ], [ 127.739723800000093, -0.301904799999932 ], [ 127.738423800000078, -0.298792499999934 ], [ 127.735817100000077, -0.303671 ], [ 127.731132100000082, -0.303237399999944 ], [ 127.7138112, -0.290983299999937 ], [ 127.70480590000011, -0.276888399999962 ], [ 127.68688510000004, -0.26997659999995 ], [ 127.689344400000095, -0.247618 ], [ 127.680068800000072, -0.242900599999928 ] ] ], [ [ [ 128.067374600000107, -1.543189799999936 ], [ 128.058624700000109, -1.544011399999931 ], [ 128.057381400000054, -1.538721599999974 ], [ 128.066192600000022, -1.536493599999972 ], [ 128.068621900000039, -1.539215799999965 ], [ 128.067374600000107, -1.543189799999936 ] ] ], [ [ [ 128.078740800000105, -1.533900299999971 ], [ 128.093560300000036, -1.539823899999931 ], [ 128.08375060000003, -1.540812199999948 ], [ 128.078740800000105, -1.533900299999971 ] ] ], [ [ [ 128.0398877, -1.527034599999979 ], [ 128.046873500000061, -1.530462 ], [ 128.045624500000031, -1.538349499999924 ], [ 128.037453300000038, -1.536022199999934 ], [ 128.031471600000032, -1.528987499999971 ], [ 128.0398877, -1.527034599999979 ] ] ], [ [ [ 127.993969100000072, -1.490192799999932 ], [ 127.998987700000043, -1.503007 ], [ 127.993877600000019, -1.50505 ], [ 127.989306300000067, -1.501724199999956 ], [ 127.984993800000098, -1.488143299999933 ], [ 127.989567100000045, -1.487009099999966 ], [ 127.993969100000072, -1.490192799999932 ] ] ], [ [ [ 127.956805200000076, -1.466802399999949 ], [ 127.969112600000017, -1.473890899999958 ], [ 127.959422, -1.470382 ], [ 127.956805200000076, -1.466802399999949 ] ] ], [ [ [ 127.8421072000001, -1.430679599999962 ], [ 127.843982600000118, -1.427122699999927 ], [ 127.847151500000109, -1.430679599999962 ], [ 127.844629300000065, -1.433298699999966 ], [ 127.8421072000001, -1.430679599999962 ] ] ], [ [ [ 127.86473500000011, -1.426871799999958 ], [ 127.872052200000098, -1.417658 ], [ 127.878799100000037, -1.420664699999975 ], [ 127.877791900000034, -1.424592 ], [ 127.871172200000046, -1.425944899999934 ], [ 127.869223500000089, -1.431111399999963 ], [ 127.86473500000011, -1.426871799999958 ] ] ], [ [ [ 127.873202700000093, -1.386533499999928 ], [ 127.87326680000001, -1.38677569999993 ], [ 127.872924800000078, -1.38671869999996 ], [ 127.873202700000093, -1.386533499999928 ] ] ], [ [ [ 127.869018300000107, -1.384489499999972 ], [ 127.868896500000119, -1.385681199999965 ], [ 127.868713400000047, -1.384521499999948 ], [ 127.869018300000107, -1.384489499999972 ] ] ], [ [ [ 127.83315170000003, -1.362801599999955 ], [ 127.8342546, -1.364180899999951 ], [ 127.833183, -1.364775 ], [ 127.83315170000003, -1.362801599999955 ] ] ], [ [ [ 127.875886400000013, -0.825881299999935 ], [ 127.875673700000107, -0.827091899999971 ], [ 127.874966300000096, -0.826007 ], [ 127.875886400000013, -0.825881299999935 ] ] ], [ [ [ 127.892344300000104, -0.750356299999964 ], [ 127.892458300000044, -0.750805899999932 ], [ 127.892222600000082, -0.750509199999954 ], [ 127.892344300000104, -0.750356299999964 ] ] ], [ [ [ 127.878022000000101, -0.732476 ], [ 127.879068800000027, -0.730356599999936 ], [ 127.8818993000001, -0.734578899999974 ], [ 127.88072370000009, -0.734490299999948 ], [ 127.878022000000101, -0.732476 ] ] ], [ [ [ 127.755499800000052, -0.414306499999952 ], [ 127.7539815, -0.416251099999954 ], [ 127.752840000000106, -0.415989699999955 ], [ 127.755499800000052, -0.414306499999952 ] ] ], [ [ [ 127.761103800000114, -0.368941499999949 ], [ 127.763133200000084, -0.371602099999961 ], [ 127.7621282, -0.373549099999934 ], [ 127.760293, -0.371607 ], [ 127.761103800000114, -0.368941499999949 ] ] ], [ [ [ 127.762375, -0.332713 ], [ 127.763980300000071, -0.332959199999948 ], [ 127.7629511, -0.333811199999957 ], [ 127.762375, -0.332713 ] ] ], [ [ [ 128.349984200000108, -1.601698299999953 ], [ 128.362451800000031, -1.610143799999946 ], [ 128.365717400000108, -1.619066199999963 ], [ 128.362188100000026, -1.645801099999971 ], [ 128.3552, -1.652998099999934 ], [ 128.338028800000075, -1.657707199999948 ], [ 128.32975040000008, -1.66380259999994 ], [ 128.32246960000009, -1.665296399999932 ], [ 128.317560500000013, -1.663883099999964 ], [ 128.297001600000044, -1.648404699999958 ], [ 128.294492300000115, -1.643745499999966 ], [ 128.297202600000105, -1.635192199999949 ], [ 128.303813800000057, -1.622603 ], [ 128.311812, -1.614390199999946 ], [ 128.322376700000063, -1.60770279999997 ], [ 128.337373400000047, -1.602597699999933 ], [ 128.349984200000108, -1.601698299999953 ] ] ], [ [ [ 128.09956950000003, -1.563077 ], [ 128.097230800000034, -1.567009399999961 ], [ 128.098835800000074, -1.57368589999993 ], [ 128.095036400000026, -1.577842299999929 ], [ 128.084395, -1.57221949999996 ], [ 128.085309900000084, -1.566059199999927 ], [ 128.088445, -1.568974299999979 ], [ 128.089187500000094, -1.569084299999929 ], [ 128.087051100000053, -1.566373499999941 ], [ 128.08847250000008, -1.562374099999943 ], [ 128.100682900000038, -1.560229 ], [ 128.103543, -1.561741499999926 ], [ 128.09956950000003, -1.563077 ] ] ], [ [ [ 128.366893400000095, -1.130777099999932 ], [ 128.384717500000079, -1.135913599999981 ], [ 128.382112100000086, -1.136383699999953 ], [ 128.382356700000059, -1.137616499999979 ], [ 128.393244500000037, -1.142908299999931 ], [ 128.39326630000005, -1.145239299999957 ], [ 128.396005400000035, -1.144096799999943 ], [ 128.395314800000051, -1.145688 ], [ 128.398899800000095, -1.146226699999943 ], [ 128.400146200000108, -1.148871699999972 ], [ 128.405223100000057, -1.14959 ], [ 128.406157500000063, -1.153893499999924 ], [ 128.403061900000012, -1.155551499999945 ], [ 128.387666300000092, -1.143377799999939 ], [ 128.371779200000105, -1.139877899999931 ], [ 128.363040500000011, -1.133734799999957 ], [ 128.366893400000095, -1.130777099999932 ] ] ], [ [ [ 128.333760200000029, -1.121707499999957 ], [ 128.33645, -1.12031989999997 ], [ 128.337564800000109, -1.122546199999931 ], [ 128.335424400000079, -1.123479199999963 ], [ 128.333760200000029, -1.121707499999957 ] ] ], [ [ [ 128.310148600000048, -1.118526399999951 ], [ 128.307919600000105, -1.12058769999993 ], [ 128.306817400000114, -1.11725679999995 ], [ 128.30875350000008, -1.11650949999995 ], [ 128.310148600000048, -1.118526399999951 ] ] ], [ [ [ 128.344178400000033, -1.110929799999951 ], [ 128.347815900000114, -1.11523909999994 ], [ 128.347886300000027, -1.119236399999977 ], [ 128.345269900000062, -1.121820899999932 ], [ 128.335901, -1.119114 ], [ 128.328910900000096, -1.113535299999967 ], [ 128.331123200000093, -1.109849699999927 ], [ 128.3367359, -1.107696699999963 ], [ 128.344178400000033, -1.110929799999951 ] ] ], [ [ [ 128.319501700000046, -1.113664799999924 ], [ 128.317543400000091, -1.113097899999957 ], [ 128.319175100000052, -1.112793099999976 ], [ 128.319501700000046, -1.113664799999924 ] ] ], [ [ [ 128.299210300000027, -1.112089099999935 ], [ 128.298413600000117, -1.110413 ], [ 128.299975700000118, -1.111772099999939 ], [ 128.299210300000027, -1.112089099999935 ] ] ], [ [ [ 128.342433300000039, -1.101318 ], [ 128.34492130000001, -1.109485499999948 ], [ 128.335592800000086, -1.105125399999963 ], [ 128.335980800000016, -1.103320699999927 ], [ 128.342433300000039, -1.101318 ] ] ], [ [ [ 128.338045, -1.102287499999932 ], [ 128.334169600000109, -1.098792 ], [ 128.340329600000018, -1.094389099999944 ], [ 128.341755600000056, -1.098075599999959 ], [ 128.338045, -1.102287499999932 ] ] ], [ [ [ 128.312692800000036, -1.088122899999973 ], [ 128.315177800000015, -1.086372599999947 ], [ 128.317936800000098, -1.089422899999931 ], [ 128.315391, -1.092032 ], [ 128.312692800000036, -1.088122899999973 ] ] ], [ [ [ 128.236811700000089, -1.042488599999956 ], [ 128.241949200000022, -1.04014849999993 ], [ 128.251082500000052, -1.044714599999963 ], [ 128.252053, -1.047568399999932 ], [ 128.248457600000052, -1.053314099999966 ], [ 128.246060200000102, -1.05234379999996 ], [ 128.245375200000012, -1.047264 ], [ 128.241379300000062, -1.046065499999941 ], [ 128.2353855, -1.050745599999971 ], [ 128.233730200000082, -1.054569799999967 ], [ 128.235384600000089, -1.062865 ], [ 128.239209200000118, -1.063321599999938 ], [ 128.243490400000042, -1.059440399999971 ], [ 128.244860500000073, -1.061323899999934 ], [ 128.243604600000026, -1.06526219999995 ], [ 128.237382500000081, -1.068401399999971 ], [ 128.228991300000075, -1.061438099999975 ], [ 128.22602280000001, -1.039749 ], [ 128.228534500000023, -1.037180499999977 ], [ 128.231617100000108, -1.038036599999941 ], [ 128.233672100000035, -1.048253399999965 ], [ 128.236811700000089, -1.042488599999956 ] ] ], [ [ [ 128.156079100000056, -1.048838 ], [ 128.156430800000066, -1.048637099999951 ], [ 128.156391700000086, -1.048929799999939 ], [ 128.156079100000056, -1.048838 ] ] ], [ [ [ 128.15551830000004, -1.04794069999997 ], [ 128.155783200000087, -1.047587 ], [ 128.155635500000017, -1.047988699999962 ], [ 128.15551830000004, -1.04794069999997 ] ] ], [ [ [ 128.34863780000012, -1.036036399999944 ], [ 128.360478100000023, -1.044263399999977 ], [ 128.350832200000013, -1.054154099999948 ], [ 128.34558410000011, -1.05556619999993 ], [ 128.339151300000026, -1.053873599999974 ], [ 128.334815800000115, -1.039138 ], [ 128.340339800000038, -1.038583199999948 ], [ 128.341146300000105, -1.034413099999938 ], [ 128.34863780000012, -1.036036399999944 ] ] ], [ [ [ 128.155658, -1.045283299999937 ], [ 128.156275800000117, -1.044795099999931 ], [ 128.155917100000011, -1.045416599999953 ], [ 128.155658, -1.045283299999937 ] ] ], [ [ [ 128.355059, -1.037868 ], [ 128.356509, -1.0381 ], [ 128.356791500000099, -1.03900509999994 ], [ 128.355059, -1.037868 ] ] ], [ [ [ 128.17824070000006, -1.033391799999947 ], [ 128.178102200000012, -1.040193 ], [ 128.175544800000011, -1.038980799999933 ], [ 128.174288400000023, -1.031339399999979 ], [ 128.17824070000006, -1.033391799999947 ] ] ], [ [ [ 128.334718600000087, -1.034997899999951 ], [ 128.335758300000066, -1.035786599999938 ], [ 128.334151200000065, -1.035895 ], [ 128.334718600000087, -1.034997899999951 ] ] ], [ [ [ 128.140217800000073, -1.030976499999952 ], [ 128.140605700000037, -1.030976599999974 ], [ 128.140396800000076, -1.031131 ], [ 128.140217800000073, -1.030976499999952 ] ] ], [ [ [ 128.140322800000035, -1.030433 ], [ 128.141218500000036, -1.029757299999972 ], [ 128.140684400000055, -1.030701699999952 ], [ 128.140322800000035, -1.030433 ] ] ], [ [ [ 128.139684000000102, -1.030082799999946 ], [ 128.140148700000054, -1.029791299999943 ], [ 128.140225400000077, -1.030005799999969 ], [ 128.139684000000102, -1.030082799999946 ] ] ], [ [ [ 128.138477400000056, -1.029078099999936 ], [ 128.134758900000065, -1.02657 ], [ 128.134574800000109, -1.026091099999974 ], [ 128.138477400000056, -1.029078099999936 ] ] ], [ [ [ 128.134475700000053, -1.021914 ], [ 128.133145400000103, -1.023338099999933 ], [ 128.134050800000068, -1.02609 ], [ 128.132600400000115, -1.023366599999974 ], [ 128.134475700000053, -1.021914 ] ] ], [ [ [ 128.177713500000095, -1.014158699999939 ], [ 128.177491600000053, -1.012917499999958 ], [ 128.178008200000022, -1.01425 ], [ 128.177713500000095, -1.014158699999939 ] ] ], [ [ [ 128.161957600000051, -1.00907419999993 ], [ 128.161289600000032, -1.00809419999996 ], [ 128.16253990000007, -1.009016699999961 ], [ 128.161957600000051, -1.00907419999993 ] ] ], [ [ [ 128.160228500000017, -1.007495899999981 ], [ 128.160400500000037, -1.007063699999946 ], [ 128.160486300000116, -1.007476799999949 ], [ 128.160228500000017, -1.007495899999981 ] ] ], [ [ [ 128.15933, -1.006215199999929 ], [ 128.15917740000009, -1.005446699999936 ], [ 128.159645, -1.006138499999963 ], [ 128.15933, -1.006215199999929 ] ] ], [ [ [ 128.157906600000047, -1.004791099999977 ], [ 128.158422200000018, -1.004455 ], [ 128.158431700000051, -1.004868099999953 ], [ 128.157906600000047, -1.004791099999977 ] ] ], [ [ [ 128.157437100000038, -1.003403099999957 ], [ 128.154242200000112, -1.001734899999974 ], [ 128.154227100000071, -1.001322799999969 ], [ 128.157437100000038, -1.003403099999957 ] ] ], [ [ [ 128.172555100000068, -0.998009499999966 ], [ 128.174797500000068, -1.00248449999998 ], [ 128.169879600000058, -0.998329299999966 ], [ 128.172555100000068, -0.998009499999966 ] ] ], [ [ [ 128.380246400000033, -0.994688099999962 ], [ 128.380776500000024, -0.995985599999926 ], [ 128.379556900000011, -0.994688 ], [ 128.380246400000033, -0.994688099999962 ] ] ], [ [ [ 128.379396, -0.993645399999934 ], [ 128.380248300000062, -0.992781499999978 ], [ 128.380201500000112, -0.993691899999931 ], [ 128.379396, -0.993645399999934 ] ] ], [ [ [ 128.373918700000104, -0.990377699999954 ], [ 128.373274500000093, -0.989057 ], [ 128.37463230000003, -0.989706 ], [ 128.373918700000104, -0.990377699999954 ] ] ], [ [ [ 128.323095100000046, -0.938356099999964 ], [ 128.329978600000118, -0.943107 ], [ 128.324960600000054, -0.946025199999951 ], [ 128.322704400000021, -0.949615699999924 ], [ 128.333023500000081, -0.943217599999969 ], [ 128.338070700000117, -0.948526299999969 ], [ 128.328664600000025, -0.953902899999946 ], [ 128.335481600000094, -0.953998799999965 ], [ 128.339086600000087, -0.950132 ], [ 128.341118600000073, -0.950853 ], [ 128.332356600000026, -0.964560699999936 ], [ 128.337190600000099, -0.961132899999939 ], [ 128.339054100000112, -0.96523389999993 ], [ 128.345993400000111, -0.965490099999954 ], [ 128.347327700000051, -0.968757 ], [ 128.352782100000013, -0.970449299999927 ], [ 128.350720900000056, -0.977167599999973 ], [ 128.353045900000097, -0.97545359999998 ], [ 128.354564600000117, -0.977214699999934 ], [ 128.357626500000038, -0.97295239999994 ], [ 128.355208500000117, -0.980157099999929 ], [ 128.360640100000069, -0.981131199999936 ], [ 128.361030500000084, -0.985996499999942 ], [ 128.364931800000022, -0.985580199999958 ], [ 128.364241000000106, -0.987178699999959 ], [ 128.368026700000087, -0.989612 ], [ 128.367013600000064, -0.991859099999942 ], [ 128.37332, -0.991906699999959 ], [ 128.373676100000012, -0.995544099999961 ], [ 128.385517400000026, -0.99865079999995 ], [ 128.388141500000074, -0.997238099999947 ], [ 128.385782900000095, -0.994388 ], [ 128.390248500000098, -0.991909799999974 ], [ 128.405313, -0.99024449999996 ], [ 128.416543, -1.001784199999975 ], [ 128.41926890000002, -1.01061169999997 ], [ 128.419761900000026, -1.020666799999958 ], [ 128.413994800000069, -1.028820899999971 ], [ 128.399089600000025, -1.038873 ], [ 128.378133200000093, -1.037293499999976 ], [ 128.363286800000083, -1.041275399999961 ], [ 128.360180300000025, -1.037498399999947 ], [ 128.346015100000045, -1.030220799999938 ], [ 128.343231200000105, -1.024729499999978 ], [ 128.334543, -1.022642599999926 ], [ 128.332863800000041, -1.017869699999949 ], [ 128.331586, -1.019722799999954 ], [ 128.329054700000029, -1.017590899999959 ], [ 128.329630800000018, -1.014208499999938 ], [ 128.335431300000096, -1.012101499999972 ], [ 128.33520210000006, -1.007491 ], [ 128.331727400000091, -1.003528599999925 ], [ 128.336170400000015, -0.999266699999964 ], [ 128.333835400000112, -0.99377549999997 ], [ 128.339683900000068, -0.981405099999961 ], [ 128.338960400000019, -0.973690099999942 ], [ 128.308626900000036, -0.966386199999931 ], [ 128.307281100000068, -0.963351 ], [ 128.309284500000103, -0.958115499999963 ], [ 128.305798200000027, -0.955543199999966 ], [ 128.307906200000048, -0.944956099999956 ], [ 128.312463200000025, -0.945258199999955 ], [ 128.310426800000073, -0.943010499999957 ], [ 128.313901700000088, -0.945327899999938 ], [ 128.314786800000093, -0.938065299999948 ], [ 128.323095100000046, -0.938356099999964 ] ] ], [ [ [ 128.379120300000068, -0.987009599999965 ], [ 128.380165600000055, -0.988832 ], [ 128.379442, -0.990037899999948 ], [ 128.378771900000061, -0.989287599999955 ], [ 128.379120300000068, -0.987009599999965 ] ] ], [ [ [ 128.377786400000105, -0.985049799999956 ], [ 128.375875900000096, -0.985929799999951 ], [ 128.375668900000051, -0.985373799999934 ], [ 128.377786400000105, -0.985049799999956 ] ] ], [ [ [ 128.381722, -0.985977299999945 ], [ 128.381284800000117, -0.985374799999931 ], [ 128.382011100000113, -0.985290299999974 ], [ 128.381722, -0.985977299999945 ] ] ], [ [ [ 128.36777450000011, -0.984538199999974 ], [ 128.367268, -0.98541849999998 ], [ 128.367498300000079, -0.984376 ], [ 128.36777450000011, -0.984538199999974 ] ] ], [ [ [ 128.362231600000086, -0.975483499999939 ], [ 128.362408800000026, -0.978436099999954 ], [ 128.360023700000056, -0.978659299999947 ], [ 128.358424500000069, -0.974617899999942 ], [ 128.362231600000086, -0.975483499999939 ] ] ], [ [ [ 128.368705600000112, -0.975290899999948 ], [ 128.36562420000007, -0.974917499999947 ], [ 128.365352600000051, -0.974026899999956 ], [ 128.368705600000112, -0.975290899999948 ] ] ], [ [ [ 128.343968700000119, -0.95263609999995 ], [ 128.347623700000099, -0.952846099999931 ], [ 128.347355200000038, -0.956218799999931 ], [ 128.344821200000069, -0.956301899999971 ], [ 128.343968700000119, -0.95263609999995 ] ] ], [ [ [ 128.354465300000015, -0.952571899999953 ], [ 128.354003300000045, -0.94982049999993 ], [ 128.358771500000103, -0.948329299999955 ], [ 128.360136800000078, -0.953979 ], [ 128.354465300000015, -0.952571899999953 ] ] ], [ [ [ 128.097884100000101, -0.843257799999947 ], [ 128.101593300000104, -0.843115099999977 ], [ 128.103583500000013, -0.848806899999943 ], [ 128.107559, -0.84897529999995 ], [ 128.111684500000024, -0.852811 ], [ 128.109734000000117, -0.856161399999962 ], [ 128.106405400000085, -0.855514399999947 ], [ 128.103479300000117, -0.861665 ], [ 128.090486700000042, -0.85486439999994 ], [ 128.085374400000092, -0.855796599999962 ], [ 128.080085100000019, -0.851319599999954 ], [ 128.0849028, -0.83904229999996 ], [ 128.094425700000102, -0.837967499999934 ], [ 128.097884100000101, -0.843257799999947 ] ] ], [ [ [ 128.119912600000021, -0.847786599999949 ], [ 128.122170300000107, -0.852765599999941 ], [ 128.113824100000102, -0.85463059999995 ], [ 128.113254600000118, -0.849580199999934 ], [ 128.118416100000104, -0.841371699999968 ], [ 128.123242300000015, -0.843598799999938 ], [ 128.119912600000021, -0.847786599999949 ] ] ], [ [ [ 128.132625100000041, -0.826679299999967 ], [ 128.132248400000094, -0.828029799999968 ], [ 128.132035900000119, -0.826605099999938 ], [ 128.132625100000041, -0.826679299999967 ] ] ], [ [ [ 128.138415100000088, -0.822819799999934 ], [ 128.138373600000023, -0.825614199999961 ], [ 128.1338177, -0.827972 ], [ 128.1357044, -0.82206309999998 ], [ 128.138415100000088, -0.822819799999934 ] ] ], [ [ [ 128.146477300000015, -0.815031399999953 ], [ 128.144062600000098, -0.815881599999955 ], [ 128.146145400000023, -0.814575599999955 ], [ 128.146477300000015, -0.815031399999953 ] ] ], [ [ [ 128.147212500000023, -0.811558899999966 ], [ 128.142915900000048, -0.814453399999934 ], [ 128.13910450000003, -0.817413199999976 ], [ 128.1396363, -0.81308 ], [ 128.147212500000023, -0.811558899999966 ] ] ], [ [ [ 128.140952600000105, -0.806118 ], [ 128.149464900000112, -0.80427519999995 ], [ 128.153238400000077, -0.806030299999975 ], [ 128.140718600000014, -0.808224199999927 ], [ 128.137544200000093, -0.810745499999939 ], [ 128.131659600000035, -0.806308399999978 ], [ 128.131056600000079, -0.803178799999955 ], [ 128.132535800000028, -0.801781499999947 ], [ 128.133893500000113, -0.80445549999996 ], [ 128.140426100000013, -0.804245899999955 ], [ 128.140952600000105, -0.806118 ] ] ], [ [ [ 128.156969600000025, -0.792402699999968 ], [ 128.162266500000101, -0.793888599999946 ], [ 128.158961, -0.798247099999969 ], [ 128.154780900000105, -0.799659599999927 ], [ 128.151763100000039, -0.796590099999946 ], [ 128.156969600000025, -0.792402699999968 ] ] ], [ [ [ 128.16168140000002, -0.790056599999957 ], [ 128.157373300000017, -0.791046899999969 ], [ 128.156474600000024, -0.787511699999925 ], [ 128.158556200000021, -0.786777799999925 ], [ 128.16168140000002, -0.790056599999957 ] ] ], [ [ [ 128.348399600000107, -0.566548599999976 ], [ 128.339668700000061, -0.572866099999942 ], [ 128.350652100000048, -0.576879899999938 ], [ 128.357135600000106, -0.56996259999994 ], [ 128.3616363000001, -0.575220799999954 ], [ 128.354477100000054, -0.581630799999971 ], [ 128.347788, -0.583428699999956 ], [ 128.342439700000114, -0.579092699999933 ], [ 128.333505900000091, -0.579506799999933 ], [ 128.329634900000087, -0.577361699999926 ], [ 128.348399600000107, -0.566548599999976 ] ] ], [ [ [ 128.388868000000116, -0.556897299999946 ], [ 128.389578200000074, -0.558449399999972 ], [ 128.388608, -0.557472699999948 ], [ 128.388868000000116, -0.556897299999946 ] ] ], [ [ [ 128.38576670000009, -0.555937799999924 ], [ 128.385905200000025, -0.557106199999964 ], [ 128.385368200000016, -0.556443499999943 ], [ 128.38576670000009, -0.555937799999924 ] ] ], [ [ [ 128.364230200000065, -0.552639899999974 ], [ 128.364159700000073, -0.552029599999969 ], [ 128.364921100000061, -0.552611599999977 ], [ 128.364230200000065, -0.552639899999974 ] ] ], [ [ [ 128.325951100000111, -0.547646499999928 ], [ 128.335128900000086, -0.550685299999941 ], [ 128.33317030000012, -0.550341599999967 ], [ 128.333229300000085, -0.553477799999939 ], [ 128.337806300000011, -0.550640399999963 ], [ 128.341738, -0.553149699999949 ], [ 128.335009, -0.556077799999969 ], [ 128.324941400000057, -0.55593829999998 ], [ 128.317222, -0.554392399999927 ], [ 128.31566470000007, -0.551002299999936 ], [ 128.325951100000111, -0.547646499999928 ] ] ], [ [ [ 128.38721570000007, -0.540817499999946 ], [ 128.401428900000042, -0.547460299999955 ], [ 128.40370740000003, -0.554886 ], [ 128.405586, -0.552349599999957 ], [ 128.409571800000094, -0.553756699999951 ], [ 128.404519900000082, -0.561758099999963 ], [ 128.40217250000012, -0.55590049999995 ], [ 128.398587300000031, -0.558298499999978 ], [ 128.396846600000117, -0.555484899999954 ], [ 128.38198060000002, -0.548242399999936 ], [ 128.379964700000073, -0.549118499999963 ], [ 128.36733270000002, -0.537218 ], [ 128.360586400000102, -0.539730899999938 ], [ 128.354217500000118, -0.546371599999929 ], [ 128.3676521000001, -0.549670599999956 ], [ 128.372129900000118, -0.554629099999943 ], [ 128.385679400000072, -0.555114799999956 ], [ 128.383079100000032, -0.558204599999954 ], [ 128.369392200000107, -0.557834199999945 ], [ 128.365762, -0.552921899999944 ], [ 128.367342700000108, -0.551215599999978 ], [ 128.362257600000021, -0.549393299999963 ], [ 128.345225900000059, -0.552527699999928 ], [ 128.335581400000024, -0.548287499999958 ], [ 128.341676500000062, -0.541758199999947 ], [ 128.357357, -0.535141499999952 ], [ 128.367356700000073, -0.52716369999996 ], [ 128.372877100000096, -0.528801599999952 ], [ 128.38721570000007, -0.540817499999946 ] ] ], [ [ [ 128.088809200000014, -0.466494 ], [ 128.090014100000076, -0.464535099999978 ], [ 128.090035200000102, -0.46671559999993 ], [ 128.088809200000014, -0.466494 ] ] ], [ [ [ 128.1265194, -0.438636799999927 ], [ 128.12396010000009, -0.435717699999941 ], [ 128.127584100000036, -0.437975599999959 ], [ 128.1265194, -0.438636799999927 ] ] ], [ [ [ 128.4445525000001, -1.15821909999994 ], [ 128.445862300000044, -1.15810769999996 ], [ 128.445919600000025, -1.158477 ], [ 128.4445525000001, -1.15821909999994 ] ] ], [ [ [ 128.443376200000102, -1.157101699999942 ], [ 128.437094100000081, -1.155536299999937 ], [ 128.437472300000081, -1.151425099999926 ], [ 128.443376200000102, -1.157101699999942 ] ] ], [ [ [ 128.433697500000108, -1.156384699999933 ], [ 128.42590580000001, -1.155377699999974 ], [ 128.417191700000103, -1.160023499999966 ], [ 128.409311900000034, -1.156089299999962 ], [ 128.411221700000056, -1.152760399999977 ], [ 128.421999400000118, -1.152382799999941 ], [ 128.42695110000011, -1.145747599999936 ], [ 128.434786200000076, -1.151625699999954 ], [ 128.433697500000108, -1.156384699999933 ] ] ], [ [ [ 128.452799600000048, -1.142398799999967 ], [ 128.452825100000041, -1.146281 ], [ 128.45201730000008, -1.148096099999975 ], [ 128.450286500000061, -1.144187299999942 ], [ 128.452799600000048, -1.142398799999967 ] ] ], [ [ [ 128.404471, -1.144953199999975 ], [ 128.404886800000099, -1.144274499999938 ], [ 128.405077400000096, -1.144891599999937 ], [ 128.404471, -1.144953199999975 ] ] ], [ [ [ 128.405869100000018, -1.137972699999978 ], [ 128.4051574, -1.138379 ], [ 128.404955500000028, -1.138083799999947 ], [ 128.405869100000018, -1.137972699999978 ] ] ], [ [ [ 128.406769, -1.137657 ], [ 128.4064902, -1.137032799999929 ], [ 128.406985400000053, -1.137197399999934 ], [ 128.406769, -1.137657 ] ] ], [ [ [ 128.40283450000004, -1.124621099999956 ], [ 128.400593800000024, -1.138023799999928 ], [ 128.392421900000045, -1.136453099999926 ], [ 128.384756500000094, -1.125938599999927 ], [ 128.39211320000004, -1.121929299999977 ], [ 128.401454400000034, -1.121953699999949 ], [ 128.40283450000004, -1.124621099999956 ] ] ], [ [ [ 128.38110180000001, -1.076745899999935 ], [ 128.411180500000114, -1.087665199999947 ], [ 128.413798400000019, -1.092613099999937 ], [ 128.420716300000095, -1.09518479999997 ], [ 128.433269800000062, -1.109333599999957 ], [ 128.438369, -1.118717699999934 ], [ 128.454051500000105, -1.123819199999957 ], [ 128.453634100000045, -1.130401599999971 ], [ 128.450946900000076, -1.130329299999971 ], [ 128.448070600000051, -1.12367439999997 ], [ 128.439521600000035, -1.122763199999952 ], [ 128.430331300000034, -1.117327799999941 ], [ 128.430902400000036, -1.115748099999962 ], [ 128.427192300000115, -1.11720749999995 ], [ 128.423079100000109, -1.112850299999934 ], [ 128.430451400000038, -1.11136769999996 ], [ 128.43036880000011, -1.107801099999961 ], [ 128.42385390000004, -1.102462 ], [ 128.419585100000063, -1.10380159999994 ], [ 128.414496900000017, -1.099085199999934 ], [ 128.413759200000072, -1.101837699999976 ], [ 128.412666200000103, -1.097241699999927 ], [ 128.407826100000079, -1.101238099999932 ], [ 128.404188100000056, -1.099107 ], [ 128.397873900000036, -1.100972799999965 ], [ 128.394531800000095, -1.106022699999926 ], [ 128.386303200000043, -1.108342799999946 ], [ 128.38215270000012, -1.112506799999949 ], [ 128.379774800000064, -1.111548899999946 ], [ 128.378418900000042, -1.113535299999967 ], [ 128.380594300000098, -1.11597729999994 ], [ 128.376717100000064, -1.120644 ], [ 128.369202, -1.122437599999955 ], [ 128.359762100000012, -1.118198799999959 ], [ 128.362059, -1.108505199999968 ], [ 128.356198200000108, -1.103429499999947 ], [ 128.358019500000069, -1.093592099999967 ], [ 128.34338230000003, -1.09593469999993 ], [ 128.345475700000065, -1.092296799999929 ], [ 128.34408540000004, -1.088442799999939 ], [ 128.354135, -1.076883899999928 ], [ 128.360021200000119, -1.073701599999936 ], [ 128.36964050000006, -1.072889799999928 ], [ 128.376512, -1.077487 ], [ 128.38110180000001, -1.076745899999935 ] ] ], [ [ [ 128.459175600000094, -0.918299599999955 ], [ 128.460303900000099, -0.914213699999948 ], [ 128.462257300000033, -0.913689699999964 ], [ 128.463067200000069, -0.918739899999935 ], [ 128.459175600000094, -0.918299599999955 ] ] ], [ [ [ 128.547974200000112, -0.69759849999997 ], [ 128.548875, -0.692824599999938 ], [ 128.553713200000061, -0.695873899999924 ], [ 128.551082600000086, -0.699544499999945 ], [ 128.547974200000112, -0.69759849999997 ] ] ], [ [ [ 128.596878100000026, -0.658256399999971 ], [ 128.597657700000013, -0.658099499999935 ], [ 128.596800200000075, -0.658406199999945 ], [ 128.596878100000026, -0.658256399999971 ] ] ], [ [ [ 128.57140250000009, -0.656489399999941 ], [ 128.5718984, -0.655728899999929 ], [ 128.572110800000019, -0.656354799999974 ], [ 128.57140250000009, -0.656489399999941 ] ] ], [ [ [ 128.579381200000057, -0.654327199999955 ], [ 128.580231600000047, -0.658234499999935 ], [ 128.571206, -0.653633399999933 ], [ 128.579381200000057, -0.654327199999955 ] ] ], [ [ [ 128.570904600000063, -0.652618799999971 ], [ 128.570963400000096, -0.65532 ], [ 128.566771900000049, -0.655231199999946 ], [ 128.558358500000054, -0.65027 ], [ 128.570904600000063, -0.652618799999971 ] ] ], [ [ [ 128.558061700000053, -0.650195499999938 ], [ 128.553446300000019, -0.649631099999965 ], [ 128.5532842, -0.64835469999997 ], [ 128.556145, -0.647790899999961 ], [ 128.558061700000053, -0.650195499999938 ] ] ], [ [ [ 128.550585400000045, -0.646912399999962 ], [ 128.54998820000003, -0.64644949999996 ], [ 128.55064230000005, -0.646492499999965 ], [ 128.550585400000045, -0.646912399999962 ] ] ], [ [ [ 128.548177200000055, -0.646282299999939 ], [ 128.547210100000029, -0.646931199999926 ], [ 128.547153300000105, -0.646267599999931 ], [ 128.548177200000055, -0.646282299999939 ] ] ], [ [ [ 128.526617800000054, -0.642195299999969 ], [ 128.537458800000081, -0.643469799999934 ], [ 128.539889600000038, -0.647228799999937 ], [ 128.540373100000011, -0.645386299999927 ], [ 128.543797, -0.64605279999995 ], [ 128.54413820000002, -0.648152599999946 ], [ 128.539530400000103, -0.647923099999957 ], [ 128.526617800000054, -0.642195299999969 ] ] ], [ [ [ 128.594301, -0.628304399999934 ], [ 128.593837800000074, -0.630238199999951 ], [ 128.59544910000011, -0.628123899999935 ], [ 128.598483700000088, -0.628977 ], [ 128.597537700000089, -0.630880899999966 ], [ 128.598887600000012, -0.629829899999947 ], [ 128.604374100000086, -0.636725099999978 ], [ 128.607139500000017, -0.643874799999935 ], [ 128.603358400000047, -0.651461799999936 ], [ 128.59637680000003, -0.654209199999968 ], [ 128.593405600000096, -0.652506699999947 ], [ 128.593200700000011, -0.647545799999932 ], [ 128.595665, -0.643655099999933 ], [ 128.598587900000098, -0.644336199999941 ], [ 128.5943009, -0.633854799999938 ], [ 128.591474600000083, -0.633538399999964 ], [ 128.594518100000073, -0.636408199999948 ], [ 128.5897347, -0.64112549999993 ], [ 128.586473900000101, -0.636675 ], [ 128.577209700000026, -0.637306599999931 ], [ 128.583785200000079, -0.632185099999958 ], [ 128.590783400000078, -0.630684199999962 ], [ 128.594301, -0.628304399999934 ] ] ], [ [ [ 128.574431600000025, -0.638546499999961 ], [ 128.574818200000095, -0.63764679999997 ], [ 128.5766542, -0.636844499999938 ], [ 128.574431600000025, -0.638546499999961 ] ] ], [ [ [ 128.517089600000077, -0.641182699999945 ], [ 128.514188800000056, -0.637212099999942 ], [ 128.513695200000029, -0.633004899999946 ], [ 128.520787300000052, -0.639770499999941 ], [ 128.517089600000077, -0.641182699999945 ] ] ], [ [ [ 128.571533100000011, -0.635214699999949 ], [ 128.571049800000083, -0.63635759999994 ], [ 128.570421800000076, -0.636309 ], [ 128.571533100000011, -0.635214699999949 ] ] ], [ [ [ 128.567885800000113, -0.631219299999941 ], [ 128.569537300000093, -0.635618 ], [ 128.565017400000102, -0.631717899999956 ], [ 128.567885800000113, -0.631219299999941 ] ] ], [ [ [ 128.562345900000082, -0.630472 ], [ 128.562788700000056, -0.631031299999961 ], [ 128.562378, -0.631007 ], [ 128.562345900000082, -0.630472 ] ] ], [ [ [ 128.514780500000029, -0.629050799999959 ], [ 128.515476100000114, -0.63117079999995 ], [ 128.514517, -0.630849 ], [ 128.514780500000029, -0.629050799999959 ] ] ], [ [ [ 128.558851200000049, -0.630593199999964 ], [ 128.555179400000043, -0.629997499999945 ], [ 128.556943100000012, -0.627869499999974 ], [ 128.558851200000049, -0.630593199999964 ] ] ], [ [ [ 128.590568600000097, -0.627992799999959 ], [ 128.591352400000119, -0.630071599999951 ], [ 128.590004200000067, -0.630321699999968 ], [ 128.590568600000097, -0.627992799999959 ] ] ], [ [ [ 128.586935, -0.630629399999975 ], [ 128.588331200000084, -0.627549899999963 ], [ 128.588799700000095, -0.627463299999931 ], [ 128.586935, -0.630629399999975 ] ] ], [ [ [ 128.586599, -0.626899299999934 ], [ 128.584798100000057, -0.630326399999944 ], [ 128.584494600000085, -0.630315699999926 ], [ 128.586599, -0.626899299999934 ] ] ], [ [ [ 128.58472340000003, -0.626412699999946 ], [ 128.584481700000083, -0.627944699999944 ], [ 128.584288400000105, -0.627944699999944 ], [ 128.58472340000003, -0.626412699999946 ] ] ], [ [ [ 128.585670900000082, -0.62708 ], [ 128.586116600000082, -0.626984899999968 ], [ 128.58579920000011, -0.627406299999961 ], [ 128.585670900000082, -0.62708 ] ] ], [ [ [ 128.55324040000005, -0.629390899999976 ], [ 128.547725100000093, -0.626626099999953 ], [ 128.552401, -0.624056399999972 ], [ 128.55324040000005, -0.629390899999976 ] ] ], [ [ [ 128.568103600000086, -0.625827699999945 ], [ 128.564165800000069, -0.628405099999952 ], [ 128.563127100000088, -0.628113199999973 ], [ 128.564432, -0.623590099999944 ], [ 128.567644900000118, -0.623006799999928 ], [ 128.568103600000086, -0.625827699999945 ] ] ], [ [ [ 128.543899, -0.625825799999973 ], [ 128.542245800000046, -0.62553349999996 ], [ 128.544536200000039, -0.624941099999944 ], [ 128.543899, -0.625825799999973 ] ] ], [ [ [ 128.548223100000087, -0.624692399999958 ], [ 128.549301300000025, -0.623664499999961 ], [ 128.548813200000041, -0.62501229999998 ], [ 128.548223100000087, -0.624692399999958 ] ] ], [ [ [ 128.54216, -0.624959299999944 ], [ 128.538861900000029, -0.625270799999953 ], [ 128.540866600000072, -0.621428699999967 ], [ 128.54216, -0.624959299999944 ] ] ], [ [ [ 128.55766820000008, -0.622762799999975 ], [ 128.558731100000045, -0.621838799999978 ], [ 128.558054700000071, -0.622860099999968 ], [ 128.55766820000008, -0.622762799999975 ] ] ], [ [ [ 128.55012970000007, -0.62411 ], [ 128.552479300000073, -0.619861 ], [ 128.552819800000066, -0.619826699999976 ], [ 128.55012970000007, -0.62411 ] ] ], [ [ [ 128.555036, -0.623514799999953 ], [ 128.554843300000016, -0.620407799999953 ], [ 128.555966800000078, -0.620762 ], [ 128.555036, -0.623514799999953 ] ] ], [ [ [ 128.535721800000033, -0.623399799999959 ], [ 128.527955500000076, -0.623611299999936 ], [ 128.527810700000032, -0.62273579999993 ], [ 128.533402300000034, -0.618647199999941 ], [ 128.535721800000033, -0.623399799999959 ] ] ], [ [ [ 128.550581400000056, -0.619045799999981 ], [ 128.551358, -0.621457299999975 ], [ 128.54798720000008, -0.623398899999927 ], [ 128.545351300000107, -0.620518799999957 ], [ 128.550581400000056, -0.619045799999981 ] ] ], [ [ [ 128.553209, -0.62092169999994 ], [ 128.554071600000043, -0.620818899999961 ], [ 128.55332240000007, -0.621744099999944 ], [ 128.553209, -0.62092169999994 ] ] ], [ [ [ 128.544078, -0.615504899999962 ], [ 128.542908300000022, -0.619557699999973 ], [ 128.54267440000001, -0.619588399999941 ], [ 128.544078, -0.615504899999962 ] ] ], [ [ [ 128.528850200000079, -0.613859899999966 ], [ 128.52908780000007, -0.609885499999962 ], [ 128.53138690000003, -0.610431299999959 ], [ 128.528850200000079, -0.613859899999966 ] ] ], [ [ [ 128.526104300000043, -0.610630199999946 ], [ 128.526946900000098, -0.609460099999978 ], [ 128.526272800000015, -0.610867699999972 ], [ 128.526104300000043, -0.610630199999946 ] ] ], [ [ [ 128.521735900000067, -0.610441499999979 ], [ 128.522595400000114, -0.608559099999979 ], [ 128.522072900000012, -0.610763799999972 ], [ 128.521735900000067, -0.610441499999979 ] ] ], [ [ [ 128.526083200000016, -0.609814399999948 ], [ 128.523774700000104, -0.610967399999936 ], [ 128.523151400000074, -0.609254499999963 ], [ 128.524128800000085, -0.608033499999976 ], [ 128.526083200000016, -0.609814399999948 ] ] ], [ [ [ 128.499294600000098, -0.592400699999928 ], [ 128.505332200000112, -0.597946299999933 ], [ 128.5083452, -0.597422199999926 ], [ 128.508729200000062, -0.602998 ], [ 128.511071100000095, -0.600588499999958 ], [ 128.514954800000055, -0.606225799999947 ], [ 128.517260400000055, -0.615539699999943 ], [ 128.514511200000015, -0.618735699999945 ], [ 128.511470800000097, -0.618437399999948 ], [ 128.511905500000012, -0.613867 ], [ 128.508844100000033, -0.609685699999943 ], [ 128.503809800000113, -0.609188499999959 ], [ 128.510230800000045, -0.617619199999979 ], [ 128.508703200000014, -0.617537699999957 ], [ 128.497064400000113, -0.602592399999935 ], [ 128.494893100000013, -0.598419199999967 ], [ 128.496777800000018, -0.595865599999968 ], [ 128.495851900000048, -0.592857699999968 ], [ 128.499294600000098, -0.592400699999928 ] ] ], [ [ [ 128.51576220000004, -0.602174 ], [ 128.52069860000006, -0.60607959999993 ], [ 128.519505700000082, -0.608039699999949 ], [ 128.51576220000004, -0.602174 ] ] ], [ [ [ 128.515707900000052, -0.599526199999957 ], [ 128.513514100000066, -0.602534699999978 ], [ 128.51329920000012, -0.599807399999975 ], [ 128.515707900000052, -0.599526199999957 ] ] ], [ [ [ 128.496279100000038, -0.594975 ], [ 128.494446900000071, -0.597811599999943 ], [ 128.492991, -0.595116499999961 ], [ 128.496279100000038, -0.594975 ] ] ], [ [ [ 128.491909300000088, -0.59512129999996 ], [ 128.492804500000034, -0.594740799999954 ], [ 128.492843000000107, -0.594973799999934 ], [ 128.491909300000088, -0.59512129999996 ] ] ], [ [ [ 128.413714100000107, -0.597005 ], [ 128.420874400000116, -0.592993699999965 ], [ 128.418996900000025, -0.599198199999933 ], [ 128.413574400000016, -0.603559599999926 ], [ 128.4097279, -0.603699099999972 ], [ 128.412544400000115, -0.59264289999993 ], [ 128.411363600000072, -0.584385399999974 ], [ 128.413714100000107, -0.597005 ] ] ], [ [ [ 128.495136300000013, -0.592989199999977 ], [ 128.492490100000055, -0.593792699999938 ], [ 128.495950700000094, -0.59073559999996 ], [ 128.495136300000013, -0.592989199999977 ] ] ], [ [ [ 128.491895400000089, -0.593952099999967 ], [ 128.488371500000085, -0.592649699999924 ], [ 128.493390100000056, -0.589978699999961 ], [ 128.493434500000035, -0.592044099999953 ], [ 128.491895400000089, -0.593952099999967 ] ] ], [ [ [ 128.480070300000079, -0.583916899999963 ], [ 128.488069600000017, -0.588233399999979 ], [ 128.487949800000024, -0.592466299999955 ], [ 128.475395100000014, -0.590627 ], [ 128.475822000000107, -0.585572799999966 ], [ 128.480070300000079, -0.583916899999963 ] ] ], [ [ [ 128.40946370000006, -0.582705699999963 ], [ 128.408566, -0.581627899999944 ], [ 128.410575900000026, -0.58247259999996 ], [ 128.40946370000006, -0.582705699999963 ] ] ], [ [ [ 128.422835100000043, -0.566122299999961 ], [ 128.439042900000118, -0.569856099999924 ], [ 128.441753600000084, -0.572982 ], [ 128.437176100000102, -0.58480789999993 ], [ 128.429216200000042, -0.591315099999974 ], [ 128.422902100000101, -0.590707899999927 ], [ 128.4276757, -0.587139499999978 ], [ 128.42949550000003, -0.578742299999931 ], [ 128.426831000000107, -0.576572699999929 ], [ 128.425811200000112, -0.579301799999939 ], [ 128.4192428, -0.573329699999931 ], [ 128.420563800000082, -0.571603699999969 ], [ 128.417180900000062, -0.570203799999945 ], [ 128.418988400000103, -0.568643799999961 ], [ 128.408990200000062, -0.568033599999978 ], [ 128.406117300000119, -0.564721 ], [ 128.409269100000074, -0.559939499999928 ], [ 128.405306500000052, -0.563368 ], [ 128.4052603, -0.561618599999974 ], [ 128.40926920000004, -0.558283399999937 ], [ 128.422835100000043, -0.566122299999961 ] ] ], [ [ [ 128.406267400000047, -0.56989939999994 ], [ 128.407263100000023, -0.576010899999972 ], [ 128.404622300000028, -0.56947 ], [ 128.406267400000047, -0.56989939999994 ] ] ], [ [ [ 128.412616600000092, -0.571729199999936 ], [ 128.413311100000101, -0.57290919999997 ], [ 128.412592800000084, -0.572839099999953 ], [ 128.412616600000092, -0.571729199999936 ] ] ], [ [ [ 128.403394200000093, -0.570435599999939 ], [ 128.402893100000028, -0.569992299999967 ], [ 128.403764900000056, -0.569992399999933 ], [ 128.403394200000093, -0.570435599999939 ] ] ], [ [ [ 128.406290700000113, -0.568569799999977 ], [ 128.405804200000034, -0.568289899999968 ], [ 128.406306700000073, -0.568305699999939 ], [ 128.406290700000113, -0.568569799999977 ] ] ], [ [ [ 128.401386200000047, -0.566716099999951 ], [ 128.401985700000068, -0.566112799999928 ], [ 128.402217700000051, -0.566891399999975 ], [ 128.401386200000047, -0.566716099999951 ] ] ], [ [ [ 128.400168100000087, -0.564575 ], [ 128.400632200000018, -0.564322 ], [ 128.400477500000079, -0.564964299999929 ], [ 128.400168100000087, -0.564575 ] ] ], [ [ [ 128.39716820000001, -0.562705199999925 ], [ 128.395337900000072, -0.563543599999946 ], [ 128.393303, -0.56196239999997 ], [ 128.394409500000052, -0.560766599999965 ], [ 128.39716820000001, -0.562705199999925 ] ] ], [ [ [ 128.393996100000095, -0.560873899999933 ], [ 128.391899600000102, -0.561327099999971 ], [ 128.389820700000087, -0.559112099999936 ], [ 128.39082570000005, -0.558397199999945 ], [ 128.393996100000095, -0.560873899999933 ] ] ] ] } },
{ "type": "Feature", "properties": { "kab_kota": "Halmahera Tengah", "provinsi": "Maluku Utara", "regency_code": "id8202" }, "geometry": { "type": "MultiPolygon", "coordinates": [ [ [ [ 127.877598100000114, 0.13182420000004 ], [ 127.853964100000098, 0.133367 ], [ 127.849723900000072, 0.135961500000064 ], [ 127.844199500000059, 0.134379 ], [ 127.839572800000042, 0.128255700000068 ], [ 127.835494900000072, 0.128868 ], [ 127.834492100000034, 0.120948800000065 ], [ 127.826784100000054, 0.126619700000049 ], [ 127.823999600000093, 0.125357400000041 ], [ 127.81479980000006, 0.144770900000026 ], [ 127.808705, 0.150022600000057 ], [ 127.800468500000079, 0.150780900000029 ], [ 127.798639100000059, 0.147525500000029 ], [ 127.787845700000048, 0.153526200000044 ], [ 127.795470300000034, 0.17374030000002 ], [ 127.798210400000016, 0.17473190000004 ], [ 127.804811700000073, 0.19036310000007 ], [ 127.809536300000104, 0.195919700000047 ], [ 127.8219209, 0.20132250000006 ], [ 127.821633, 0.207676900000024 ], [ 127.823669900000027, 0.20925010000002 ], [ 127.81279070000005, 0.221416600000055 ], [ 127.814388300000019, 0.23050980000005 ], [ 127.801288400000089, 0.236763100000076 ], [ 127.797265300000049, 0.248489400000039 ], [ 127.807340100000033, 0.256791 ], [ 127.811597700000107, 0.269584 ], [ 127.819521100000088, 0.272591800000043 ], [ 127.817321500000048, 0.279577900000049 ], [ 127.803577200000063, 0.296932300000037 ], [ 127.798555800000031, 0.317434700000035 ], [ 127.801949100000115, 0.330994900000064 ], [ 127.807226, 0.339978900000062 ], [ 127.800735, 0.361931800000036 ], [ 127.801382000000103, 0.368059100000039 ], [ 127.806546, 0.373654400000021 ], [ 127.798546000000101, 0.385671 ], [ 127.790212400000087, 0.387943900000039 ], [ 127.79013180000004, 0.397436400000061 ], [ 127.775104200000101, 0.412851 ], [ 127.772292800000059, 0.429631900000061 ], [ 127.774343200000089, 0.443951 ], [ 127.768620900000087, 0.454081500000029 ], [ 127.775825, 0.466457300000059 ], [ 127.779564800000117, 0.467912800000022 ], [ 127.775376, 0.47623980000003 ], [ 127.779456900000014, 0.485507200000029 ], [ 127.784865900000113, 0.488339600000074 ], [ 127.793115900000089, 0.486728500000027 ], [ 127.796347300000093, 0.481719800000064 ], [ 127.801092, 0.481542700000034 ], [ 127.806110200000035, 0.490398 ], [ 127.80635790000008, 0.502563400000042 ], [ 127.803575500000079, 0.508117200000072 ], [ 127.812768500000061, 0.518234500000062 ], [ 127.812284100000056, 0.521664200000032 ], [ 127.80666240000005, 0.52648940000006 ], [ 127.815943100000027, 0.537226400000065 ], [ 127.826, 0.542708400000038 ], [ 127.821178200000077, 0.560546600000066 ], [ 127.822765000000118, 0.567253300000061 ], [ 127.830158700000084, 0.57009510000006 ], [ 127.831368000000111, 0.576122200000043 ], [ 127.824935600000117, 0.582844800000032 ], [ 127.820714400000043, 0.592056100000036 ], [ 127.810216100000048, 0.597852300000056 ], [ 127.809948700000064, 0.614541600000052 ], [ 127.806834, 0.618628600000022 ], [ 127.797793900000102, 0.623154500000055 ], [ 127.791535400000043, 0.632326400000068 ], [ 127.792059100000074, 0.64263980000004 ], [ 127.802548000000115, 0.641292300000032 ], [ 127.807977700000038, 0.645985200000041 ], [ 127.826553800000056, 0.638547100000039 ], [ 127.825482800000032, 0.630434100000059 ], [ 127.829020400000104, 0.622723600000029 ], [ 127.8433099, 0.618178600000022 ], [ 127.846988800000076, 0.619971 ], [ 127.853741600000035, 0.617707400000029 ], [ 127.857131800000047, 0.623037900000043 ], [ 127.863556700000117, 0.625705 ], [ 127.86342650000006, 0.63060280000002 ], [ 127.86717550000003, 0.632661 ], [ 127.9054145, 0.627357500000073 ], [ 127.922713600000066, 0.627877400000045 ], [ 127.927985500000091, 0.625322700000027 ], [ 127.9361096, 0.635164 ], [ 127.9400495000001, 0.634039900000062 ], [ 127.940214, 0.630714400000045 ], [ 127.947975200000087, 0.628316700000028 ], [ 127.952080400000114, 0.630193900000052 ], [ 127.952636400000074, 0.635171500000069 ], [ 127.956185700000105, 0.632482800000048 ], [ 127.960720200000083, 0.636214100000075 ], [ 127.964186900000072, 0.633189800000025 ], [ 127.970924100000047, 0.638911 ], [ 127.977946700000075, 0.63766970000006 ], [ 127.986496300000113, 0.645420100000024 ], [ 127.98313660000008, 0.651612500000056 ], [ 127.988730700000019, 0.650448400000073 ], [ 127.992019300000038, 0.653740400000061 ], [ 127.995450000000119, 0.653092700000059 ], [ 127.995421100000044, 0.65673270000002 ], [ 128.001375, 0.656651200000056 ], [ 128.009196400000064, 0.649860700000033 ], [ 128.018359, 0.650387900000055 ], [ 128.024393300000042, 0.643537300000048 ], [ 128.033250700000053, 0.644323100000065 ], [ 128.035032200000046, 0.641949100000033 ], [ 128.038552200000026, 0.644939200000067 ], [ 128.044632800000045, 0.638017300000058 ], [ 128.0495697, 0.638119300000028 ], [ 128.056961500000057, 0.642843500000026 ], [ 128.063645700000052, 0.640033500000072 ], [ 128.065970000000107, 0.635401200000047 ], [ 128.063654800000108, 0.620394800000042 ], [ 128.06596490000004, 0.616019300000062 ], [ 128.084338500000058, 0.614707900000042 ], [ 128.095194400000082, 0.602646800000059 ], [ 128.099981100000036, 0.606629800000064 ], [ 128.105240300000105, 0.605107700000076 ], [ 128.106740900000091, 0.600298100000032 ], [ 128.116967500000101, 0.591137700000047 ], [ 128.120609300000069, 0.594286700000055 ], [ 128.134953900000028, 0.589088300000071 ], [ 128.144767900000033, 0.594656100000066 ], [ 128.152035, 0.595315500000027 ], [ 128.161171500000023, 0.589927 ], [ 128.168277400000079, 0.589243200000055 ], [ 128.17228590000002, 0.592730900000049 ], [ 128.178606400000035, 0.589992500000051 ], [ 128.182443600000056, 0.596496 ], [ 128.185350500000027, 0.593866700000035 ], [ 128.1890548, 0.596633800000063 ], [ 128.202122300000042, 0.598039 ], [ 128.205623, 0.601380400000039 ], [ 128.211065, 0.600754400000028 ], [ 128.218247800000086, 0.594983100000036 ], [ 128.226885300000049, 0.593625300000042 ], [ 128.237048, 0.586601600000051 ], [ 128.242251900000042, 0.577117300000054 ], [ 128.251075, 0.569844200000034 ], [ 128.26413510000009, 0.569968900000049 ], [ 128.27064340000004, 0.550193500000034 ], [ 128.273046100000101, 0.548857600000019 ], [ 128.278834700000061, 0.548244200000056 ], [ 128.285710600000016, 0.553945 ], [ 128.316773900000044, 0.55454450000002 ], [ 128.318397600000026, 0.54731090000007 ], [ 128.32830690000003, 0.539344300000039 ], [ 128.337323800000036, 0.53723530000002 ], [ 128.341654200000107, 0.52323720000004 ], [ 128.358487300000093, 0.510593800000038 ], [ 128.370188700000085, 0.513121600000034 ], [ 128.382308400000056, 0.507442900000058 ], [ 128.392738100000088, 0.50682450000005 ], [ 128.399449900000036, 0.509003500000063 ], [ 128.402737300000013, 0.502341200000046 ], [ 128.406939100000045, 0.505341800000053 ], [ 128.409778500000016, 0.503027600000053 ], [ 128.422145700000101, 0.504084600000056 ], [ 128.427319200000056, 0.502068800000075 ], [ 128.437943500000074, 0.504805100000056 ], [ 128.441598800000065, 0.501318900000058 ], [ 128.447000200000048, 0.501906800000029 ], [ 128.455405, 0.498453100000063 ], [ 128.4583278, 0.496041400000024 ], [ 128.457000000000107, 0.492473500000074 ], [ 128.459494300000074, 0.491128 ], [ 128.467371600000092, 0.495391200000029 ], [ 128.483286300000032, 0.490013800000042 ], [ 128.489279300000021, 0.484155200000032 ], [ 128.488774400000011, 0.472345500000074 ], [ 128.495901300000014, 0.478099200000031 ], [ 128.496593600000097, 0.481459200000074 ], [ 128.504308400000014, 0.477114700000072 ], [ 128.501545400000055, 0.469149600000037 ], [ 128.502273500000115, 0.455165800000032 ], [ 128.508544900000061, 0.450261500000067 ], [ 128.509674, 0.442910600000062 ], [ 128.523617400000035, 0.440389200000027 ], [ 128.524007500000039, 0.437827900000059 ], [ 128.533152900000118, 0.431965300000059 ], [ 128.539103100000034, 0.43158550000004 ], [ 128.54440210000007, 0.421803900000043 ], [ 128.548238400000059, 0.423455600000068 ], [ 128.553419700000063, 0.420810600000038 ], [ 128.558905700000082, 0.422234400000036 ], [ 128.562023100000033, 0.415934400000026 ], [ 128.577047400000083, 0.421520300000054 ], [ 128.581218100000115, 0.434483700000044 ], [ 128.585415700000112, 0.433924400000024 ], [ 128.594738900000038, 0.438724100000059 ], [ 128.597025800000097, 0.436796100000038 ], [ 128.604757100000029, 0.438178500000049 ], [ 128.621067500000095, 0.443366800000035 ], [ 128.623673500000109, 0.449131900000054 ], [ 128.618975500000033, 0.457044 ], [ 128.618429500000047, 0.468451500000072 ], [ 128.628386500000033, 0.478679500000055 ], [ 128.626120900000046, 0.485476800000072 ], [ 128.633724, 0.486402800000064 ], [ 128.633688600000028, 0.489481100000035 ], [ 128.638769100000104, 0.492497800000024 ], [ 128.6396036000001, 0.503722900000071 ], [ 128.644449900000041, 0.512360100000024 ], [ 128.650685300000077, 0.514159300000074 ], [ 128.668031900000074, 0.506022800000039 ], [ 128.676266, 0.511067600000047 ], [ 128.679208100000096, 0.50602630000003 ], [ 128.677051200000051, 0.50081810000006 ], [ 128.671117200000026, 0.495457800000054 ], [ 128.66887290000011, 0.496168500000067 ], [ 128.670159, 0.492201400000056 ], [ 128.668365800000061, 0.490710900000067 ], [ 128.679205, 0.478855900000042 ], [ 128.685310200000117, 0.466254800000058 ], [ 128.688549800000033, 0.444291100000044 ], [ 128.682152400000064, 0.431217700000047 ], [ 128.686759200000097, 0.403592700000047 ], [ 128.679828300000054, 0.392793300000051 ], [ 128.676254600000107, 0.376384600000051 ], [ 128.666091600000073, 0.361072100000058 ], [ 128.671287200000052, 0.343464600000061 ], [ 128.685478800000055, 0.331448 ], [ 128.705938900000092, 0.327574100000049 ], [ 128.713932500000055, 0.332918900000038 ], [ 128.729414500000075, 0.325856100000067 ], [ 128.741281600000093, 0.323774300000025 ], [ 128.747410100000025, 0.318751500000076 ], [ 128.762926800000059, 0.316011700000047 ], [ 128.768239100000073, 0.318779 ], [ 128.779179500000055, 0.318384600000059 ], [ 128.794235300000082, 0.314236200000039 ], [ 128.818320200000016, 0.298773400000073 ], [ 128.836272, 0.292388500000072 ], [ 128.853434000000107, 0.279929200000026 ], [ 128.864869400000089, 0.265935500000069 ], [ 128.868984700000055, 0.249481400000036 ], [ 128.868353500000012, 0.240841800000055 ], [ 128.875724300000115, 0.227841700000056 ], [ 128.894090800000072, 0.216598300000044 ], [ 128.903447500000084, 0.207511 ], [ 128.893127, 0.211355600000047 ], [ 128.886742500000082, 0.210842500000069 ], [ 128.877186700000038, 0.219867600000043 ], [ 128.865312800000083, 0.22352090000004 ], [ 128.852940900000021, 0.238659 ], [ 128.849381900000026, 0.246469 ], [ 128.851117300000055, 0.251182400000062 ], [ 128.843044700000064, 0.261384200000066 ], [ 128.842829200000097, 0.259297600000025 ], [ 128.8289105, 0.258893600000022 ], [ 128.807166900000084, 0.268016800000055 ], [ 128.801289700000098, 0.267887600000051 ], [ 128.754833300000087, 0.282046800000046 ], [ 128.730786600000101, 0.282714700000042 ], [ 128.719922900000029, 0.286367200000029 ], [ 128.713468700000021, 0.291766 ], [ 128.696688800000061, 0.297097400000041 ], [ 128.675244600000042, 0.295169200000032 ], [ 128.663187600000015, 0.301422600000024 ], [ 128.65149, 0.302658100000031 ], [ 128.644897800000081, 0.308945700000038 ], [ 128.618966800000067, 0.315675300000066 ], [ 128.598302100000069, 0.319645 ], [ 128.559097600000086, 0.317814700000042 ], [ 128.552941300000043, 0.32702450000005 ], [ 128.544283, 0.329554500000029 ], [ 128.534115400000019, 0.340331400000025 ], [ 128.530244400000015, 0.339239900000052 ], [ 128.527478500000029, 0.341941400000053 ], [ 128.515767900000014, 0.343508 ], [ 128.507500200000095, 0.350320500000066 ], [ 128.506713700000091, 0.35398280000004 ], [ 128.50110410000002, 0.354411 ], [ 128.500715900000046, 0.362751500000059 ], [ 128.498213, 0.362954900000034 ], [ 128.501176100000066, 0.36461120000007 ], [ 128.498242700000105, 0.366165200000069 ], [ 128.500589700000091, 0.368999100000053 ], [ 128.49638420000008, 0.368442900000048 ], [ 128.492768100000035, 0.373136100000067 ], [ 128.493698700000095, 0.375925800000061 ], [ 128.486947800000053, 0.378651400000024 ], [ 128.485020800000029, 0.390188200000068 ], [ 128.478389400000083, 0.39430550000003 ], [ 128.473199900000054, 0.391338800000028 ], [ 128.468209200000047, 0.391987500000027 ], [ 128.465848, 0.395300200000065 ], [ 128.462976400000116, 0.395334800000057 ], [ 128.463166700000102, 0.398111200000073 ], [ 128.458011700000043, 0.400273600000048 ], [ 128.46064970000009, 0.401865 ], [ 128.458037600000011, 0.403551600000071 ], [ 128.455858, 0.400472500000035 ], [ 128.449849100000051, 0.403273800000022 ], [ 128.441187200000059, 0.403270900000052 ], [ 128.422238100000072, 0.392861700000026 ], [ 128.405197300000054, 0.393630500000029 ], [ 128.398279700000103, 0.39655440000007 ], [ 128.388730800000076, 0.405290200000024 ], [ 128.379653300000086, 0.406429100000025 ], [ 128.35614, 0.399187 ], [ 128.338778400000024, 0.404935900000055 ], [ 128.3158386, 0.396615200000042 ], [ 128.297980200000097, 0.400204600000052 ], [ 128.284222800000066, 0.396134500000073 ], [ 128.279554, 0.398088 ], [ 128.281543400000032, 0.401524300000062 ], [ 128.278288500000031, 0.399587 ], [ 128.273122600000079, 0.403105800000048 ], [ 128.268059700000094, 0.40335570000002 ], [ 128.267421200000058, 0.409040200000049 ], [ 128.264036300000043, 0.404262200000062 ], [ 128.249200100000053, 0.408123900000021 ], [ 128.242824900000073, 0.412635400000056 ], [ 128.2402839, 0.424638400000049 ], [ 128.236261600000034, 0.422265700000025 ], [ 128.236299600000052, 0.413985 ], [ 128.231792600000063, 0.411068 ], [ 128.222460800000022, 0.413128300000039 ], [ 128.217627000000107, 0.421148900000048 ], [ 128.206771900000035, 0.422780100000068 ], [ 128.198680300000092, 0.431358200000034 ], [ 128.178949000000102, 0.428870500000073 ], [ 128.178076600000054, 0.432358800000031 ], [ 128.182371400000079, 0.433396400000049 ], [ 128.179495800000041, 0.436559300000056 ], [ 128.182259400000021, 0.436528500000065 ], [ 128.184354800000051, 0.439648500000033 ], [ 128.18177090000006, 0.441473900000062 ], [ 128.17550540000002, 0.440541200000041 ], [ 128.172590600000035, 0.445718400000032 ], [ 128.175692900000058, 0.447105900000054 ], [ 128.1723852, 0.448605500000042 ], [ 128.174008400000048, 0.454338600000028 ], [ 128.168239800000038, 0.457082300000025 ], [ 128.162366500000076, 0.457021700000041 ], [ 128.157787300000109, 0.451855100000046 ], [ 128.156387400000085, 0.45707150000004 ], [ 128.140535500000055, 0.463861200000053 ], [ 128.121391700000117, 0.45390690000005 ], [ 128.111084000000119, 0.455104200000051 ], [ 128.100780900000018, 0.461720700000058 ], [ 128.0890372, 0.461026100000026 ], [ 128.084487200000012, 0.471272500000055 ], [ 128.078908400000046, 0.477311900000075 ], [ 128.072817800000053, 0.475912200000039 ], [ 128.068991200000028, 0.470675100000051 ], [ 128.064259300000117, 0.469012400000054 ], [ 128.051782000000117, 0.47171940000004 ], [ 128.039839700000016, 0.478590100000019 ], [ 128.026782, 0.473031800000058 ], [ 128.021881500000063, 0.476165800000047 ], [ 128.014166600000067, 0.471460300000047 ], [ 128.007154200000059, 0.475408200000061 ], [ 127.99831990000007, 0.473593900000026 ], [ 127.991478800000095, 0.475089800000035 ], [ 127.985925100000031, 0.479217600000027 ], [ 127.978019500000073, 0.471135100000026 ], [ 127.97724960000005, 0.483213200000023 ], [ 127.971595900000011, 0.479930700000068 ], [ 127.968429100000094, 0.481821500000024 ], [ 127.956185700000105, 0.467940100000021 ], [ 127.938940200000047, 0.468379800000037 ], [ 127.93525360000001, 0.463661900000034 ], [ 127.929307900000026, 0.465084 ], [ 127.926367400000117, 0.45930420000002 ], [ 127.92167470000004, 0.4591 ], [ 127.916815200000087, 0.455157 ], [ 127.90073940000002, 0.430697500000065 ], [ 127.900851400000079, 0.427079700000036 ], [ 127.908538800000088, 0.415795100000025 ], [ 127.906573600000115, 0.410583700000075 ], [ 127.912158, 0.400500100000045 ], [ 127.908905000000118, 0.400755 ], [ 127.909789100000012, 0.394941700000061 ], [ 127.906433300000117, 0.394641400000069 ], [ 127.903605500000026, 0.385601500000064 ], [ 127.897202000000107, 0.386784900000066 ], [ 127.9014912, 0.382786300000021 ], [ 127.895245400000022, 0.384493500000076 ], [ 127.896112200000061, 0.382094500000051 ], [ 127.900331500000107, 0.381861800000024 ], [ 127.902097200000071, 0.380467800000019 ], [ 127.89813150000009, 0.380720200000042 ], [ 127.899397100000101, 0.379057200000034 ], [ 127.897315300000059, 0.377080200000023 ], [ 127.901017600000046, 0.377492300000029 ], [ 127.900855200000024, 0.375627800000075 ], [ 127.904385100000013, 0.374833900000056 ], [ 127.905341300000032, 0.371464800000069 ], [ 127.902627100000018, 0.37081610000007 ], [ 127.905061, 0.369823100000076 ], [ 127.906165800000053, 0.364521600000046 ], [ 127.905186500000013, 0.362545800000021 ], [ 127.903267, 0.364590600000042 ], [ 127.902145800000085, 0.361618600000043 ], [ 127.902802800000018, 0.366739100000075 ], [ 127.896397100000058, 0.36433020000004 ], [ 127.892122300000096, 0.368394500000022 ], [ 127.894438600000058, 0.364087300000051 ], [ 127.890253800000096, 0.366154900000026 ], [ 127.893660800000021, 0.362006800000074 ], [ 127.891327700000033, 0.361279800000034 ], [ 127.888096500000074, 0.363406600000076 ], [ 127.888864, 0.367588400000045 ], [ 127.887225100000023, 0.364052100000038 ], [ 127.886042, 0.365296200000046 ], [ 127.889673800000082, 0.35953180000007 ], [ 127.893401800000106, 0.357902 ], [ 127.892427800000064, 0.356294400000024 ], [ 127.884026300000073, 0.357453 ], [ 127.88226880000002, 0.355151200000023 ], [ 127.883502500000077, 0.348881100000028 ], [ 127.880584100000078, 0.354336500000045 ], [ 127.879328100000066, 0.353481700000032 ], [ 127.881369200000108, 0.349302100000045 ], [ 127.878607500000044, 0.347955800000022 ], [ 127.8794812000001, 0.345078800000067 ], [ 127.882537800000023, 0.344392500000026 ], [ 127.880443, 0.341062400000055 ], [ 127.882083600000101, 0.335999400000048 ], [ 127.872759100000053, 0.317483400000071 ], [ 127.874431500000014, 0.313247400000023 ], [ 127.869026400000052, 0.309046900000055 ], [ 127.872121500000048, 0.305501400000026 ], [ 127.869423400000073, 0.302686100000074 ], [ 127.872616200000039, 0.302554300000054 ], [ 127.874626700000022, 0.29897950000003 ], [ 127.871040400000084, 0.300242100000048 ], [ 127.871816600000102, 0.297739300000046 ], [ 127.867393900000025, 0.296853300000066 ], [ 127.864742700000079, 0.301170400000046 ], [ 127.862735, 0.296056600000043 ], [ 127.872585500000014, 0.295414400000027 ], [ 127.875174400000105, 0.288685200000032 ], [ 127.875217800000087, 0.29169580000007 ], [ 127.879176200000074, 0.293029 ], [ 127.875817, 0.294902500000035 ], [ 127.877744800000073, 0.299765200000024 ], [ 127.875803200000064, 0.301699100000064 ], [ 127.879060800000047, 0.301902 ], [ 127.880468300000075, 0.294509400000038 ], [ 127.88798660000009, 0.285550500000056 ], [ 127.900673200000028, 0.283768700000053 ], [ 127.921061300000019, 0.273605100000054 ], [ 127.914851500000054, 0.272213 ], [ 127.917098100000089, 0.259909600000071 ], [ 127.912783800000057, 0.246136100000058 ], [ 127.914619600000037, 0.24812380000003 ], [ 127.919315800000049, 0.243529 ], [ 127.91853530000003, 0.235731600000065 ], [ 127.924047900000119, 0.215432100000044 ], [ 127.920942800000034, 0.202995700000031 ], [ 127.918627500000071, 0.202017 ], [ 127.921329, 0.200585600000068 ], [ 127.919874, 0.194242400000064 ], [ 127.921886900000118, 0.186962600000072 ], [ 127.918632700000103, 0.185777100000053 ], [ 127.921873300000016, 0.178249400000027 ], [ 127.909660600000052, 0.175374100000056 ], [ 127.89665350000007, 0.175831800000026 ], [ 127.894446900000048, 0.14730510000004 ], [ 127.887494200000106, 0.144168500000035 ], [ 127.877598100000114, 0.13182420000004 ] ] ], [ [ [ 127.91157, 0.396828700000071 ], [ 127.913395100000116, 0.396308800000043 ], [ 127.912719200000083, 0.395872200000042 ], [ 127.91157, 0.396828700000071 ] ] ], [ [ [ 128.296904300000051, 0.393743700000073 ], [ 128.292583500000092, 0.395158300000048 ], [ 128.295628100000044, 0.397879900000021 ], [ 128.296904300000051, 0.393743700000073 ] ] ], [ [ [ 128.172696200000019, 0.441158400000063 ], [ 128.17033790000005, 0.439914900000019 ], [ 128.16888, 0.442902200000049 ], [ 128.168765600000029, 0.440886800000044 ], [ 128.166607400000089, 0.441129800000056 ], [ 128.165263800000048, 0.446461100000022 ], [ 128.170995400000038, 0.444574400000022 ], [ 128.172696200000019, 0.441158400000063 ] ] ], [ [ [ 129.546596800000088, -0.129562199999953 ], [ 129.573279100000036, -0.179410799999971 ], [ 129.57536, -0.198965699999974 ], [ 129.561656600000106, -0.198113799999931 ], [ 129.5597821, -0.202010299999927 ], [ 129.563435100000106, -0.212530399999935 ], [ 129.547457400000098, -0.199210199999925 ], [ 129.550808, -0.210071199999959 ], [ 129.546816900000067, -0.214430499999935 ], [ 129.536935400000061, -0.213481099999967 ], [ 129.521042400000056, -0.199600699999962 ], [ 129.519481700000028, -0.18593889999994 ], [ 129.512974700000086, -0.184283199999925 ], [ 129.507689, -0.176295699999969 ], [ 129.512817, -0.169208899999944 ], [ 129.512018700000112, -0.165897 ], [ 129.51603410000007, -0.162341399999946 ], [ 129.502693300000033, -0.158007 ], [ 129.497286800000097, -0.15016559999998 ], [ 129.488058300000034, -0.147121699999957 ], [ 129.485590900000034, -0.14186159999997 ], [ 129.480474700000059, -0.140376199999935 ], [ 129.476289900000097, -0.143225499999971 ], [ 129.469516700000099, -0.139451 ], [ 129.4739432, -0.12790769999998 ], [ 129.479797100000042, -0.124498199999948 ], [ 129.473434900000029, -0.110057199999972 ], [ 129.461968800000022, -0.098538499999961 ], [ 129.461279300000115, -0.092304199999944 ], [ 129.456719500000077, -0.089114 ], [ 129.454615100000069, -0.092182499999979 ], [ 129.438468300000068, -0.087336499999935 ], [ 129.426421600000026, -0.075769 ], [ 129.414459700000066, -0.071336899999949 ], [ 129.402207500000031, -0.070679499999926 ], [ 129.392446900000095, -0.074551699999972 ], [ 129.383109500000046, -0.072920099999976 ], [ 129.382226500000115, -0.066198699999973 ], [ 129.387899, -0.060573099999942 ], [ 129.381984500000044, -0.052414899999974 ], [ 129.384923500000014, -0.041894399999933 ], [ 129.381089400000064, -0.036293199999932 ], [ 129.3817788, -0.030570199999943 ], [ 129.362680700000055, -0.003221799999949 ], [ 129.359947300000044, -0.003733199999942 ], [ 129.354129600000078, 0.002452500000061 ], [ 129.347477300000037, 0.005496600000072 ], [ 129.341461200000026, 0.01430380000005 ], [ 129.329818700000033, 0.022772 ], [ 129.311111400000073, 0.025947500000029 ], [ 129.296981800000026, 0.031240100000048 ], [ 129.29028320000009, 0.028417400000023 ], [ 129.287811300000044, 0.029828800000075 ], [ 129.279342700000029, 0.042883800000027 ], [ 129.28004460000011, 0.048176400000045 ], [ 129.286743200000046, 0.05099910000007 ], [ 129.313934300000028, 0.035474200000067 ], [ 129.337936400000103, 0.025594600000034 ], [ 129.355224600000042, 0.012186800000052 ], [ 129.401396800000043, -0.01318219999996 ], [ 129.412838700000066, -0.024895899999933 ], [ 129.434017, -0.05372959999994 ], [ 129.460118, -0.067172099999937 ], [ 129.4729387000001, -0.086702899999977 ], [ 129.505413600000111, -0.101046199999928 ], [ 129.51199320000012, -0.107913499999938 ], [ 129.532482, -0.118920499999945 ], [ 129.535239700000034, -0.122889899999961 ], [ 129.546596800000088, -0.129562199999953 ] ] ], [ [ [ 129.421447200000102, -0.079522199999928 ], [ 129.426730200000065, -0.087977799999976 ], [ 129.4255008, -0.095330599999954 ], [ 129.421435200000019, -0.096580599999925 ], [ 129.4234924000001, -0.099325599999929 ], [ 129.42220210000005, -0.101874599999974 ], [ 129.426146, -0.101752 ], [ 129.430333300000029, -0.093639399999972 ], [ 129.427071, -0.090551299999959 ], [ 129.427947400000107, -0.087708199999952 ], [ 129.432013100000063, -0.090698299999929 ], [ 129.435482400000069, -0.099864599999933 ], [ 129.434569700000111, -0.116089699999975 ], [ 129.432403, -0.118148499999961 ], [ 129.416067200000043, -0.102658899999938 ], [ 129.410479800000076, -0.091899499999954 ], [ 129.412999500000069, -0.084473099999968 ], [ 129.421447200000102, -0.079522199999928 ] ] ], [ [ [ 129.635494900000026, -0.074618299999941 ], [ 129.636107700000025, -0.075234799999976 ], [ 129.635622300000023, -0.075473199999976 ], [ 129.635494900000026, -0.074618299999941 ] ] ], [ [ [ 129.634557, -0.074746299999958 ], [ 129.63242630000002, -0.075520899999958 ], [ 129.632454800000119, -0.074601199999961 ], [ 129.634557, -0.074746299999958 ] ] ], [ [ [ 129.63117150000005, -0.074400699999956 ], [ 129.633774400000107, -0.072525699999971 ], [ 129.631124200000045, -0.074913099999947 ], [ 129.63117150000005, -0.074400699999956 ] ] ], [ [ [ 129.634938900000066, -0.03508759999994 ], [ 129.653723, -0.047843199999932 ], [ 129.657466600000021, -0.059127099999955 ], [ 129.65369, -0.070767799999942 ], [ 129.649525700000027, -0.072016699999949 ], [ 129.641927900000042, -0.069831399999941 ], [ 129.640709500000071, -0.067244599999924 ], [ 129.646701300000018, -0.065326699999957 ], [ 129.646524100000079, -0.058614299999931 ], [ 129.631084700000088, -0.047977199999934 ], [ 129.630575200000067, -0.042803599999957 ], [ 129.62701990000005, -0.043405699999937 ], [ 129.627773100000013, -0.039882299999931 ], [ 129.631671600000118, -0.041264799999965 ], [ 129.62551360000009, -0.031430399999977 ], [ 129.62376370000004, -0.034262599999977 ], [ 129.625713, -0.034664 ], [ 129.626355400000079, -0.038098199999979 ], [ 129.619300200000112, -0.035689899999966 ], [ 129.616199100000017, -0.036961 ], [ 129.615246600000091, -0.040462199999979 ], [ 129.619953800000076, -0.045613499999945 ], [ 129.626809500000036, -0.047999599999969 ], [ 129.627075400000081, -0.051701399999956 ], [ 129.635326700000064, -0.05571539999994 ], [ 129.632070500000054, -0.058525299999928 ], [ 129.623387300000104, -0.058347 ], [ 129.626499600000102, -0.065505299999927 ], [ 129.619499900000051, -0.065706099999943 ], [ 129.625746500000105, -0.069407899999931 ], [ 129.628736900000035, -0.067356199999949 ], [ 129.629910900000027, -0.069697799999972 ], [ 129.6253478000001, -0.071459499999946 ], [ 129.614837100000045, -0.068382199999974 ], [ 129.597249, -0.056050299999924 ], [ 129.587502300000097, -0.044721799999934 ], [ 129.584689100000105, -0.032345 ], [ 129.58442320000006, -0.008751099999927 ], [ 129.5930843000001, -0.001592599999924 ], [ 129.603185200000098, -0.004357899999945 ], [ 129.634938900000066, -0.03508759999994 ] ] ], [ [ [ 129.626544200000012, 0.006961400000023 ], [ 129.624495100000104, 0.020940100000075 ], [ 129.628702200000021, 0.023717800000043 ], [ 129.636023200000068, 0.017943600000024 ], [ 129.638396900000089, 0.011378100000059 ], [ 129.631967100000111, 0.007136200000048 ], [ 129.626544200000012, 0.006961400000023 ] ] ], [ [ [ 128.939069100000097, 0.192489500000022 ], [ 128.964212800000041, 0.180771900000025 ], [ 128.978720100000032, 0.168027100000074 ], [ 128.978319, 0.164843400000052 ], [ 128.970944100000111, 0.167711700000041 ], [ 128.964654700000096, 0.174331800000061 ], [ 128.956817700000101, 0.174138 ], [ 128.963499400000046, 0.174971400000061 ], [ 128.962632900000017, 0.176541200000031 ], [ 128.957910500000025, 0.177083900000071 ], [ 128.9569093, 0.175300900000025 ], [ 128.951459900000032, 0.177859100000035 ], [ 128.939069100000097, 0.192489500000022 ] ] ], [ [ [ 128.869152900000017, 0.478526 ], [ 128.873327200000062, 0.469607600000074 ], [ 128.874455900000044, 0.454528500000038 ], [ 128.866519100000119, 0.461439100000064 ], [ 128.86158290000003, 0.474635600000056 ], [ 128.865451300000018, 0.478694300000029 ], [ 128.869152900000017, 0.478526 ] ] ], [ [ [ 128.866846, 0.491181400000073 ], [ 128.866798900000049, 0.491887800000029 ], [ 128.867142100000024, 0.491894600000023 ], [ 128.866846, 0.491181400000073 ] ] ], [ [ [ 128.813368700000069, 0.564796600000022 ], [ 128.82814790000009, 0.55335830000007 ], [ 128.846967600000085, 0.527757600000029 ], [ 128.854348800000025, 0.51470340000003 ], [ 128.855908000000113, 0.506708400000036 ], [ 128.862634100000037, 0.497212600000069 ], [ 128.861497, 0.490486900000064 ], [ 128.857089500000029, 0.490068300000075 ], [ 128.853071200000045, 0.495025300000066 ], [ 128.830221400000028, 0.509436 ], [ 128.823483900000042, 0.519013700000073 ], [ 128.805979900000011, 0.554031500000065 ], [ 128.806898300000057, 0.564088300000037 ], [ 128.813368700000069, 0.564796600000022 ] ] ] ] } },
{ "type": "Feature", "properties": { "kab_kota": "Halmahera Timur", "provinsi": "Maluku Utara", "regency_code": "id8206" }, "geometry": { "type": "MultiPolygon", "coordinates": [ [ [ [ 127.853741600000035, 0.617707400000029 ], [ 127.829459400000019, 0.622454100000027 ], [ 127.82687420000002, 0.625811900000031 ], [ 127.826553800000056, 0.638547100000039 ], [ 127.818914600000085, 0.640683400000057 ], [ 127.816692200000034, 0.643847700000038 ], [ 127.807977700000038, 0.645985200000041 ], [ 127.802548000000115, 0.641292300000032 ], [ 127.792059100000074, 0.64263980000004 ], [ 127.792496300000039, 0.646859200000051 ], [ 127.787914700000101, 0.656086500000072 ], [ 127.788605900000107, 0.662421900000027 ], [ 127.782154900000023, 0.672275200000058 ], [ 127.780906200000118, 0.684236300000066 ], [ 127.783, 0.692341100000021 ], [ 127.768016200000034, 0.707130100000029 ], [ 127.765959, 0.721595 ], [ 127.767254600000115, 0.730948900000044 ], [ 127.757310400000051, 0.74249930000002 ], [ 127.757591300000058, 0.751368 ], [ 127.750897400000099, 0.757693700000061 ], [ 127.736453, 0.75571240000005 ], [ 127.731411500000036, 0.759244 ], [ 127.7350963, 0.774614300000053 ], [ 127.721388400000023, 0.783498900000041 ], [ 127.719170800000029, 0.789564700000028 ], [ 127.721149500000024, 0.804324200000053 ], [ 127.714012400000115, 0.81056540000003 ], [ 127.706767400000103, 0.829074100000071 ], [ 127.696761600000059, 0.834144200000026 ], [ 127.69845250000003, 0.842191300000025 ], [ 127.695287200000053, 0.852209300000027 ], [ 127.696326100000078, 0.857273300000031 ], [ 127.690982500000018, 0.866654100000062 ], [ 127.694030600000019, 0.879143300000067 ], [ 127.703958200000102, 0.875514800000076 ], [ 127.700648900000033, 0.875150700000063 ], [ 127.702615, 0.868839800000046 ], [ 127.700589900000068, 0.868028 ], [ 127.708804100000066, 0.851602200000059 ], [ 127.716127100000108, 0.848715300000038 ], [ 127.720291700000075, 0.850108300000045 ], [ 127.723702900000035, 0.842575100000033 ], [ 127.728507100000115, 0.844337500000051 ], [ 127.731378200000108, 0.837122500000021 ], [ 127.736424100000022, 0.836449 ], [ 127.736109600000077, 0.831795700000043 ], [ 127.738384200000041, 0.829307500000027 ], [ 127.734229100000107, 0.824886900000024 ], [ 127.736119300000041, 0.821360600000048 ], [ 127.7486685, 0.812908200000038 ], [ 127.751877600000057, 0.81465170000007 ], [ 127.753974900000117, 0.807500700000048 ], [ 127.760797400000115, 0.80542870000005 ], [ 127.771426, 0.804721200000074 ], [ 127.779688800000031, 0.807336500000019 ], [ 127.797678900000051, 0.795859800000073 ], [ 127.819347500000049, 0.79889380000003 ], [ 127.822567100000015, 0.801495 ], [ 127.829339100000084, 0.801924600000063 ], [ 127.831537400000116, 0.805184200000042 ], [ 127.843919, 0.804881 ], [ 127.860413700000095, 0.817874700000061 ], [ 127.867753200000038, 0.820521 ], [ 127.870967300000075, 0.826373500000045 ], [ 127.881472900000063, 0.827668700000061 ], [ 127.887677100000019, 0.839229600000067 ], [ 127.888868400000092, 0.852333700000031 ], [ 127.907481, 0.856171300000028 ], [ 127.9245826, 0.874863900000037 ], [ 127.927147700000091, 0.873604 ], [ 127.930942800000025, 0.876787900000068 ], [ 127.934041300000104, 0.887178 ], [ 127.930232100000012, 0.897553900000048 ], [ 127.932666500000096, 0.917102800000066 ], [ 127.924785400000019, 0.965581800000052 ], [ 127.929035000000113, 0.966686 ], [ 127.93631860000005, 0.977543300000036 ], [ 127.936982200000102, 0.985282600000062 ], [ 127.93450370000005, 0.992918 ], [ 127.945281100000102, 0.994245200000023 ], [ 127.940508, 0.996667700000046 ], [ 127.939756500000044, 1.00041740000006 ], [ 127.937813700000106, 0.996395800000073 ], [ 127.935311200000115, 0.997075400000028 ], [ 127.932456900000034, 1.005086600000027 ], [ 127.940573900000118, 1.005627 ], [ 127.94324610000001, 1.012203100000022 ], [ 127.952361700000097, 1.01894980000003 ], [ 127.955621300000075, 1.03240530000005 ], [ 127.963637800000015, 1.038640300000054 ], [ 127.961780600000111, 1.045235400000024 ], [ 127.977131200000031, 1.061533600000075 ], [ 127.9757667, 1.069720600000039 ], [ 127.981565800000112, 1.07978380000003 ], [ 127.9813319000001, 1.08738690000007 ], [ 128.018205, 1.104144200000064 ], [ 128.022509200000059, 1.108400500000073 ], [ 128.022338600000012, 1.112001200000066 ], [ 128.032705, 1.116265300000066 ], [ 128.03472110000007, 1.114253900000051 ], [ 128.044313000000102, 1.113857400000029 ], [ 128.062117600000079, 1.116379 ], [ 128.068883300000039, 1.123031 ], [ 128.077487200000064, 1.123959600000035 ], [ 128.083134700000073, 1.12407330000002 ], [ 128.086248900000101, 1.120084800000029 ], [ 128.089972000000103, 1.122592700000041 ], [ 128.099225100000012, 1.121707900000047 ], [ 128.090142600000036, 1.122912500000041 ], [ 128.087923500000102, 1.124653700000067 ], [ 128.089259600000105, 1.126657800000032 ], [ 128.099905500000091, 1.125904500000047 ], [ 128.10910170000011, 1.120730700000024 ], [ 128.128759100000025, 1.127865900000074 ], [ 128.144479300000057, 1.119792600000039 ], [ 128.150193100000024, 1.124341 ], [ 128.16607230000011, 1.124824300000057 ], [ 128.172155700000076, 1.129230500000062 ], [ 128.172042, 1.133963600000072 ], [ 128.175564300000019, 1.136848900000075 ], [ 128.180880200000047, 1.155966100000057 ], [ 128.189962700000024, 1.158680900000036 ], [ 128.190232700000024, 1.16176530000007 ], [ 128.194638900000086, 1.164693300000067 ], [ 128.19857740000009, 1.181569300000035 ], [ 128.194980000000101, 1.189481700000044 ], [ 128.200596800000085, 1.195889600000044 ], [ 128.199959, 1.205565200000024 ], [ 128.189038800000048, 1.221362700000043 ], [ 128.186082400000032, 1.231980300000032 ], [ 128.179676400000062, 1.242767600000036 ], [ 128.171382400000084, 1.247711500000037 ], [ 128.16257, 1.247683100000074 ], [ 128.157282500000065, 1.251691300000061 ], [ 128.146043, 1.253571400000055 ], [ 128.130461500000024, 1.251762400000075 ], [ 128.118550600000049, 1.247413 ], [ 128.111003200000027, 1.248635400000069 ], [ 128.103953300000057, 1.239197600000068 ], [ 128.100503100000083, 1.238637 ], [ 128.090493, 1.24412970000003 ], [ 128.086513500000024, 1.253263700000048 ], [ 128.086584300000027, 1.261598200000037 ], [ 128.093904300000077, 1.28499370000003 ], [ 128.104649700000095, 1.289513600000021 ], [ 128.110690500000032, 1.287040400000024 ], [ 128.119872400000077, 1.290338 ], [ 128.127448300000083, 1.302476400000046 ], [ 128.138136900000063, 1.31336390000007 ], [ 128.14839910000012, 1.340128100000072 ], [ 128.156486600000108, 1.353886800000055 ], [ 128.181687200000056, 1.38067940000002 ], [ 128.192292900000098, 1.389801300000045 ], [ 128.200539800000115, 1.393364500000075 ], [ 128.218923100000097, 1.393753500000059 ], [ 128.223699800000077, 1.402194300000076 ], [ 128.245559, 1.420628900000054 ], [ 128.256753000000117, 1.419921400000021 ], [ 128.279317800000058, 1.429371800000069 ], [ 128.298496600000021, 1.433162100000061 ], [ 128.310600200000067, 1.439782500000035 ], [ 128.316740500000037, 1.446883 ], [ 128.345117100000039, 1.459972100000073 ], [ 128.34731540000007, 1.462852700000042 ], [ 128.346001500000057, 1.464899400000036 ], [ 128.359419100000082, 1.475891200000035 ], [ 128.359283800000071, 1.484035600000027 ], [ 128.369780000000105, 1.500689200000068 ], [ 128.382568300000116, 1.50469030000005 ], [ 128.408094600000027, 1.521398500000032 ], [ 128.412249600000109, 1.521067 ], [ 128.415166800000065, 1.526835300000073 ], [ 128.423808200000053, 1.528735900000072 ], [ 128.449820800000111, 1.541686900000059 ], [ 128.456893, 1.542769900000053 ], [ 128.4673467, 1.550748300000066 ], [ 128.4726730000001, 1.55158810000006 ], [ 128.47645220000004, 1.548118300000056 ], [ 128.493712900000105, 1.549466400000028 ], [ 128.499879, 1.539653700000031 ], [ 128.503238300000021, 1.540537700000073 ], [ 128.505094800000052, 1.538526500000046 ], [ 128.506951200000117, 1.531631100000027 ], [ 128.52569260000007, 1.536692200000061 ], [ 128.538135400000101, 1.543013 ], [ 128.54321850000008, 1.549245400000075 ], [ 128.54204720000007, 1.559212800000068 ], [ 128.553274400000078, 1.566903900000057 ], [ 128.563728, 1.570417900000052 ], [ 128.58768520000001, 1.571080900000027 ], [ 128.5996417, 1.568959300000074 ], [ 128.607752700000106, 1.572937400000058 ], [ 128.613056900000061, 1.569312900000057 ], [ 128.613476800000058, 1.575081200000056 ], [ 128.626693, 1.582551200000069 ], [ 128.634737700000073, 1.583103700000038 ], [ 128.642760300000077, 1.578993 ], [ 128.672176400000012, 1.589844500000027 ], [ 128.684044400000062, 1.581976600000075 ], [ 128.698653, 1.582330200000058 ], [ 128.699846500000035, 1.578219500000046 ], [ 128.723030200000039, 1.572407 ], [ 128.726246900000092, 1.564141500000062 ], [ 128.723627, 1.557534700000076 ], [ 128.724436900000114, 1.548583200000053 ], [ 128.727582900000016, 1.54078080000005 ], [ 128.729660400000057, 1.541863800000044 ], [ 128.73134, 1.539941 ], [ 128.731384200000093, 1.534018 ], [ 128.722035600000027, 1.527277300000037 ], [ 128.709062500000073, 1.53854860000007 ], [ 128.702211300000045, 1.535587100000043 ], [ 128.696951300000023, 1.536758500000076 ], [ 128.69655350000005, 1.524581 ], [ 128.697304900000063, 1.521133300000031 ], [ 128.700222200000098, 1.520669100000021 ], [ 128.697137400000088, 1.515800500000068 ], [ 128.696792, 1.504631600000039 ], [ 128.687005900000031, 1.508403200000032 ], [ 128.682784200000015, 1.503941500000053 ], [ 128.680110500000069, 1.49534170000004 ], [ 128.686221400000022, 1.46942 ], [ 128.685838300000114, 1.463939 ], [ 128.684083700000087, 1.465093500000023 ], [ 128.683974, 1.463218500000039 ], [ 128.694956900000079, 1.443026300000042 ], [ 128.721833200000106, 1.408370700000035 ], [ 128.736316400000078, 1.39875660000007 ], [ 128.743712800000026, 1.397135800000058 ], [ 128.750343, 1.400171 ], [ 128.755794500000093, 1.399198600000034 ], [ 128.758575, 1.392449400000032 ], [ 128.754998900000032, 1.38384590000004 ], [ 128.74654170000008, 1.378983800000071 ], [ 128.742092, 1.370968600000026 ], [ 128.747719, 1.346214 ], [ 128.744245300000102, 1.335330700000043 ], [ 128.746720800000048, 1.331239900000071 ], [ 128.742280300000061, 1.318051400000058 ], [ 128.738196500000072, 1.315128400000049 ], [ 128.741602, 1.309855800000037 ], [ 128.73004990000004, 1.300289700000064 ], [ 128.720679500000074, 1.301142800000036 ], [ 128.710463000000118, 1.289534700000047 ], [ 128.711130400000116, 1.267717400000038 ], [ 128.720640600000024, 1.256089700000075 ], [ 128.719403, 1.247735700000021 ], [ 128.710636600000043, 1.244304 ], [ 128.702381600000081, 1.234454600000049 ], [ 128.694404600000098, 1.201235200000042 ], [ 128.690979800000036, 1.198481800000025 ], [ 128.691000800000097, 1.189172600000063 ], [ 128.693476300000043, 1.184463 ], [ 128.690119700000082, 1.177492900000061 ], [ 128.691803700000037, 1.16252 ], [ 128.693866700000058, 1.160216200000036 ], [ 128.691987200000085, 1.15387880000003 ], [ 128.695603000000119, 1.148492100000055 ], [ 128.696593700000108, 1.140960600000028 ], [ 128.694707400000084, 1.138925 ], [ 128.694886100000076, 1.117464600000062 ], [ 128.689050800000018, 1.105287500000031 ], [ 128.688327100000038, 1.094720700000039 ], [ 128.693293800000106, 1.078219100000069 ], [ 128.698070600000051, 1.07552510000005 ], [ 128.700832000000105, 1.066866400000038 ], [ 128.696659600000089, 1.063205900000071 ], [ 128.683390800000097, 1.067884100000072 ], [ 128.676151000000118, 1.061810800000046 ], [ 128.671060700000112, 1.062151700000072 ], [ 128.660146600000076, 1.056162400000062 ], [ 128.648204700000065, 1.055318 ], [ 128.644504, 1.048732400000063 ], [ 128.629935800000112, 1.041667800000027 ], [ 128.626695500000096, 1.046576 ], [ 128.61964230000001, 1.047060700000031 ], [ 128.613783700000113, 1.041377700000055 ], [ 128.610264700000016, 1.042427300000043 ], [ 128.601513100000034, 1.032061200000044 ], [ 128.574490700000069, 1.00955010000007 ], [ 128.552211300000067, 0.996015 ], [ 128.539448100000072, 0.975999100000024 ], [ 128.533403600000042, 0.970820100000026 ], [ 128.522685600000045, 0.96857650000004 ], [ 128.513953600000036, 0.972205700000075 ], [ 128.504562100000044, 0.971549500000037 ], [ 128.491765800000053, 0.960874800000056 ], [ 128.462177900000029, 0.948758200000043 ], [ 128.454208700000095, 0.94271260000005 ], [ 128.446982500000104, 0.932478900000035 ], [ 128.441664600000081, 0.929608700000074 ], [ 128.430703100000073, 0.928840300000047 ], [ 128.41598230000011, 0.931370300000026 ], [ 128.40527910000003, 0.920301100000074 ], [ 128.392047200000093, 0.920518900000047 ], [ 128.384781, 0.910896 ], [ 128.372771200000102, 0.913935800000047 ], [ 128.356249500000104, 0.913248500000066 ], [ 128.347359200000028, 0.908744900000045 ], [ 128.334657400000083, 0.911874500000067 ], [ 128.317049800000063, 0.897391500000026 ], [ 128.303579500000069, 0.893060900000023 ], [ 128.298760400000106, 0.88800260000005 ], [ 128.296953800000097, 0.881661800000074 ], [ 128.287728900000047, 0.876055100000031 ], [ 128.279692600000089, 0.865654300000074 ], [ 128.2824587, 0.86152 ], [ 128.281771700000036, 0.852416100000028 ], [ 128.290188500000113, 0.848566100000028 ], [ 128.292652500000031, 0.84413550000005 ], [ 128.298362400000087, 0.8441 ], [ 128.301223300000061, 0.841375300000038 ], [ 128.301809700000035, 0.838970600000039 ], [ 128.294992100000059, 0.834356400000047 ], [ 128.295436400000085, 0.831969400000048 ], [ 128.299967600000059, 0.828154900000072 ], [ 128.302633, 0.830820300000028 ], [ 128.30807040000002, 0.82983710000002 ], [ 128.309616400000095, 0.832295200000033 ], [ 128.3129748, 0.827935700000069 ], [ 128.311825700000099, 0.81582880000002 ], [ 128.293902300000013, 0.816711400000031 ], [ 128.295199400000115, 0.819110200000068 ], [ 128.291858800000114, 0.823499300000037 ], [ 128.286462800000095, 0.819980900000076 ], [ 128.28221, 0.820176400000037 ], [ 128.272673700000041, 0.827195300000028 ], [ 128.268397200000095, 0.833918100000062 ], [ 128.249419200000034, 0.841412300000059 ], [ 128.245977800000105, 0.832207700000026 ], [ 128.247049900000093, 0.827907500000038 ], [ 128.251213900000039, 0.826586700000064 ], [ 128.251231700000062, 0.825052600000049 ], [ 128.243219600000089, 0.826103900000021 ], [ 128.239815800000088, 0.816113500000029 ], [ 128.223340600000029, 0.814354800000046 ], [ 128.216275500000052, 0.807760400000063 ], [ 128.205763300000058, 0.807695800000033 ], [ 128.202279200000021, 0.801378300000067 ], [ 128.2032564000001, 0.795678500000065 ], [ 128.198318, 0.78961460000005 ], [ 128.209433700000091, 0.778437900000029 ], [ 128.2130558, 0.764430600000026 ], [ 128.21844580000004, 0.760072300000047 ], [ 128.218363700000054, 0.754838200000052 ], [ 128.222326200000111, 0.754542900000047 ], [ 128.234062000000108, 0.744215700000041 ], [ 128.238669200000118, 0.735054300000058 ], [ 128.248912, 0.728577 ], [ 128.249690100000066, 0.738827600000036 ], [ 128.25416650000011, 0.741506 ], [ 128.260232100000053, 0.738410300000055 ], [ 128.284444500000063, 0.706879600000036 ], [ 128.293630500000063, 0.700431900000069 ], [ 128.295294200000058, 0.701444800000047 ], [ 128.295615400000088, 0.694629600000042 ], [ 128.312297300000068, 0.660300300000074 ], [ 128.319681900000091, 0.655368800000076 ], [ 128.321383200000014, 0.65662610000004 ], [ 128.324443, 0.651541100000031 ], [ 128.326375700000085, 0.654219 ], [ 128.331392900000083, 0.654635300000052 ], [ 128.334722100000022, 0.65884920000002 ], [ 128.346282300000098, 0.65432050000004 ], [ 128.355539800000088, 0.65568120000006 ], [ 128.357180100000051, 0.653151900000069 ], [ 128.3633115, 0.652044700000033 ], [ 128.349801400000047, 0.64731340000003 ], [ 128.348682500000109, 0.64467540000004 ], [ 128.355234200000041, 0.64077130000004 ], [ 128.365254800000116, 0.639051300000062 ], [ 128.366889800000081, 0.643755100000021 ], [ 128.370941, 0.643014300000061 ], [ 128.377462300000047, 0.640390800000034 ], [ 128.377537500000017, 0.637907 ], [ 128.379572500000108, 0.635072900000068 ], [ 128.381454400000052, 0.636448800000039 ], [ 128.384359900000049, 0.634214500000041 ], [ 128.385347800000091, 0.635625600000026 ], [ 128.385136200000034, 0.636260700000037 ], [ 128.381840700000112, 0.636665400000027 ], [ 128.384842100000014, 0.637954100000059 ], [ 128.382007, 0.644075200000032 ], [ 128.388715100000013, 0.644603800000027 ], [ 128.4021265, 0.639989600000035 ], [ 128.412473100000057, 0.633339700000022 ], [ 128.411449800000014, 0.636055500000055 ], [ 128.424889100000087, 0.632234100000062 ], [ 128.434218700000088, 0.63227790000002 ], [ 128.446166700000049, 0.625484400000062 ], [ 128.480955800000061, 0.597924 ], [ 128.512445400000047, 0.592584200000033 ], [ 128.518622200000095, 0.588894700000026 ], [ 128.523291600000107, 0.591685900000073 ], [ 128.571659200000113, 0.561676300000045 ], [ 128.60734, 0.559389 ], [ 128.616596700000059, 0.555088400000045 ], [ 128.62078710000003, 0.555429300000071 ], [ 128.622926900000039, 0.558193200000062 ], [ 128.637255800000048, 0.553285 ], [ 128.641224200000011, 0.554665 ], [ 128.645969100000116, 0.553076200000021 ], [ 128.647117600000115, 0.547627200000022 ], [ 128.653443300000049, 0.544051800000034 ], [ 128.6611454, 0.545134700000062 ], [ 128.663731200000029, 0.548361400000033 ], [ 128.667621, 0.546261900000047 ], [ 128.667643100000078, 0.549179200000026 ], [ 128.678877600000078, 0.549909500000069 ], [ 128.683985100000086, 0.543707700000027 ], [ 128.689717900000119, 0.529205 ], [ 128.687847500000089, 0.519747600000073 ], [ 128.679758000000106, 0.505883800000049 ], [ 128.676266, 0.511067600000047 ], [ 128.668031900000074, 0.506022800000039 ], [ 128.650685300000077, 0.514159300000074 ], [ 128.644449900000041, 0.512360100000024 ], [ 128.6396036000001, 0.503722900000071 ], [ 128.638769100000104, 0.492497800000024 ], [ 128.633688600000028, 0.489481100000035 ], [ 128.633724, 0.486402800000064 ], [ 128.626120900000046, 0.485476800000072 ], [ 128.628386500000033, 0.478679500000055 ], [ 128.618429500000047, 0.468451500000072 ], [ 128.618975500000033, 0.457044 ], [ 128.623673500000109, 0.449131900000054 ], [ 128.621067500000095, 0.443366800000035 ], [ 128.604757100000029, 0.438178500000049 ], [ 128.597025800000097, 0.436796100000038 ], [ 128.594738900000038, 0.438724100000059 ], [ 128.585415700000112, 0.433924400000024 ], [ 128.581218100000115, 0.434483700000044 ], [ 128.577047400000083, 0.421520300000054 ], [ 128.562023100000033, 0.415934400000026 ], [ 128.558905700000082, 0.422234400000036 ], [ 128.553419700000063, 0.420810600000038 ], [ 128.548238400000059, 0.423455600000068 ], [ 128.54440210000007, 0.421803900000043 ], [ 128.539103100000034, 0.43158550000004 ], [ 128.533152900000118, 0.431965300000059 ], [ 128.524007500000039, 0.437827900000059 ], [ 128.523617400000035, 0.440389200000027 ], [ 128.509674, 0.442910600000062 ], [ 128.508544900000061, 0.450261500000067 ], [ 128.502273500000115, 0.455165800000032 ], [ 128.501545400000055, 0.469149600000037 ], [ 128.504308400000014, 0.477114700000072 ], [ 128.496593600000097, 0.481459200000074 ], [ 128.495901300000014, 0.478099200000031 ], [ 128.488774400000011, 0.472345500000074 ], [ 128.489279300000021, 0.484155200000032 ], [ 128.483286300000032, 0.490013800000042 ], [ 128.467371600000092, 0.495391200000029 ], [ 128.459494300000074, 0.491128 ], [ 128.457000000000107, 0.492473500000074 ], [ 128.4583278, 0.496041400000024 ], [ 128.455405, 0.498453100000063 ], [ 128.447000200000048, 0.501906800000029 ], [ 128.441598800000065, 0.501318900000058 ], [ 128.437943500000074, 0.504805100000056 ], [ 128.427319200000056, 0.502068800000075 ], [ 128.422145700000101, 0.504084600000056 ], [ 128.409778500000016, 0.503027600000053 ], [ 128.406939100000045, 0.505341800000053 ], [ 128.402737300000013, 0.502341200000046 ], [ 128.399449900000036, 0.509003500000063 ], [ 128.392738100000088, 0.50682450000005 ], [ 128.382308400000056, 0.507442900000058 ], [ 128.370188700000085, 0.513121600000034 ], [ 128.358487300000093, 0.510593800000038 ], [ 128.341654200000107, 0.52323720000004 ], [ 128.337323800000036, 0.53723530000002 ], [ 128.32830690000003, 0.539344300000039 ], [ 128.318397600000026, 0.54731090000007 ], [ 128.316773900000044, 0.55454450000002 ], [ 128.285710600000016, 0.553945 ], [ 128.278834700000061, 0.548244200000056 ], [ 128.273046100000101, 0.548857600000019 ], [ 128.27064340000004, 0.550193500000034 ], [ 128.26413510000009, 0.569968900000049 ], [ 128.251075, 0.569844200000034 ], [ 128.242251900000042, 0.577117300000054 ], [ 128.237048, 0.586601600000051 ], [ 128.226885300000049, 0.593625300000042 ], [ 128.218247800000086, 0.594983100000036 ], [ 128.211065, 0.600754400000028 ], [ 128.205623, 0.601380400000039 ], [ 128.202122300000042, 0.598039 ], [ 128.1890548, 0.596633800000063 ], [ 128.185350500000027, 0.593866700000035 ], [ 128.182443600000056, 0.596496 ], [ 128.178606400000035, 0.589992500000051 ], [ 128.17228590000002, 0.592730900000049 ], [ 128.168277400000079, 0.589243200000055 ], [ 128.161171500000023, 0.589927 ], [ 128.152035, 0.595315500000027 ], [ 128.144767900000033, 0.594656100000066 ], [ 128.134953900000028, 0.589088300000071 ], [ 128.120609300000069, 0.594286700000055 ], [ 128.116967500000101, 0.591137700000047 ], [ 128.106740900000091, 0.600298100000032 ], [ 128.105240300000105, 0.605107700000076 ], [ 128.099981100000036, 0.606629800000064 ], [ 128.095194400000082, 0.602646800000059 ], [ 128.084338500000058, 0.614707900000042 ], [ 128.06596490000004, 0.616019300000062 ], [ 128.063654800000108, 0.620394800000042 ], [ 128.065970000000107, 0.635401200000047 ], [ 128.063645700000052, 0.640033500000072 ], [ 128.056961500000057, 0.642843500000026 ], [ 128.0495697, 0.638119300000028 ], [ 128.044632800000045, 0.638017300000058 ], [ 128.038552200000026, 0.644939200000067 ], [ 128.035032200000046, 0.641949100000033 ], [ 128.033250700000053, 0.644323100000065 ], [ 128.024393300000042, 0.643537300000048 ], [ 128.018359, 0.650387900000055 ], [ 128.009196400000064, 0.649860700000033 ], [ 128.001375, 0.656651200000056 ], [ 127.995421100000044, 0.65673270000002 ], [ 127.995450000000119, 0.653092700000059 ], [ 127.992019300000038, 0.653740400000061 ], [ 127.988730700000019, 0.650448400000073 ], [ 127.98313660000008, 0.651612500000056 ], [ 127.986496300000113, 0.645420100000024 ], [ 127.977946700000075, 0.63766970000006 ], [ 127.970924100000047, 0.638911 ], [ 127.964186900000072, 0.633189800000025 ], [ 127.960720200000083, 0.636214100000075 ], [ 127.956185700000105, 0.632482800000048 ], [ 127.952636400000074, 0.635171500000069 ], [ 127.952080400000114, 0.630193900000052 ], [ 127.947975200000087, 0.628316700000028 ], [ 127.940214, 0.630714400000045 ], [ 127.9400495000001, 0.634039900000062 ], [ 127.9361096, 0.635164 ], [ 127.927985500000091, 0.625322700000027 ], [ 127.922713600000066, 0.627877400000045 ], [ 127.9054145, 0.627357500000073 ], [ 127.86717550000003, 0.632661 ], [ 127.86342650000006, 0.63060280000002 ], [ 127.863556700000117, 0.625705 ], [ 127.857131800000047, 0.623037900000043 ], [ 127.853741600000035, 0.617707400000029 ] ] ], [ [ [ 127.929495700000075, 0.99603 ], [ 127.933779900000104, 0.991599200000053 ], [ 127.931141900000057, 0.98929940000005 ], [ 127.92481070000008, 0.992042300000037 ], [ 127.924620800000071, 0.994489700000031 ], [ 127.929495700000075, 0.99603 ] ] ], [ [ [ 127.931945300000052, 1.005182500000046 ], [ 127.932329, 1.005110500000058 ], [ 127.932217100000116, 1.00484670000003 ], [ 127.931945300000052, 1.005182500000046 ] ] ], [ [ [ 127.935479100000066, 1.00686150000007 ], [ 127.9352632, 1.006693600000062 ], [ 127.935327200000074, 1.006949400000053 ], [ 127.935479100000066, 1.00686150000007 ] ] ], [ [ [ 127.950712900000099, 1.024407800000063 ], [ 127.950921400000084, 1.026284 ], [ 127.951092, 1.026644100000055 ], [ 127.952418600000101, 1.024843700000019 ], [ 127.950712900000099, 1.024407800000063 ] ] ], [ [ [ 128.378246500000046, 0.63916480000006 ], [ 128.380014500000016, 0.641934800000058 ], [ 128.38248980000003, 0.639665800000046 ], [ 128.379719900000055, 0.637219900000048 ], [ 128.378246500000046, 0.63916480000006 ] ] ], [ [ [ 128.47717160000002, 0.666793700000028 ], [ 128.474456800000098, 0.66433660000007 ], [ 128.472685, 0.664772300000038 ], [ 128.474021000000107, 0.666572300000041 ], [ 128.47717160000002, 0.666793700000028 ] ] ], [ [ [ 128.30083900000011, 0.708312500000034 ], [ 128.304961700000035, 0.705211 ], [ 128.298538500000063, 0.703572 ], [ 128.30083900000011, 0.708312500000034 ] ] ], [ [ [ 128.496837800000094, 0.757222200000058 ], [ 128.49645170000008, 0.758418500000062 ], [ 128.4977771, 0.758199900000022 ], [ 128.496837800000094, 0.757222200000058 ] ] ], [ [ [ 128.319592200000102, 0.821884400000044 ], [ 128.319711100000063, 0.822946500000057 ], [ 128.320144600000049, 0.822963500000071 ], [ 128.319592200000102, 0.821884400000044 ] ] ], [ [ [ 128.320372800000086, 0.843117900000038 ], [ 128.332502300000101, 0.831296500000064 ], [ 128.326793, 0.824533900000063 ], [ 128.322247200000106, 0.825631200000032 ], [ 128.319451800000024, 0.836838600000021 ], [ 128.320372800000086, 0.843117900000038 ] ] ], [ [ [ 128.442983500000082, 0.83852580000007 ], [ 128.442525200000091, 0.838818400000036 ], [ 128.4430532, 0.838902700000062 ], [ 128.442983500000082, 0.83852580000007 ] ] ], [ [ [ 128.658304, 0.559180500000025 ], [ 128.655303100000083, 0.55381790000007 ], [ 128.650131500000043, 0.555077600000061 ], [ 128.652362, 0.558679700000027 ], [ 128.658304, 0.559180500000025 ] ] ], [ [ [ 128.628948600000058, 0.567068800000072 ], [ 128.632153100000096, 0.561822 ], [ 128.63042130000008, 0.559987600000056 ], [ 128.621169500000065, 0.561148700000047 ], [ 128.618893800000023, 0.565583 ], [ 128.628948600000058, 0.567068800000072 ] ] ], [ [ [ 128.646764900000107, 0.573142500000074 ], [ 128.660319900000104, 0.575366100000053 ], [ 128.670375400000012, 0.567830100000037 ], [ 128.662397400000032, 0.562835 ], [ 128.656935600000111, 0.564334 ], [ 128.648186600000031, 0.561553200000048 ], [ 128.636074700000108, 0.56532 ], [ 128.635993, 0.570959400000049 ], [ 128.641173900000013, 0.575241900000037 ], [ 128.646787300000028, 0.577939 ], [ 128.646764900000107, 0.573142500000074 ] ] ], [ [ [ 128.638581300000055, 0.633988800000054 ], [ 128.647496600000068, 0.622194700000023 ], [ 128.638896600000066, 0.623567700000024 ], [ 128.632615400000077, 0.631310300000052 ], [ 128.638581300000055, 0.633988800000054 ] ] ], [ [ [ 128.520646900000088, 0.625130900000045 ], [ 128.520537300000115, 0.630034700000067 ], [ 128.5327694, 0.638758900000028 ], [ 128.54072, 0.637233 ], [ 128.538809400000105, 0.632266500000071 ], [ 128.523472, 0.624612500000069 ], [ 128.520646900000088, 0.625130900000045 ] ] ], [ [ [ 128.517499200000088, 0.708506700000044 ], [ 128.52014650000001, 0.711496100000033 ], [ 128.525725600000101, 0.713164 ], [ 128.518934700000045, 0.707273200000031 ], [ 128.517499200000088, 0.708506700000044 ] ] ], [ [ [ 128.553720200000043, 0.73129780000005 ], [ 128.54832650000003, 0.732087800000045 ], [ 128.549288400000023, 0.733633400000031 ], [ 128.553720200000043, 0.73129780000005 ] ] ], [ [ [ 128.509736, 0.798308 ], [ 128.509938600000055, 0.800657900000033 ], [ 128.510728800000038, 0.798794200000032 ], [ 128.509736, 0.798308 ] ] ] ] } },
{ "type": "Feature", "properties": { "kab_kota": "Halmahera Utara", "provinsi": "Maluku Utara", "regency_code": "id8205" }, "geometry": { "type": "MultiPolygon", "coordinates": [ [ [ [ 127.697431500000107, 0.833300100000031 ], [ 127.706767400000103, 0.829074100000071 ], [ 127.709366500000101, 0.821201400000064 ], [ 127.694518600000038, 0.818394200000057 ], [ 127.675838000000113, 0.830764400000021 ], [ 127.665435600000023, 0.83949130000002 ], [ 127.632512100000099, 0.878296100000057 ], [ 127.6055718, 0.91576340000006 ], [ 127.594913800000086, 0.966955700000028 ], [ 127.598229900000092, 0.986699600000065 ], [ 127.606247, 1.006742300000042 ], [ 127.618400700000052, 1.027833900000076 ], [ 127.61494980000009, 1.027752700000065 ], [ 127.609588800000097, 1.034582 ], [ 127.60455740000009, 1.048743700000045 ], [ 127.604582500000106, 1.059221300000047 ], [ 127.601936, 1.063135700000032 ], [ 127.602307100000075, 1.07132480000007 ], [ 127.610211200000094, 1.075697500000047 ], [ 127.614650500000039, 1.081338900000048 ], [ 127.610683800000061, 1.086755 ], [ 127.613182500000107, 1.091463600000054 ], [ 127.608351500000026, 1.094001 ], [ 127.603847900000119, 1.108404800000073 ], [ 127.609611300000097, 1.109286200000042 ], [ 127.614255400000047, 1.117491900000061 ], [ 127.625369500000033, 1.116420600000026 ], [ 127.62590200000011, 1.125523300000054 ], [ 127.619944700000019, 1.140364600000055 ], [ 127.626817900000106, 1.151783600000044 ], [ 127.628152600000021, 1.160351200000036 ], [ 127.633755400000041, 1.167005600000039 ], [ 127.644300200000089, 1.171566900000073 ], [ 127.643697, 1.17709560000003 ], [ 127.637709800000039, 1.182554 ], [ 127.639836400000036, 1.195753700000068 ], [ 127.6361554, 1.208037 ], [ 127.635903900000017, 1.219799900000055 ], [ 127.62387810000007, 1.237794600000029 ], [ 127.628931500000022, 1.243714500000067 ], [ 127.627419, 1.248118200000022 ], [ 127.636777500000107, 1.252337 ], [ 127.642723800000113, 1.250421200000062 ], [ 127.646952, 1.251843700000052 ], [ 127.647282400000108, 1.263687400000038 ], [ 127.649506600000109, 1.266005700000051 ], [ 127.649448700000107, 1.270987400000024 ], [ 127.64460710000003, 1.272936600000037 ], [ 127.638714100000016, 1.271442 ], [ 127.634535700000015, 1.274595800000043 ], [ 127.635535300000015, 1.285452400000054 ], [ 127.6400724, 1.295943300000033 ], [ 127.635729800000036, 1.321603400000072 ], [ 127.640424, 1.319957500000044 ], [ 127.642564200000038, 1.333799800000065 ], [ 127.645811900000012, 1.331016500000032 ], [ 127.648518, 1.332828600000028 ], [ 127.652013300000021, 1.32696130000005 ], [ 127.653878900000109, 1.327631800000063 ], [ 127.6573912, 1.334278600000061 ], [ 127.655908400000044, 1.341542900000036 ], [ 127.65974940000001, 1.345807500000035 ], [ 127.6632078, 1.358897600000034 ], [ 127.662326300000018, 1.364813200000071 ], [ 127.666760700000054, 1.366287 ], [ 127.6760862000001, 1.377004800000066 ], [ 127.66761120000001, 1.393186700000058 ], [ 127.661255900000015, 1.396631 ], [ 127.657527300000083, 1.416834 ], [ 127.661235, 1.424313500000039 ], [ 127.672621500000105, 1.430242 ], [ 127.680239400000119, 1.443016100000023 ], [ 127.671105700000112, 1.457440100000042 ], [ 127.670501500000114, 1.463906400000042 ], [ 127.680668400000059, 1.468885800000066 ], [ 127.689660900000035, 1.467412800000034 ], [ 127.702923600000076, 1.473137500000064 ], [ 127.70583570000008, 1.483886400000074 ], [ 127.70943950000003, 1.489132400000074 ], [ 127.711251, 1.488596500000028 ], [ 127.711328500000036, 1.49409170000007 ], [ 127.7141309000001, 1.496412700000064 ], [ 127.712379100000021, 1.510354 ], [ 127.720982700000036, 1.514508500000034 ], [ 127.719100800000092, 1.521076100000073 ], [ 127.725107300000104, 1.525797500000067 ], [ 127.725459200000046, 1.531798500000036 ], [ 127.729669700000045, 1.539579900000035 ], [ 127.72600650000004, 1.551932500000021 ], [ 127.728489500000023, 1.573110200000031 ], [ 127.726881100000014, 1.592500800000039 ], [ 127.731432200000086, 1.595481300000074 ], [ 127.735249300000078, 1.60405940000004 ], [ 127.730381500000021, 1.606126500000073 ], [ 127.731311000000119, 1.611715400000037 ], [ 127.728700000000117, 1.621139600000049 ], [ 127.732395700000097, 1.625062100000036 ], [ 127.730509500000039, 1.630954200000076 ], [ 127.723593900000083, 1.634934 ], [ 127.718282600000066, 1.642319400000076 ], [ 127.719505800000093, 1.655388900000048 ], [ 127.712896400000091, 1.663617100000067 ], [ 127.714230300000054, 1.682711 ], [ 127.707149400000048, 1.69256850000005 ], [ 127.7035409, 1.703047600000048 ], [ 127.705166700000063, 1.710271200000022 ], [ 127.703139800000031, 1.714686800000038 ], [ 127.7097688, 1.724293500000044 ], [ 127.709563900000035, 1.734684500000071 ], [ 127.713425, 1.744064500000036 ], [ 127.710699300000101, 1.751532200000042 ], [ 127.714359100000024, 1.763131100000066 ], [ 127.717676, 1.765026200000023 ], [ 127.717713900000035, 1.777581200000043 ], [ 127.721654400000034, 1.779766800000061 ], [ 127.719261300000085, 1.788848700000074 ], [ 127.732061300000055, 1.799357 ], [ 127.733567000000107, 1.810480200000029 ], [ 127.741190900000106, 1.821900600000049 ], [ 127.740519900000095, 1.830411300000037 ], [ 127.748821900000053, 1.846118200000035 ], [ 127.744243900000015, 1.85684980000002 ], [ 127.750298200000088, 1.857239 ], [ 127.747530500000039, 1.860741800000028 ], [ 127.754146900000023, 1.864936500000056 ], [ 127.757520000000113, 1.858795800000053 ], [ 127.7645688, 1.86485 ], [ 127.75970570000004, 1.874493600000051 ], [ 127.759837300000072, 1.884723 ], [ 127.771546900000089, 1.895873400000028 ], [ 127.773158600000102, 1.902780700000051 ], [ 127.784802400000103, 1.906431800000064 ], [ 127.789078300000028, 1.911102400000061 ], [ 127.782861700000012, 1.912944400000072 ], [ 127.781776300000047, 1.92768 ], [ 127.768093200000067, 1.959322200000031 ], [ 127.758123200000114, 1.961924300000021 ], [ 127.75350370000001, 1.958883600000036 ], [ 127.754205400000046, 1.946136100000047 ], [ 127.750404600000024, 1.945843700000069 ], [ 127.742510500000094, 1.955492100000072 ], [ 127.743621500000017, 1.963678500000071 ], [ 127.744866500000057, 1.967800100000034 ], [ 127.751478800000086, 1.970690200000035 ], [ 127.754381500000022, 1.977907200000061 ], [ 127.759631100000092, 1.980464400000074 ], [ 127.764118800000119, 1.99260750000002 ], [ 127.78558, 2.009303100000068 ], [ 127.788323700000092, 2.01622210000005 ], [ 127.788086, 2.024432400000023 ], [ 127.796306, 2.033813900000041 ], [ 127.797916700000087, 2.03890830000006 ], [ 127.803312500000061, 2.042379 ], [ 127.806407800000102, 2.050921100000039 ], [ 127.813861800000041, 2.056085 ], [ 127.816649, 2.065353900000048 ], [ 127.824902400000042, 2.068638 ], [ 127.836893700000019, 2.082487300000025 ], [ 127.837563500000101, 2.091108100000042 ], [ 127.850224500000081, 2.096012600000051 ], [ 127.850915900000018, 2.101241200000061 ], [ 127.853724600000078, 2.102904900000055 ], [ 127.862755900000025, 2.103941900000052 ], [ 127.868697500000053, 2.107852600000058 ], [ 127.872953900000084, 2.115220200000067 ], [ 127.885463700000059, 2.122350100000062 ], [ 127.88645750000012, 2.128248500000041 ], [ 127.890281800000025, 2.132937 ], [ 127.899442600000043, 2.134233400000028 ], [ 127.904757700000118, 2.144496100000026 ], [ 127.910742500000083, 2.149119800000051 ], [ 127.911606700000107, 2.158064600000046 ], [ 127.920777900000076, 2.15737230000002 ], [ 127.929858500000023, 2.162819 ], [ 127.930468700000119, 2.175133300000027 ], [ 127.933407100000068, 2.181377400000031 ], [ 127.936907200000064, 2.182263200000023 ], [ 127.937058500000035, 2.185417600000051 ], [ 127.942481500000099, 2.18582820000006 ], [ 127.958134900000118, 2.19507150000004 ], [ 127.96052090000012, 2.206501 ], [ 127.955098900000053, 2.221096200000034 ], [ 127.962629000000106, 2.219180400000027 ], [ 127.97733750000009, 2.208588300000031 ], [ 127.981266000000119, 2.19133 ], [ 127.979944400000022, 2.183989800000063 ], [ 127.98354350000011, 2.180462700000021 ], [ 128.019113800000014, 2.196395700000039 ], [ 128.050934200000029, 2.200971300000049 ], [ 128.062490500000081, 2.199432600000023 ], [ 128.067875200000117, 2.197256400000072 ], [ 128.068942700000093, 2.192426600000033 ], [ 128.065315300000066, 2.173771300000055 ], [ 128.043605900000102, 2.145976500000074 ], [ 128.034711700000116, 2.132332800000029 ], [ 128.032462, 2.124465500000042 ], [ 128.016059300000052, 2.104035700000054 ], [ 128.000936300000035, 2.091694400000051 ], [ 127.999846500000103, 2.087829300000067 ], [ 127.993234100000109, 2.083629400000063 ], [ 127.980527300000062, 2.068574900000044 ], [ 127.97017690000007, 2.063318500000037 ], [ 127.965892300000064, 2.049488800000063 ], [ 127.954681800000117, 2.040387600000031 ], [ 127.94795780000004, 2.023222200000021 ], [ 127.953412400000047, 2.010417600000039 ], [ 127.951090300000033, 2.001487900000029 ], [ 127.952116900000078, 1.991498700000022 ], [ 127.929398900000024, 1.97892980000006 ], [ 127.926599800000076, 1.969120400000065 ], [ 127.919926800000098, 1.961007500000051 ], [ 127.888465100000076, 1.952984700000059 ], [ 127.872575100000063, 1.936504200000059 ], [ 127.852461900000094, 1.925887200000034 ], [ 127.848232, 1.906623400000058 ], [ 127.853259500000036, 1.866729 ], [ 127.841667100000109, 1.848200600000041 ], [ 127.846866, 1.820709300000033 ], [ 127.850759100000118, 1.819353 ], [ 127.853238100000112, 1.820077600000047 ], [ 127.853376500000081, 1.822882200000038 ], [ 127.856970600000068, 1.822113100000024 ], [ 127.860008300000118, 1.818196900000032 ], [ 127.856448000000114, 1.817149800000038 ], [ 127.855125200000089, 1.814001700000063 ], [ 127.860765100000094, 1.805562400000042 ], [ 127.872270500000013, 1.810053800000048 ], [ 127.878894, 1.802998800000069 ], [ 127.881553200000099, 1.808283200000062 ], [ 127.885627600000021, 1.797673400000065 ], [ 127.898151600000119, 1.797393100000022 ], [ 127.899677000000111, 1.801305800000023 ], [ 127.925636700000041, 1.808223200000043 ], [ 127.929237100000023, 1.811595800000021 ], [ 127.930166800000052, 1.807275300000072 ], [ 127.93308890000003, 1.809080600000073 ], [ 127.936147300000016, 1.806777600000032 ], [ 127.935538700000052, 1.803539700000044 ], [ 127.938910700000065, 1.805417600000055 ], [ 127.941929900000105, 1.802081600000065 ], [ 127.945167500000025, 1.798070200000041 ], [ 127.943706100000099, 1.79698 ], [ 127.939983700000084, 1.802512200000024 ], [ 127.938568100000111, 1.801251100000059 ], [ 127.944996600000081, 1.793083700000068 ], [ 127.954342100000076, 1.792093600000044 ], [ 127.956545500000061, 1.780718500000035 ], [ 127.957972300000051, 1.779356200000052 ], [ 127.956119, 1.777127600000028 ], [ 127.960429800000043, 1.767613500000039 ], [ 127.965219700000034, 1.770775 ], [ 127.9709583, 1.770798700000057 ], [ 127.974284700000112, 1.767343200000028 ], [ 127.982560100000114, 1.767280600000049 ], [ 127.989131900000075, 1.761454700000058 ], [ 127.991689300000075, 1.762388800000053 ], [ 127.997303200000033, 1.751137500000027 ], [ 128.012036100000046, 1.737210800000071 ], [ 128.009197200000017, 1.733609800000067 ], [ 128.0123714, 1.725366500000064 ], [ 128.015568500000086, 1.724153200000046 ], [ 128.015138900000011, 1.717500100000052 ], [ 128.021894400000065, 1.703928800000028 ], [ 128.021824700000025, 1.69081140000003 ], [ 128.01788010000007, 1.68570150000005 ], [ 128.008576100000028, 1.681719200000032 ], [ 128.001076800000078, 1.669345700000065 ], [ 127.99673990000008, 1.670910200000037 ], [ 127.993153600000028, 1.667937400000028 ], [ 127.991143700000066, 1.660937100000069 ], [ 127.996497600000112, 1.652125200000057 ], [ 127.996110200000089, 1.641600400000073 ], [ 127.99956480000003, 1.639285200000074 ], [ 127.996769500000028, 1.633430800000042 ], [ 127.999764200000072, 1.623814800000048 ], [ 127.997070700000108, 1.621757100000025 ], [ 127.990049900000031, 1.624710400000026 ], [ 127.987055600000076, 1.617505 ], [ 127.991635900000119, 1.60771550000004 ], [ 127.99622260000001, 1.607173500000044 ], [ 127.998978, 1.609581800000058 ], [ 128.000338400000032, 1.606628600000022 ], [ 127.998497400000019, 1.600642700000037 ], [ 128.000420500000018, 1.59757060000004 ], [ 128.003237, 1.596210100000064 ], [ 128.009321300000011, 1.598719 ], [ 128.009663100000012, 1.593967900000052 ], [ 128.01736070000004, 1.593263700000023 ], [ 128.025372700000048, 1.584882500000049 ], [ 128.026835700000106, 1.592648500000053 ], [ 128.028777200000036, 1.593079100000068 ], [ 128.034396500000071, 1.589360200000044 ], [ 128.037390800000026, 1.582982 ], [ 128.036344900000017, 1.57957760000005 ], [ 128.032749, 1.578723100000047 ], [ 128.036632, 1.567422800000031 ], [ 128.03530580000006, 1.565371900000059 ], [ 128.032079100000033, 1.567600500000026 ], [ 128.030096600000093, 1.565495 ], [ 128.034335, 1.55877490000006 ], [ 128.030746, 1.552793200000053 ], [ 128.023971300000085, 1.550728700000036 ], [ 128.025447900000017, 1.546982400000047 ], [ 128.030000800000039, 1.545259700000031 ], [ 128.035285300000055, 1.530500300000028 ], [ 128.028818200000046, 1.514886300000057 ], [ 128.02548210000009, 1.512637200000029 ], [ 128.02693140000008, 1.504932800000063 ], [ 128.022624300000075, 1.480806800000039 ], [ 128.024237900000116, 1.468557200000021 ], [ 128.021831600000041, 1.465686 ], [ 128.019021900000098, 1.447453800000062 ], [ 128.009628900000052, 1.425735100000054 ], [ 128.016601800000103, 1.416225900000029 ], [ 128.022850200000107, 1.414284400000042 ], [ 128.024053300000105, 1.404686300000037 ], [ 128.0219614, 1.401076800000055 ], [ 128.015193600000089, 1.400338500000032 ], [ 128.011003, 1.393734700000039 ], [ 128.001240800000119, 1.39589490000003 ], [ 127.995006200000034, 1.392162300000052 ], [ 127.989462000000117, 1.379194 ], [ 127.988559600000031, 1.380540800000063 ], [ 127.98937310000008, 1.368303900000058 ], [ 127.987486300000114, 1.365241300000037 ], [ 127.992880100000093, 1.343221800000038 ], [ 127.992381100000102, 1.336033200000031 ], [ 127.9940663000001, 1.331852400000059 ], [ 128.005441800000085, 1.322648300000026 ], [ 128.010351700000115, 1.31396280000007 ], [ 127.999419300000113, 1.307597500000043 ], [ 127.988920900000039, 1.307247600000039 ], [ 127.984797400000048, 1.30968480000007 ], [ 127.978072600000019, 1.306849 ], [ 127.970953300000019, 1.292408900000055 ], [ 127.974435200000016, 1.280131 ], [ 127.972477900000058, 1.275818600000036 ], [ 127.961783600000103, 1.262548200000026 ], [ 127.951866500000051, 1.260078100000044 ], [ 127.947227000000112, 1.252722300000073 ], [ 127.944975600000021, 1.242021300000033 ], [ 127.931822700000112, 1.23424620000003 ], [ 127.926864100000103, 1.234784 ], [ 127.919399000000112, 1.227555900000027 ], [ 127.914250500000094, 1.215192900000034 ], [ 127.913958900000011, 1.194799700000033 ], [ 127.902425400000084, 1.172206700000061 ], [ 127.903385500000013, 1.150209200000063 ], [ 127.896093800000017, 1.152117 ], [ 127.888570600000094, 1.150063400000022 ], [ 127.880393900000058, 1.153650200000072 ], [ 127.874375200000031, 1.149655700000039 ], [ 127.862149100000011, 1.153140900000039 ], [ 127.857890800000064, 1.15221310000004 ], [ 127.855840400000034, 1.154898100000025 ], [ 127.850265900000068, 1.153185400000041 ], [ 127.849048700000026, 1.155318800000032 ], [ 127.846260700000016, 1.14833660000005 ], [ 127.82521470000006, 1.146946900000046 ], [ 127.824058400000013, 1.142137200000036 ], [ 127.815746800000056, 1.13475 ], [ 127.815574, 1.130025500000045 ], [ 127.808612800000105, 1.121705300000031 ], [ 127.803130500000066, 1.107041700000025 ], [ 127.800702600000022, 1.105503900000031 ], [ 127.797621700000036, 1.108960500000023 ], [ 127.796859, 1.107295800000031 ], [ 127.793020200000115, 1.10869370000006 ], [ 127.78833520000012, 1.099318600000061 ], [ 127.784178600000018, 1.09954730000004 ], [ 127.784480200000075, 1.097319900000059 ], [ 127.773890100000017, 1.086919900000055 ], [ 127.770991500000036, 1.087077200000067 ], [ 127.765320300000099, 1.081631 ], [ 127.758481200000119, 1.068776600000035 ], [ 127.746463100000028, 1.062959 ], [ 127.734821, 1.061721600000055 ], [ 127.709267200000113, 1.042053800000076 ], [ 127.697433700000033, 1.03830750000003 ], [ 127.6865236000001, 1.038982 ], [ 127.673924100000022, 1.035892 ], [ 127.667299800000023, 1.030523900000048 ], [ 127.655958, 1.027739300000064 ], [ 127.651272300000073, 1.022038400000042 ], [ 127.651503, 1.015716600000076 ], [ 127.646914200000083, 1.007759200000066 ], [ 127.648667700000033, 1.002211600000066 ], [ 127.640559100000019, 0.992321 ], [ 127.634967900000106, 0.990614 ], [ 127.633277600000042, 0.984925500000031 ], [ 127.629422800000043, 0.983968700000048 ], [ 127.631473200000073, 0.976573600000052 ], [ 127.626155900000072, 0.972267700000032 ], [ 127.62966890000007, 0.966171200000076 ], [ 127.6282883, 0.963341700000058 ], [ 127.632006300000057, 0.952652200000045 ], [ 127.62969720000001, 0.944920600000046 ], [ 127.631426, 0.942161100000021 ], [ 127.634408900000039, 0.941695100000061 ], [ 127.635492500000055, 0.94406680000003 ], [ 127.639561200000117, 0.940856800000063 ], [ 127.633140900000058, 0.934753300000068 ], [ 127.641219500000034, 0.934989100000053 ], [ 127.638759, 0.92958630000004 ], [ 127.632028600000012, 0.925854600000036 ], [ 127.63110590000008, 0.922276600000032 ], [ 127.632582200000115, 0.920175 ], [ 127.636570200000051, 0.921251400000074 ], [ 127.633607400000074, 0.917899 ], [ 127.634212200000093, 0.915120800000068 ], [ 127.639348500000096, 0.912527 ], [ 127.639953400000081, 0.917140400000051 ], [ 127.643510800000058, 0.915520600000036 ], [ 127.646822200000088, 0.91937530000007 ], [ 127.64972350000005, 0.917540200000076 ], [ 127.6482267, 0.912363 ], [ 127.65365, 0.905740200000025 ], [ 127.651790100000085, 0.899627200000054 ], [ 127.657258700000057, 0.895529200000055 ], [ 127.656377, 0.891930800000068 ], [ 127.658806800000093, 0.891500200000053 ], [ 127.655608100000109, 0.884826100000055 ], [ 127.66165680000006, 0.886999500000059 ], [ 127.664691400000038, 0.883021800000051 ], [ 127.662818700000116, 0.87904670000006 ], [ 127.657406200000082, 0.879638200000045 ], [ 127.652758600000084, 0.876467 ], [ 127.661124200000017, 0.868279 ], [ 127.661684700000023, 0.872038100000054 ], [ 127.669217400000093, 0.865157200000056 ], [ 127.674244600000065, 0.864283900000032 ], [ 127.680452600000081, 0.867581900000062 ], [ 127.675330700000018, 0.869783600000062 ], [ 127.676520200000027, 0.873388 ], [ 127.666949600000066, 0.874277800000073 ], [ 127.669341200000076, 0.880549700000074 ], [ 127.67385210000009, 0.881041800000048 ], [ 127.674415900000099, 0.883481800000027 ], [ 127.680884900000024, 0.876807700000029 ], [ 127.682586800000081, 0.879104200000029 ], [ 127.68709750000005, 0.87761080000007 ], [ 127.689814400000046, 0.879985900000065 ], [ 127.694027100000085, 0.879145200000039 ], [ 127.690998700000023, 0.866405 ], [ 127.696326100000078, 0.857273300000031 ], [ 127.697431500000107, 0.833300100000031 ] ] ], [ [ [ 127.662229100000104, 0.878344300000037 ], [ 127.66146, 0.876954800000021 ], [ 127.661449700000048, 0.878405800000053 ], [ 127.662229100000104, 0.878344300000037 ] ] ], [ [ [ 127.69492020000007, 0.879910100000075 ], [ 127.69514520000007, 0.880584400000032 ], [ 127.695554800000082, 0.879919800000039 ], [ 127.69492020000007, 0.879910100000075 ] ] ], [ [ [ 127.721630400000095, 1.956589 ], [ 127.718335700000011, 1.95666 ], [ 127.72176920000004, 1.958504700000049 ], [ 127.721630400000095, 1.956589 ] ] ], [ [ [ 127.763446300000055, 2.181774 ], [ 127.769546100000071, 2.169763800000055 ], [ 127.775447800000052, 2.167264 ], [ 127.775104, 2.163054 ], [ 127.77815790000011, 2.161036600000045 ], [ 127.777129700000046, 2.158684400000027 ], [ 127.772453300000052, 2.157659 ], [ 127.770719700000086, 2.151989600000036 ], [ 127.761955500000113, 2.159626800000069 ], [ 127.759773600000017, 2.164945300000056 ], [ 127.743081600000096, 2.172479100000032 ], [ 127.741971100000114, 2.170556400000066 ], [ 127.735945400000105, 2.173884200000032 ], [ 127.736385600000062, 2.176738900000032 ], [ 127.732427800000096, 2.175967 ], [ 127.729338, 2.180445100000043 ], [ 127.726974700000028, 2.180404500000066 ], [ 127.720067200000017, 2.194100200000037 ], [ 127.740780900000118, 2.188739600000076 ], [ 127.741217300000017, 2.183558800000071 ], [ 127.744661600000086, 2.191801700000042 ], [ 127.753600200000051, 2.189797200000044 ], [ 127.757671200000118, 2.183685100000048 ], [ 127.759114, 2.190346100000056 ], [ 127.764414400000078, 2.184342900000047 ], [ 127.763446300000055, 2.181774 ] ] ], [ [ [ 127.713837500000068, 2.203949100000045 ], [ 127.7120145, 2.203565 ], [ 127.712468500000114, 2.205178100000069 ], [ 127.713837500000068, 2.203949100000045 ] ] ], [ [ [ 127.764121300000056, 2.212234700000067 ], [ 127.772817500000087, 2.209339300000067 ], [ 127.774475300000063, 2.203145300000074 ], [ 127.768604500000038, 2.197816800000055 ], [ 127.754655200000116, 2.204591500000049 ], [ 127.763578100000018, 2.208723200000065 ], [ 127.764121300000056, 2.212234700000067 ] ] ], [ [ [ 127.75416580000001, 2.205937600000027 ], [ 127.754625200000078, 2.206127 ], [ 127.754475900000102, 2.205507100000034 ], [ 127.75416580000001, 2.205937600000027 ] ] ], [ [ [ 127.749258400000031, 2.269415800000047 ], [ 127.750777800000037, 2.267337700000041 ], [ 127.748663500000021, 2.26895 ], [ 127.749258400000031, 2.269415800000047 ] ] ], [ [ [ 127.745703700000035, 2.271976800000061 ], [ 127.747115800000074, 2.26955780000003 ], [ 127.744750200000112, 2.271014600000058 ], [ 127.745703700000035, 2.271976800000061 ] ] ], [ [ [ 127.743400900000097, 2.27234210000006 ], [ 127.743891100000042, 2.271931100000074 ], [ 127.743472200000042, 2.271670200000074 ], [ 127.743400900000097, 2.27234210000006 ] ] ], [ [ [ 127.741653400000018, 2.27230940000004 ], [ 127.74128840000003, 2.274504100000058 ], [ 127.74233490000006, 2.27253810000002 ], [ 127.741653400000018, 2.27230940000004 ] ] ], [ [ [ 127.743942200000106, 2.273238800000058 ], [ 127.743596900000057, 2.274460200000021 ], [ 127.744353300000057, 2.273870800000054 ], [ 127.743942200000106, 2.273238800000058 ] ] ], [ [ [ 127.775498600000105, 2.087774900000056 ], [ 127.776001600000086, 2.088795700000048 ], [ 127.776391900000021, 2.088390400000037 ], [ 127.775498600000105, 2.087774900000056 ] ] ], [ [ [ 127.776503700000035, 2.090077200000053 ], [ 127.77708240000004, 2.08958430000007 ], [ 127.776492900000108, 2.089509200000066 ], [ 127.776503700000035, 2.090077200000053 ] ] ], [ [ [ 127.77851940000005, 2.092813300000046 ], [ 127.779055300000095, 2.093659800000069 ], [ 127.778712300000052, 2.092449 ], [ 127.77851940000005, 2.092813300000046 ] ] ], [ [ [ 127.774366800000053, 2.101962400000048 ], [ 127.774270000000115, 2.103477400000031 ], [ 127.774886600000059, 2.101733500000023 ], [ 127.774366800000053, 2.101962400000048 ] ] ], [ [ [ 127.775256700000114, 2.103380500000071 ], [ 127.775829300000055, 2.103979400000071 ], [ 127.77575, 2.103010500000039 ], [ 127.775256700000114, 2.103380500000071 ] ] ], [ [ [ 127.780933300000015, 2.105073400000038 ], [ 127.78215200000011, 2.104863 ], [ 127.781849800000032, 2.104372400000045 ], [ 127.780933300000015, 2.105073400000038 ] ] ], [ [ [ 127.775044300000104, 2.104952 ], [ 127.775511200000096, 2.10637 ], [ 127.775291, 2.104960800000072 ], [ 127.775044300000104, 2.104952 ] ] ], [ [ [ 127.776862, 2.107205300000032 ], [ 127.777293400000076, 2.107644400000027 ], [ 127.777548900000056, 2.10711740000005 ], [ 127.776862, 2.107205300000032 ] ] ], [ [ [ 127.773936900000081, 2.107539900000063 ], [ 127.77507090000006, 2.10861790000007 ], [ 127.774967100000026, 2.107803500000045 ], [ 127.773936900000081, 2.107539900000063 ] ] ], [ [ [ 127.778411500000061, 2.107692300000053 ], [ 127.778531300000054, 2.109728500000074 ], [ 127.778802800000108, 2.107668400000023 ], [ 127.778411500000061, 2.107692300000053 ] ] ], [ [ [ 127.773720300000036, 2.110466 ], [ 127.774367100000063, 2.109939 ], [ 127.774047700000096, 2.109595600000034 ], [ 127.773720300000036, 2.110466 ] ] ], [ [ [ 127.786438200000021, 2.110818400000028 ], [ 127.78697180000006, 2.110441900000069 ], [ 127.786663100000055, 2.110175200000072 ], [ 127.786438200000021, 2.110818400000028 ] ] ], [ [ [ 127.775918100000013, 2.128684600000042 ], [ 127.782842200000118, 2.121735900000033 ], [ 127.785983200000032, 2.121800800000074 ], [ 127.783614400000033, 2.117344200000048 ], [ 127.787138500000083, 2.113380300000074 ], [ 127.785308700000087, 2.110381100000041 ], [ 127.788760700000012, 2.107222600000057 ], [ 127.783980800000109, 2.103908200000035 ], [ 127.782743800000048, 2.110615400000029 ], [ 127.782911600000034, 2.108561300000076 ], [ 127.779340600000069, 2.111716200000046 ], [ 127.780260500000054, 2.105723900000044 ], [ 127.777696000000105, 2.112186100000031 ], [ 127.775831100000119, 2.109249800000043 ], [ 127.77483, 2.114716 ], [ 127.767160900000022, 2.11484820000004 ], [ 127.766629200000011, 2.122210100000075 ], [ 127.775918100000013, 2.128684600000042 ] ] ], [ [ [ 127.788930300000061, 2.124538500000028 ], [ 127.790344100000084, 2.119767200000069 ], [ 127.786577700000066, 2.12001 ], [ 127.788930300000061, 2.124538500000028 ] ] ], [ [ [ 127.784570200000076, 2.122581800000034 ], [ 127.785109200000079, 2.123769400000072 ], [ 127.784878300000059, 2.122383900000045 ], [ 127.784570200000076, 2.122581800000034 ] ] ], [ [ [ 127.785604100000114, 2.125055900000064 ], [ 127.78601110000011, 2.124649100000056 ], [ 127.785582200000022, 2.124561100000051 ], [ 127.785604100000114, 2.125055900000064 ] ] ], [ [ [ 127.788245600000096, 2.124926 ], [ 127.788839500000108, 2.127345200000036 ], [ 127.788729500000045, 2.12462910000005 ], [ 127.788245600000096, 2.124926 ] ] ], [ [ [ 127.778342900000098, 2.13375080000003 ], [ 127.78008530000011, 2.135223900000028 ], [ 127.778723100000093, 2.133164700000066 ], [ 127.778342900000098, 2.13375080000003 ] ] ], [ [ [ 127.784064100000023, 2.137723400000027 ], [ 127.784566900000073, 2.137821100000053 ], [ 127.78444120000006, 2.137534900000048 ], [ 127.784064100000023, 2.137723400000027 ] ] ], [ [ [ 127.804452100000049, 2.223020100000042 ], [ 127.795786500000077, 2.223892500000034 ], [ 127.795154600000046, 2.21718420000002 ], [ 127.772980500000017, 2.219730700000071 ], [ 127.771654800000078, 2.226661200000024 ], [ 127.773821200000043, 2.230150700000024 ], [ 127.771564600000033, 2.23204590000006 ], [ 127.773665300000062, 2.240665500000034 ], [ 127.76991380000004, 2.247520300000076 ], [ 127.77318050000008, 2.248068100000069 ], [ 127.769597100000055, 2.255033600000047 ], [ 127.773047800000086, 2.25961280000007 ], [ 127.771692600000051, 2.262334800000076 ], [ 127.768155900000011, 2.261590400000046 ], [ 127.765381700000034, 2.255754100000047 ], [ 127.762693400000103, 2.255929900000069 ], [ 127.756877600000053, 2.263379100000066 ], [ 127.759482200000093, 2.270954400000051 ], [ 127.76200510000001, 2.271078400000022 ], [ 127.76413510000009, 2.276811800000075 ], [ 127.770267300000114, 2.282920900000022 ], [ 127.770362300000102, 2.288444 ], [ 127.773992200000066, 2.288785500000074 ], [ 127.775630400000068, 2.294676300000049 ], [ 127.778319600000032, 2.294916100000023 ], [ 127.78083550000008, 2.29110570000006 ], [ 127.781748000000107, 2.285967600000049 ], [ 127.777820600000041, 2.277509500000065 ], [ 127.779863700000078, 2.275030400000048 ], [ 127.789264300000013, 2.275390600000037 ], [ 127.791845400000057, 2.272950300000048 ], [ 127.796433300000103, 2.275021400000071 ], [ 127.802135500000077, 2.272166800000036 ], [ 127.814811900000109, 2.272383200000036 ], [ 127.825374, 2.269738300000029 ], [ 127.824264800000037, 2.260358900000028 ], [ 127.819134800000029, 2.253153400000031 ], [ 127.822925600000076, 2.240767400000038 ], [ 127.8175175, 2.236148700000058 ], [ 127.816872800000056, 2.229882400000065 ], [ 127.807641600000011, 2.222629100000063 ], [ 127.803820200000018, 2.229999200000066 ], [ 127.804452100000049, 2.223020100000042 ] ] ], [ [ [ 127.778156700000068, 2.299270700000022 ], [ 127.7792922000001, 2.30016530000006 ], [ 127.779187300000103, 2.299276900000052 ], [ 127.778156700000068, 2.299270700000022 ] ] ], [ [ [ 127.825295200000028, 2.270715100000075 ], [ 127.824817200000098, 2.271930200000043 ], [ 127.825534200000106, 2.270814700000074 ], [ 127.825295200000028, 2.270715100000075 ] ] ], [ [ [ 127.821470700000077, 2.271910200000036 ], [ 127.819976800000063, 2.274001700000042 ], [ 127.821689900000024, 2.272189100000048 ], [ 127.821470700000077, 2.271910200000036 ] ] ], [ [ [ 127.883537600000068, 1.150654800000041 ], [ 127.889310300000034, 1.149182100000075 ], [ 127.889116500000114, 1.147908600000051 ], [ 127.884503800000061, 1.14732790000005 ], [ 127.883537600000068, 1.150654800000041 ] ] ], [ [ [ 127.882610600000021, 1.149086100000034 ], [ 127.880338300000062, 1.147820100000047 ], [ 127.876336800000104, 1.150791600000048 ], [ 127.881258900000034, 1.15293360000004 ], [ 127.882610600000021, 1.149086100000034 ] ] ], [ [ [ 127.979496800000106, 1.774187300000051 ], [ 127.984887100000037, 1.772617700000069 ], [ 127.980042, 1.771462600000064 ], [ 127.979496800000106, 1.774187300000051 ] ] ], [ [ [ 127.972761400000081, 1.773407700000064 ], [ 127.970648400000073, 1.775206500000024 ], [ 127.974247500000047, 1.776470800000027 ], [ 127.974749100000054, 1.775433200000066 ], [ 127.972761400000081, 1.773407700000064 ] ] ], [ [ [ 127.956662400000027, 1.781526700000029 ], [ 127.957139300000108, 1.782024 ], [ 127.957093100000066, 1.781439500000033 ], [ 127.956662400000027, 1.781526700000029 ] ] ], [ [ [ 128.026082200000019, 1.299462700000049 ], [ 128.028021700000068, 1.295492400000057 ], [ 128.019494100000088, 1.283282500000041 ], [ 128.00647170000002, 1.281279700000027 ], [ 128.007669800000031, 1.287790100000052 ], [ 128.020999400000051, 1.29894470000005 ], [ 128.026082200000019, 1.299462700000049 ] ] ], [ [ [ 128.054786700000022, 1.551518300000055 ], [ 128.048897700000111, 1.554873100000066 ], [ 128.049233300000083, 1.555503500000043 ], [ 128.054786700000022, 1.551518300000055 ] ] ], [ [ [ 128.048222200000055, 1.556227 ], [ 128.041069600000014, 1.558081800000025 ], [ 128.04073290000008, 1.562641700000029 ], [ 128.042564600000105, 1.562336500000072 ], [ 128.048222200000055, 1.556227 ] ] ], [ [ [ 128.049313100000063, 1.581964800000037 ], [ 128.067372800000044, 1.564713600000061 ], [ 128.057141600000023, 1.55476630000004 ], [ 128.05175290000011, 1.555769 ], [ 128.052232000000117, 1.562806700000067 ], [ 128.0468264000001, 1.575598700000057 ], [ 128.049313100000063, 1.581964800000037 ] ] ], [ [ [ 128.023250800000028, 1.593068900000048 ], [ 128.023500800000079, 1.588600400000075 ], [ 128.02127530000007, 1.591553100000056 ], [ 128.023250800000028, 1.593068900000048 ] ] ], [ [ [ 128.058805400000097, 1.591912800000046 ], [ 128.058975800000098, 1.593403200000068 ], [ 128.059699800000089, 1.59215770000003 ], [ 128.058805400000097, 1.591912800000046 ] ] ], [ [ [ 128.018671, 1.594973 ], [ 128.017386400000078, 1.598235800000054 ], [ 128.018573, 1.600122800000065 ], [ 128.021036500000037, 1.594917 ], [ 128.018671, 1.594973 ] ] ], [ [ [ 128.051399800000013, 1.661831200000051 ], [ 128.049398800000063, 1.656024700000046 ], [ 128.043641500000035, 1.657548600000041 ], [ 128.049380700000029, 1.662502700000061 ], [ 128.048808300000019, 1.666970700000036 ], [ 128.051399800000013, 1.661831200000051 ] ] ], [ [ [ 128.013205500000026, 1.666540800000064 ], [ 128.01393470000005, 1.665106600000058 ], [ 128.012878200000046, 1.666548500000033 ], [ 128.013205500000026, 1.666540800000064 ] ] ], [ [ [ 128.022852, 1.667435600000033 ], [ 128.020487700000103, 1.664599700000053 ], [ 128.018674600000054, 1.66612740000005 ], [ 128.022852, 1.667435600000033 ] ] ], [ [ [ 128.053740500000117, 1.677468600000054 ], [ 128.056176500000106, 1.669034300000021 ], [ 128.051079700000059, 1.665672100000052 ], [ 128.051786400000083, 1.670040800000038 ], [ 128.048138700000095, 1.673845500000027 ], [ 128.051243900000031, 1.677878700000065 ], [ 128.053740500000117, 1.677468600000054 ] ] ], [ [ [ 128.035006300000077, 1.68815150000006 ], [ 128.034832700000038, 1.682061800000042 ], [ 128.031513400000108, 1.684246200000075 ], [ 128.035006300000077, 1.68815150000006 ] ] ], [ [ [ 128.068695200000093, 1.700118700000075 ], [ 128.067287700000065, 1.698911100000032 ], [ 128.067357600000037, 1.699430100000029 ], [ 128.068695200000093, 1.700118700000075 ] ] ], [ [ [ 128.027346600000101, 1.732354900000075 ], [ 128.029273500000045, 1.72869860000003 ], [ 128.026233300000058, 1.725845500000048 ], [ 128.02148950000003, 1.726842600000055 ], [ 128.023374600000011, 1.729578900000035 ], [ 128.019377700000064, 1.73052210000003 ], [ 128.022710500000017, 1.733251400000029 ], [ 128.027346600000101, 1.732354900000075 ] ] ], [ [ [ 128.071583700000019, 1.732081400000027 ], [ 128.074723400000039, 1.717065600000069 ], [ 128.06869770000003, 1.715241900000024 ], [ 128.067291100000034, 1.728064900000049 ], [ 128.065340000000106, 1.726799 ], [ 128.062056300000108, 1.734660800000029 ], [ 128.063741, 1.741551700000059 ], [ 128.070374900000047, 1.744673500000033 ], [ 128.073020800000108, 1.742393900000025 ], [ 128.071583700000019, 1.732081400000027 ] ] ], [ [ [ 128.051970700000084, 1.735251800000071 ], [ 128.051007, 1.733133 ], [ 128.054604700000027, 1.725973200000055 ], [ 128.053327, 1.72426710000002 ], [ 128.048201600000084, 1.732997300000022 ], [ 128.048760200000061, 1.735521200000051 ], [ 128.051970700000084, 1.735251800000071 ] ] ], [ [ [ 128.038383100000033, 1.754612400000042 ], [ 128.049975900000049, 1.752685 ], [ 128.056293400000072, 1.741770400000064 ], [ 128.051482100000044, 1.74071390000006 ], [ 128.046121200000016, 1.74482560000007 ], [ 128.046513800000071, 1.746867200000054 ], [ 128.041124300000092, 1.749073 ], [ 128.038597300000106, 1.746374700000047 ], [ 128.042894600000068, 1.746296200000074 ], [ 128.042680500000074, 1.74440450000003 ], [ 128.035820500000113, 1.743969 ], [ 128.038383100000033, 1.754612400000042 ] ] ], [ [ [ 128.026688500000091, 1.75182140000004 ], [ 128.022663100000045, 1.755133700000044 ], [ 128.025147300000071, 1.761258400000031 ], [ 128.026688500000091, 1.75182140000004 ] ] ], [ [ [ 128.054080500000055, 1.759674800000028 ], [ 128.053161400000022, 1.757269200000053 ], [ 128.052711300000055, 1.757450700000049 ], [ 128.054080500000055, 1.759674800000028 ] ] ], [ [ [ 128.019833200000107, 1.77002630000004 ], [ 128.016841600000021, 1.767556200000058 ], [ 128.008549600000038, 1.77121180000006 ], [ 128.003729500000077, 1.77799710000005 ], [ 128.003246300000114, 1.784035200000062 ], [ 127.995838700000036, 1.791031300000043 ], [ 127.993525300000101, 1.802689600000065 ], [ 128.006152200000088, 1.790652200000068 ], [ 128.019833200000107, 1.77002630000004 ] ] ] ] } },
{ "type": "Feature", "properties": { "kab_kota": "Kepulauan Aru", "provinsi": "Maluku", "regency_code": "id8105" }, "geometry": { "type": "MultiPolygon", "coordinates": [ [ [ [ 134.199273300000073, -6.944113499999958 ], [ 134.198993200000018, -6.942391099999952 ], [ 134.200605900000028, -6.941938 ], [ 134.200713900000096, -6.942979899999955 ], [ 134.199273300000073, -6.944113499999958 ] ] ], [ [ [ 134.205958900000041, -6.924976899999933 ], [ 134.206095900000037, -6.926409299999932 ], [ 134.205587600000058, -6.925364199999933 ], [ 134.205958900000041, -6.924976899999933 ] ] ], [ [ [ 134.212972700000023, -6.907650299999943 ], [ 134.202665400000114, -6.919743499999981 ], [ 134.201044700000011, -6.928167299999927 ], [ 134.204505, -6.928148299999975 ], [ 134.205725400000119, -6.932131799999979 ], [ 134.197314100000085, -6.941658299999972 ], [ 134.196632900000054, -6.933828199999937 ], [ 134.188869, -6.924612499999967 ], [ 134.177020600000105, -6.921714799999961 ], [ 134.168629600000031, -6.915531699999974 ], [ 134.170867900000076, -6.910223899999949 ], [ 134.174465700000042, -6.911857899999973 ], [ 134.179268400000069, -6.910838099999978 ], [ 134.182350700000029, -6.913156599999979 ], [ 134.179525900000044, -6.910667199999978 ], [ 134.172411400000101, -6.909969499999931 ], [ 134.150464100000022, -6.868942899999979 ], [ 134.154326600000104, -6.86254189999994 ], [ 134.153581800000097, -6.857939 ], [ 134.1495466, -6.852513199999976 ], [ 134.150501400000053, -6.849618299999975 ], [ 134.1685668, -6.851686399999949 ], [ 134.188170300000024, -6.850101699999925 ], [ 134.192990700000109, -6.845926599999927 ], [ 134.194048, -6.839444199999946 ], [ 134.190887400000065, -6.832974 ], [ 134.181027300000096, -6.826224199999956 ], [ 134.189864700000044, -6.838182199999949 ], [ 134.189641300000062, -6.846548399999961 ], [ 134.184196200000088, -6.84884 ], [ 134.179385700000012, -6.847158499999978 ], [ 134.167451200000073, -6.850484599999959 ], [ 134.150503400000048, -6.846752199999969 ], [ 134.147359700000038, -6.851076899999953 ], [ 134.153115700000058, -6.861388899999952 ], [ 134.150233500000013, -6.865545 ], [ 134.142922500000054, -6.863274299999944 ], [ 134.133986700000037, -6.852263299999947 ], [ 134.123783700000104, -6.845569299999966 ], [ 134.109073300000091, -6.845150899999965 ], [ 134.096717700000113, -6.849729399999944 ], [ 134.091280600000118, -6.847627599999953 ], [ 134.08608270000002, -6.837253 ], [ 134.070383700000093, -6.82897689999993 ], [ 134.0562959, -6.783625 ], [ 134.051086900000087, -6.774370599999941 ], [ 134.053529100000105, -6.759102199999973 ], [ 134.057955700000093, -6.757101199999966 ], [ 134.064424200000076, -6.738625 ], [ 134.069259500000044, -6.73300729999994 ], [ 134.071697700000072, -6.719346399999949 ], [ 134.07734060000007, -6.711720399999933 ], [ 134.081794500000115, -6.694847799999934 ], [ 134.086306, -6.646624599999939 ], [ 134.089122800000041, -6.645022099999949 ], [ 134.097836600000051, -6.493911399999945 ], [ 134.106420400000047, -6.461299899999972 ], [ 134.111101700000063, -6.457392199999958 ], [ 134.116003200000023, -6.446113 ], [ 134.124608400000056, -6.451921699999957 ], [ 134.130884300000048, -6.464343799999938 ], [ 134.127945200000113, -6.462236299999972 ], [ 134.117997600000081, -6.461378199999956 ], [ 134.128783800000065, -6.463499199999944 ], [ 134.132139900000084, -6.467569699999956 ], [ 134.126388100000099, -6.471344299999942 ], [ 134.124841900000092, -6.474144899999942 ], [ 134.129191500000047, -6.470928599999979 ], [ 134.132690900000057, -6.473177199999952 ], [ 134.13548040000012, -6.480891 ], [ 134.144196100000045, -6.483118399999967 ], [ 134.150951900000109, -6.489475599999935 ], [ 134.155799600000023, -6.489237099999968 ], [ 134.156139300000063, -6.485786899999937 ], [ 134.169467900000086, -6.478119 ], [ 134.17512320000003, -6.479079299999967 ], [ 134.180866700000024, -6.483690399999944 ], [ 134.181675900000073, -6.491333899999972 ], [ 134.1780453, -6.502967799999965 ], [ 134.163236300000108, -6.514159899999981 ], [ 134.154321, -6.527177199999926 ], [ 134.151937100000055, -6.528014199999973 ], [ 134.14675740000007, -6.524641499999973 ], [ 134.143399400000021, -6.521412 ], [ 134.143646900000022, -6.517908899999952 ], [ 134.14311930000008, -6.521271299999967 ], [ 134.151094400000034, -6.529134 ], [ 134.149094900000023, -6.532941799999946 ], [ 134.171869100000094, -6.509125 ], [ 134.179443800000058, -6.50479219999994 ], [ 134.183244300000069, -6.494426099999941 ], [ 134.193763000000104, -6.485190199999977 ], [ 134.20030220000001, -6.484880899999951 ], [ 134.213271600000098, -6.514146599999947 ], [ 134.211456400000088, -6.518992099999934 ], [ 134.205047300000047, -6.519452299999955 ], [ 134.185173300000088, -6.532409099999938 ], [ 134.208101100000022, -6.520137699999964 ], [ 134.209526, -6.53281549999997 ], [ 134.20681900000011, -6.538111499999957 ], [ 134.209151600000041, -6.544804099999965 ], [ 134.216780900000117, -6.550384199999939 ], [ 134.220261600000072, -6.558169599999928 ], [ 134.225258300000064, -6.560955899999954 ], [ 134.230638900000031, -6.572316599999965 ], [ 134.23154640000007, -6.601611799999944 ], [ 134.229551800000081, -6.605306699999971 ], [ 134.2310668, -6.603754599999945 ], [ 134.237085200000024, -6.613687199999958 ], [ 134.247562900000048, -6.61497339999994 ], [ 134.249135600000045, -6.624978599999963 ], [ 134.255659800000103, -6.638645399999973 ], [ 134.275150200000098, -6.643038299999944 ], [ 134.279977, -6.654318399999966 ], [ 134.286717600000088, -6.660044099999936 ], [ 134.289177700000096, -6.660920899999951 ], [ 134.302968, -6.660414899999978 ], [ 134.286144500000091, -6.657809499999928 ], [ 134.279843800000094, -6.651406399999928 ], [ 134.279518600000074, -6.641933199999926 ], [ 134.2771404, -6.639389299999948 ], [ 134.27094610000006, -6.64041229999998 ], [ 134.261422100000118, -6.638016599999958 ], [ 134.253656200000023, -6.628160899999955 ], [ 134.252241700000013, -6.618473499999936 ], [ 134.248915, -6.613308299999971 ], [ 134.236058100000037, -6.610430799999961 ], [ 134.236158900000078, -6.596458799999937 ], [ 134.240364900000031, -6.597497199999964 ], [ 134.2417163, -6.596308499999964 ], [ 134.244341400000053, -6.592819399999939 ], [ 134.2455341000001, -6.58800279999997 ], [ 134.251577900000029, -6.578465 ], [ 134.245063500000015, -6.587819099999933 ], [ 134.243785800000069, -6.592739199999926 ], [ 134.240048400000092, -6.596782299999973 ], [ 134.235844500000098, -6.594394199999954 ], [ 134.233548500000097, -6.590341899999942 ], [ 134.234286400000087, -6.575021299999946 ], [ 134.232157500000085, -6.565571 ], [ 134.215201, -6.545459799999946 ], [ 134.212420800000018, -6.53508869999996 ], [ 134.213698900000054, -6.529930599999943 ], [ 134.223480000000109, -6.518514 ], [ 134.229583200000093, -6.515883699999961 ], [ 134.232995, -6.511300799999958 ], [ 134.238271, -6.499639799999954 ], [ 134.231682400000068, -6.509984 ], [ 134.222480500000074, -6.509805599999936 ], [ 134.218546300000071, -6.503636299999926 ], [ 134.222989600000119, -6.499287899999956 ], [ 134.222994800000038, -6.495918699999947 ], [ 134.213668700000085, -6.487989499999969 ], [ 134.204870100000107, -6.475100199999929 ], [ 134.199696300000028, -6.473777199999972 ], [ 134.197159400000032, -6.467527899999936 ], [ 134.200450100000012, -6.464656899999966 ], [ 134.195436700000073, -6.465881699999954 ], [ 134.200052200000073, -6.456438799999944 ], [ 134.205391900000109, -6.456611499999951 ], [ 134.206126700000027, -6.459571 ], [ 134.215335800000048, -6.454490299999975 ], [ 134.216820600000119, -6.450548199999957 ], [ 134.215100800000073, -6.447012 ], [ 134.218394400000079, -6.442086499999959 ], [ 134.196525100000031, -6.452981899999941 ], [ 134.196355600000061, -6.45626859999993 ], [ 134.189855600000101, -6.462503599999934 ], [ 134.184601300000054, -6.460276499999964 ], [ 134.183456200000023, -6.457152 ], [ 134.184864300000072, -6.449922899999933 ], [ 134.187983200000076, -6.451735699999972 ], [ 134.206242100000054, -6.438205499999981 ], [ 134.209125, -6.433279399999947 ], [ 134.207794700000022, -6.429946499999971 ], [ 134.210693900000024, -6.428372499999966 ], [ 134.209137500000111, -6.425589199999933 ], [ 134.203951500000016, -6.43203879999993 ], [ 134.19992830000001, -6.430635499999937 ], [ 134.19997, -6.424157699999967 ], [ 134.195986200000107, -6.429971899999941 ], [ 134.190559900000039, -6.432839499999943 ], [ 134.182982600000059, -6.445071499999926 ], [ 134.177311700000018, -6.446623699999975 ], [ 134.160368900000094, -6.458593599999972 ], [ 134.139412900000025, -6.462749499999973 ], [ 134.137852300000077, -6.46258249999994 ], [ 134.137705, -6.452557 ], [ 134.130422400000043, -6.447003699999925 ], [ 134.115668800000094, -6.416445 ], [ 134.115579300000036, -6.384542599999975 ], [ 134.121268800000053, -6.383637799999974 ], [ 134.121708300000023, -6.391853199999957 ], [ 134.121827500000109, -6.383638699999949 ], [ 134.125739800000019, -6.382578399999943 ], [ 134.137772500000096, -6.367359399999941 ], [ 134.146157900000048, -6.363715199999945 ], [ 134.149819800000046, -6.360418799999934 ], [ 134.153120200000103, -6.360729 ], [ 134.155914300000063, -6.360174699999959 ], [ 134.162323900000047, -6.366950299999928 ], [ 134.164032600000041, -6.366880299999934 ], [ 134.165819200000101, -6.358920599999976 ], [ 134.170307500000035, -6.358984899999939 ], [ 134.165565500000071, -6.358767799999953 ], [ 134.162708900000098, -6.36658749999998 ], [ 134.157438100000036, -6.359974 ], [ 134.14961720000008, -6.36006279999998 ], [ 134.13465890000009, -6.368764799999951 ], [ 134.124289400000066, -6.382223099999976 ], [ 134.117268400000057, -6.381741899999952 ], [ 134.128368900000055, -6.362487399999964 ], [ 134.134703300000069, -6.311633 ], [ 134.136902700000064, -6.309207 ], [ 134.146545700000047, -6.308287599999971 ], [ 134.149752600000056, -6.304747299999974 ], [ 134.15476440000009, -6.304889799999955 ], [ 134.159603900000093, -6.301585199999977 ], [ 134.168826400000057, -6.294290599999954 ], [ 134.154814800000054, -6.304276399999935 ], [ 134.1494834, -6.304064499999981 ], [ 134.14475450000009, -6.308070499999928 ], [ 134.136426200000074, -6.308412399999952 ], [ 134.133995800000093, -6.304242199999976 ], [ 134.128525200000013, -6.273706199999936 ], [ 134.130848300000025, -6.275084699999979 ], [ 134.130212300000039, -6.272072599999944 ], [ 134.1182195, -6.244644 ], [ 134.118311400000039, -6.24168659999998 ], [ 134.123764800000117, -6.238862499999925 ], [ 134.117556900000068, -6.233561399999928 ], [ 134.105588800000078, -6.201953699999933 ], [ 134.112594400000035, -6.203322899999932 ], [ 134.1294497, -6.218866 ], [ 134.131433100000095, -6.218023899999935 ], [ 134.136357700000076, -6.221882499999936 ], [ 134.160236900000086, -6.228717699999947 ], [ 134.129322700000102, -6.217044899999962 ], [ 134.1129016000001, -6.201052899999979 ], [ 134.105389900000091, -6.199943499999961 ], [ 134.102513200000089, -6.195609299999944 ], [ 134.095342900000105, -6.172266499999978 ], [ 134.095835700000066, -6.165051699999935 ], [ 134.11651280000001, -6.15931379999995 ], [ 134.127313, -6.167990399999951 ], [ 134.133802500000115, -6.16752 ], [ 134.137880900000027, -6.171856 ], [ 134.137036600000101, -6.179451599999936 ], [ 134.141394900000023, -6.184132899999952 ], [ 134.144330700000069, -6.195939499999952 ], [ 134.149156, -6.20128109999996 ], [ 134.166989700000045, -6.210612599999934 ], [ 134.199207500000057, -6.216616399999964 ], [ 134.203285800000117, -6.224685399999942 ], [ 134.212219700000105, -6.21849659999998 ], [ 134.223866200000089, -6.221863 ], [ 134.233827100000099, -6.230598699999973 ], [ 134.247355, -6.249608699999953 ], [ 134.250051700000085, -6.259689199999968 ], [ 134.267091100000016, -6.261263499999927 ], [ 134.279332200000113, -6.280712 ], [ 134.287483300000076, -6.28808609999993 ], [ 134.273809100000108, -6.307880199999943 ], [ 134.289352500000064, -6.2909 ], [ 134.300355100000047, -6.289710199999945 ], [ 134.303798900000061, -6.293195199999957 ], [ 134.309875500000089, -6.303409699999975 ], [ 134.297473400000058, -6.320183699999973 ], [ 134.294985600000018, -6.328896799999939 ], [ 134.293777500000033, -6.340639299999964 ], [ 134.295699700000114, -6.343302799999947 ], [ 134.293676300000016, -6.34761229999998 ], [ 134.297794400000043, -6.354040599999962 ], [ 134.298061400000051, -6.360096499999941 ], [ 134.31134760000009, -6.354914199999939 ], [ 134.314677300000085, -6.366876699999978 ], [ 134.308423800000014, -6.370816399999967 ], [ 134.308201, -6.373502899999949 ], [ 134.309876600000052, -6.370647799999972 ], [ 134.316711600000076, -6.369590599999981 ], [ 134.321137500000077, -6.377674599999978 ], [ 134.319028100000082, -6.381268899999952 ], [ 134.319451100000038, -6.383615 ], [ 134.321400200000085, -6.378025899999955 ], [ 134.321453200000064, -6.372102499999926 ], [ 134.324362300000075, -6.379281899999967 ], [ 134.331001300000025, -6.37931059999994 ], [ 134.339364500000102, -6.388621199999932 ], [ 134.337827800000014, -6.39864289999997 ], [ 134.329540300000076, -6.406912 ], [ 134.323672700000088, -6.408823499999926 ], [ 134.315165300000103, -6.417311499999926 ], [ 134.323562400000014, -6.409371699999951 ], [ 134.328771200000119, -6.408227 ], [ 134.339801200000011, -6.398535699999968 ], [ 134.347586100000058, -6.397339299999942 ], [ 134.34797350000008, -6.394433599999957 ], [ 134.351527500000088, -6.39632869999997 ], [ 134.351727600000117, -6.386604599999941 ], [ 134.34905880000008, -6.380353299999967 ], [ 134.352630600000111, -6.377961899999946 ], [ 134.361547700000074, -6.381872199999975 ], [ 134.358341500000051, -6.392344099999946 ], [ 134.36565250000001, -6.38891069999994 ], [ 134.368686900000057, -6.403422199999966 ], [ 134.3718268, -6.400944399999958 ], [ 134.378790300000105, -6.403077599999961 ], [ 134.381454100000042, -6.410069699999951 ], [ 134.381975700000112, -6.402023099999951 ], [ 134.39030450000007, -6.40079789999993 ], [ 134.395949100000053, -6.396992 ], [ 134.404870100000039, -6.397587599999952 ], [ 134.419729600000096, -6.410491599999943 ], [ 134.430177, -6.430116299999952 ], [ 134.45091160000004, -6.453690299999948 ], [ 134.459484, -6.45091229999997 ], [ 134.465480100000036, -6.45070439999995 ], [ 134.468582800000036, -6.452956799999981 ], [ 134.474485700000059, -6.473198399999944 ], [ 134.47942850000004, -6.479868099999976 ], [ 134.477708500000062, -6.486340499999926 ], [ 134.47960820000003, -6.490341299999955 ], [ 134.493601, -6.495846699999959 ], [ 134.49485750000008, -6.500289599999974 ], [ 134.492608700000119, -6.501274399999943 ], [ 134.500715700000114, -6.508520699999963 ], [ 134.504325700000095, -6.522927699999968 ], [ 134.498722600000065, -6.528040099999942 ], [ 134.491043800000057, -6.530774099999974 ], [ 134.485019, -6.524626499999954 ], [ 134.481728500000031, -6.525445599999955 ], [ 134.47469030000002, -6.544849899999974 ], [ 134.476002700000095, -6.54819619999995 ], [ 134.473808400000053, -6.549181 ], [ 134.487949500000013, -6.554240399999969 ], [ 134.496509500000116, -6.547997899999928 ], [ 134.4969436, -6.552494799999977 ], [ 134.489419200000043, -6.56482509999995 ], [ 134.480038200000081, -6.569311899999946 ], [ 134.471891300000038, -6.56376 ], [ 134.46421220000002, -6.566164599999979 ], [ 134.455158900000015, -6.571748 ], [ 134.451760300000046, -6.570812099999955 ], [ 134.449072800000067, -6.571412299999963 ], [ 134.445564900000022, -6.57020209999996 ], [ 134.443861, -6.573819299999968 ], [ 134.439376, -6.572873399999935 ], [ 134.443257, -6.574641099999951 ], [ 134.446441700000037, -6.570641699999953 ], [ 134.448688700000048, -6.571686 ], [ 134.455103500000064, -6.572186599999952 ], [ 134.471890600000052, -6.564363199999946 ], [ 134.484328300000016, -6.573369099999979 ], [ 134.481474800000115, -6.575449899999967 ], [ 134.484326300000021, -6.575288299999954 ], [ 134.483868, -6.581631499999958 ], [ 134.50361630000009, -6.586713499999973 ], [ 134.508776200000057, -6.581235099999958 ], [ 134.519287700000064, -6.58069009999997 ], [ 134.52117730000009, -6.575808199999926 ], [ 134.524348700000019, -6.574440299999935 ], [ 134.531537, -6.583593399999927 ], [ 134.52863, -6.599869899999931 ], [ 134.523696, -6.609686299999964 ], [ 134.516569600000025, -6.607143299999962 ], [ 134.509086900000057, -6.617100299999947 ], [ 134.502803700000072, -6.615206299999954 ], [ 134.499754800000119, -6.627964 ], [ 134.496530100000086, -6.630839599999945 ], [ 134.501305200000047, -6.635484199999951 ], [ 134.500740600000086, -6.642958399999941 ], [ 134.493044200000099, -6.646260799999936 ], [ 134.49552540000002, -6.649947499999939 ], [ 134.493890100000044, -6.656988699999943 ], [ 134.480993900000044, -6.664789299999939 ], [ 134.471809800000074, -6.662860399999943 ], [ 134.471815500000048, -6.657514 ], [ 134.471398900000054, -6.66244869999997 ], [ 134.467448900000022, -6.66281429999998 ], [ 134.4630237, -6.673132399999929 ], [ 134.464250600000014, -6.679713899999967 ], [ 134.457744, -6.674017699999979 ], [ 134.447257700000023, -6.671675499999935 ], [ 134.444862500000113, -6.667971499999965 ], [ 134.448163900000054, -6.658310699999959 ], [ 134.45207640000001, -6.653791199999944 ], [ 134.452077600000052, -6.652763 ], [ 134.45146370000009, -6.64995209999995 ], [ 134.4515278, -6.653996199999938 ], [ 134.443637700000068, -6.659813499999927 ], [ 134.438982, -6.65466749999996 ], [ 134.445641100000103, -6.64610719999996 ], [ 134.442625, -6.645966699999974 ], [ 134.444003, -6.639799399999958 ], [ 134.442350500000089, -6.646309099999939 ], [ 134.445229400000017, -6.646449399999938 ], [ 134.439737600000058, -6.653297499999951 ], [ 134.434665600000017, -6.652537799999948 ], [ 134.42898480000008, -6.646158799999967 ], [ 134.430863400000021, -6.651084199999957 ], [ 134.424609700000019, -6.649706099999946 ], [ 134.426655500000038, -6.658961799999929 ], [ 134.418593400000077, -6.665035499999931 ], [ 134.408823300000108, -6.666137799999944 ], [ 134.400343200000066, -6.673806799999966 ], [ 134.409936300000027, -6.666910199999961 ], [ 134.41970670000012, -6.665636599999971 ], [ 134.431370500000071, -6.657253699999956 ], [ 134.434106900000074, -6.662226199999964 ], [ 134.440619900000115, -6.661805199999947 ], [ 134.437442500000088, -6.667799099999968 ], [ 134.437692500000026, -6.673968299999956 ], [ 134.435548600000061, -6.675336699999946 ], [ 134.432217, -6.666250899999966 ], [ 134.429044800000042, -6.66761809999997 ], [ 134.429977800000074, -6.67593 ], [ 134.433463, -6.679578 ], [ 134.441763600000058, -6.680524599999956 ], [ 134.457823500000018, -6.687637799999948 ], [ 134.454603500000076, -6.693390799999975 ], [ 134.44126180000012, -6.700275699999963 ], [ 134.437997100000075, -6.707383299999947 ], [ 134.433163100000115, -6.707423199999937 ], [ 134.423924, -6.713069799999971 ], [ 134.422848700000031, -6.717265199999929 ], [ 134.417834, -6.71593729999995 ], [ 134.410383300000035, -6.720649699999967 ], [ 134.408242100000052, -6.719576099999927 ], [ 134.407153700000094, -6.725988299999926 ], [ 134.400693400000023, -6.732001499999967 ], [ 134.391480300000012, -6.730467699999963 ], [ 134.386325, -6.724749799999927 ], [ 134.382679500000108, -6.722749699999952 ], [ 134.390378100000021, -6.73115439999998 ], [ 134.391825500000095, -6.745183199999929 ], [ 134.402485600000091, -6.747903099999974 ], [ 134.401922700000114, -6.755625099999975 ], [ 134.393687000000114, -6.761754199999928 ], [ 134.38180060000002, -6.762803699999949 ], [ 134.374023200000011, -6.768861099999981 ], [ 134.366897800000061, -6.780360499999972 ], [ 134.365578100000107, -6.795357599999932 ], [ 134.360575100000119, -6.80438259999994 ], [ 134.345171100000016, -6.808636899999954 ], [ 134.340650500000038, -6.81193369999994 ], [ 134.33030210000004, -6.809323 ], [ 134.34114030000012, -6.813441299999965 ], [ 134.345690000000104, -6.809043499999973 ], [ 134.356208800000104, -6.806216699999936 ], [ 134.349448300000063, -6.816529399999979 ], [ 134.349165300000095, -6.822171499999968 ], [ 134.352740800000106, -6.825479299999927 ], [ 134.35067, -6.829536399999938 ], [ 134.346062500000016, -6.831973499999947 ], [ 134.339793500000042, -6.828054299999962 ], [ 134.336833600000091, -6.828057799999954 ], [ 134.34577790000003, -6.832488699999942 ], [ 134.350599800000055, -6.830499699999962 ], [ 134.353841000000102, -6.826513 ], [ 134.350273300000026, -6.817356199999949 ], [ 134.358136300000069, -6.806288099999961 ], [ 134.378395700000056, -6.809970499999963 ], [ 134.377741600000036, -6.816743299999928 ], [ 134.374485100000015, -6.820042599999965 ], [ 134.365382100000033, -6.821117699999945 ], [ 134.337908, -6.848267899999939 ], [ 134.332566900000074, -6.860120099999961 ], [ 134.322954800000048, -6.864347499999951 ], [ 134.317780400000061, -6.86517589999994 ], [ 134.314825200000087, -6.862886899999978 ], [ 134.31509, -6.865844 ], [ 134.298887800000102, -6.868109299999958 ], [ 134.279463400000054, -6.87777989999995 ], [ 134.275626000000102, -6.87651859999994 ], [ 134.276458700000035, -6.872184799999957 ], [ 134.27501390000009, -6.875994499999933 ], [ 134.275259600000027, -6.879295599999978 ], [ 134.266744, -6.881361399999946 ], [ 134.212972700000023, -6.907650299999943 ] ] ], [ [ [ 134.211032200000091, -6.526660899999968 ], [ 134.217015800000013, -6.520654599999943 ], [ 134.216257200000086, -6.524915 ], [ 134.211032200000091, -6.526660899999968 ] ] ], [ [ [ 134.218029700000102, -6.523420499999929 ], [ 134.21876850000001, -6.520611599999938 ], [ 134.220242800000051, -6.519902599999966 ], [ 134.218029700000102, -6.523420499999929 ] ] ], [ [ [ 134.214399600000093, -6.520604799999944 ], [ 134.209939400000053, -6.52495179999994 ], [ 134.21404890000008, -6.517454199999975 ], [ 134.214399600000093, -6.520604799999944 ] ] ], [ [ [ 134.17769050000004, -6.46642849999995 ], [ 134.175876300000027, -6.470616499999949 ], [ 134.173331800000028, -6.469215399999939 ], [ 134.172520600000098, -6.462804399999925 ], [ 134.177777400000082, -6.463470399999949 ], [ 134.182094800000073, -6.460728299999971 ], [ 134.183029600000054, -6.467012299999965 ], [ 134.17769050000004, -6.46642849999995 ] ] ], [ [ [ 134.315332500000068, -6.353156799999965 ], [ 134.307526100000018, -6.348394599999949 ], [ 134.307883500000116, -6.353228399999978 ], [ 134.301186700000017, -6.354779199999939 ], [ 134.294922500000098, -6.346224899999925 ], [ 134.297350200000096, -6.343488499999978 ], [ 134.296730500000081, -6.327064099999973 ], [ 134.305092200000104, -6.314597099999958 ], [ 134.314180100000044, -6.307360699999947 ], [ 134.321844600000077, -6.324369799999943 ], [ 134.323033400000099, -6.339393799999925 ], [ 134.328518800000097, -6.352521599999932 ], [ 134.327155600000083, -6.360500799999954 ], [ 134.324993200000108, -6.362377 ], [ 134.316952100000094, -6.361222899999973 ], [ 134.315332500000068, -6.353156799999965 ] ] ], [ [ [ 134.335499300000038, -6.321304099999963 ], [ 134.333906400000046, -6.325398799999959 ], [ 134.327650800000015, -6.316444899999965 ], [ 134.32080110000004, -6.314763899999946 ], [ 134.317382900000098, -6.308823399999937 ], [ 134.319153800000095, -6.296368299999926 ], [ 134.315387500000043, -6.301129 ], [ 134.307468800000038, -6.286571 ], [ 134.303291700000045, -6.283620299999939 ], [ 134.304550800000015, -6.281718 ], [ 134.314498900000103, -6.277801599999975 ], [ 134.318416500000012, -6.285080499999935 ], [ 134.320421600000032, -6.285250299999973 ], [ 134.321333300000106, -6.291020399999979 ], [ 134.331342300000074, -6.304911899999979 ], [ 134.335499300000038, -6.321304099999963 ] ] ], [ [ [ 134.220021100000054, -6.207340399999964 ], [ 134.21664880000003, -6.212386599999945 ], [ 134.208636100000035, -6.208874499999979 ], [ 134.205124, -6.204432 ], [ 134.208018200000083, -6.197701499999937 ], [ 134.211146900000017, -6.194819799999948 ], [ 134.216431900000089, -6.196511399999963 ], [ 134.220021100000054, -6.207340399999964 ] ] ], [ [ [ 134.314154800000097, -6.18035279999998 ], [ 134.315325800000096, -6.17900869999994 ], [ 134.314922400000114, -6.18084 ], [ 134.314154800000097, -6.18035279999998 ] ] ], [ [ [ 134.127991800000018, -6.128310599999963 ], [ 134.115959800000041, -6.107577499999934 ], [ 134.114688300000012, -6.100515899999948 ], [ 134.124994400000105, -6.06626289999997 ], [ 134.121791800000096, -6.052035499999931 ], [ 134.123695200000043, -6.040059 ], [ 134.141437200000041, -6.013069099999939 ], [ 134.150968100000114, -6.004285899999957 ], [ 134.156758100000047, -6.006032499999947 ], [ 134.15953740000009, -6.011283 ], [ 134.155738800000108, -6.0163 ], [ 134.155221800000049, -6.026211199999977 ], [ 134.162557900000024, -6.040939299999934 ], [ 134.166054800000097, -6.038103 ], [ 134.170226100000036, -6.040179399999943 ], [ 134.176650000000109, -6.034481099999937 ], [ 134.179385800000091, -6.037744399999951 ], [ 134.182858800000076, -6.036027899999965 ], [ 134.191485300000068, -6.038367099999959 ], [ 134.194267300000092, -6.037123099999974 ], [ 134.196151800000052, -6.034969499999931 ], [ 134.193414, -6.023500799999965 ], [ 134.197644100000048, -6.018157299999928 ], [ 134.202620800000091, -6.020684299999971 ], [ 134.215084900000079, -6.016251499999953 ], [ 134.227654400000119, -6.016294899999934 ], [ 134.226964100000032, -6.022444299999961 ], [ 134.232545800000025, -6.026571099999956 ], [ 134.229115, -6.053541099999961 ], [ 134.234472600000117, -6.060658 ], [ 134.241078300000027, -6.064646499999981 ], [ 134.245188, -6.075139599999943 ], [ 134.259901400000103, -6.069061199999965 ], [ 134.261479700000109, -6.062991499999953 ], [ 134.270417900000098, -6.055087199999946 ], [ 134.274367900000016, -6.05409949999995 ], [ 134.279643600000099, -6.061215899999979 ], [ 134.277093600000057, -6.066146899999978 ], [ 134.268645200000037, -6.072443799999974 ], [ 134.264485200000081, -6.071934299999953 ], [ 134.256996600000093, -6.084649199999944 ], [ 134.251895600000012, -6.084100199999966 ], [ 134.252310700000066, -6.086317 ], [ 134.244046200000071, -6.095347 ], [ 134.238775700000019, -6.116101399999934 ], [ 134.232634400000052, -6.121562199999971 ], [ 134.236590700000079, -6.13161539999993 ], [ 134.24532750000003, -6.135867899999937 ], [ 134.244986400000016, -6.140555599999971 ], [ 134.263079600000083, -6.14353269999998 ], [ 134.269877900000097, -6.14732719999995 ], [ 134.267787500000054, -6.158814699999937 ], [ 134.274173700000119, -6.164148499999953 ], [ 134.275277800000026, -6.172410099999979 ], [ 134.271595300000058, -6.173856199999932 ], [ 134.271853100000044, -6.183258599999931 ], [ 134.272487200000114, -6.174080699999934 ], [ 134.276281300000051, -6.172634799999969 ], [ 134.277413, -6.160469299999932 ], [ 134.282992, -6.158738299999925 ], [ 134.290011, -6.161037199999953 ], [ 134.310406500000113, -6.175359 ], [ 134.309984800000052, -6.179495499999973 ], [ 134.313961600000084, -6.186191199999939 ], [ 134.311172500000112, -6.18674569999996 ], [ 134.338365, -6.225806899999952 ], [ 134.34459060000006, -6.227569299999971 ], [ 134.357102700000041, -6.22327649999994 ], [ 134.366893000000118, -6.226442 ], [ 134.374579100000119, -6.235269599999981 ], [ 134.381268100000057, -6.238514599999974 ], [ 134.381151600000067, -6.24275629999994 ], [ 134.389851300000032, -6.243659399999956 ], [ 134.392079100000046, -6.246452599999941 ], [ 134.393234800000073, -6.260864 ], [ 134.4045532, -6.263657299999977 ], [ 134.425301800000057, -6.264015299999926 ], [ 134.438456500000029, -6.272066699999925 ], [ 134.448386400000118, -6.270737699999927 ], [ 134.439118, -6.279434699999968 ], [ 134.425950100000023, -6.283215699999971 ], [ 134.422805900000071, -6.280991 ], [ 134.408873900000117, -6.290117499999951 ], [ 134.386202600000047, -6.311300199999948 ], [ 134.377503300000058, -6.309057399999972 ], [ 134.371362400000066, -6.313180099999954 ], [ 134.372583600000098, -6.318204699999967 ], [ 134.368002800000113, -6.32366879999995 ], [ 134.363639700000022, -6.32408369999996 ], [ 134.356171300000028, -6.318784599999958 ], [ 134.338857400000052, -6.314020099999937 ], [ 134.336309, -6.310915799999975 ], [ 134.335409500000083, -6.301429199999973 ], [ 134.326388400000042, -6.288457899999969 ], [ 134.317371700000081, -6.282497099999944 ], [ 134.314619200000038, -6.27643809999995 ], [ 134.307274400000097, -6.277953399999944 ], [ 134.296843500000023, -6.285293599999932 ], [ 134.288189100000068, -6.284069399999964 ], [ 134.273545400000103, -6.260574 ], [ 134.242094400000042, -6.234311799999944 ], [ 134.234182700000019, -6.220349699999929 ], [ 134.228439800000046, -6.202782699999943 ], [ 134.224592900000061, -6.203739199999973 ], [ 134.215384, -6.19062219999995 ], [ 134.207302500000083, -6.194092499999954 ], [ 134.202124400000116, -6.199705499999936 ], [ 134.183895100000086, -6.196645499999931 ], [ 134.179510200000095, -6.200151 ], [ 134.164174400000093, -6.187520599999971 ], [ 134.163044300000024, -6.180670799999973 ], [ 134.16933, -6.166285699999946 ], [ 134.178214700000012, -6.163471299999969 ], [ 134.183088000000112, -6.157713599999965 ], [ 134.186661500000014, -6.15682529999998 ], [ 134.188098200000013, -6.14806249999998 ], [ 134.202155500000117, -6.144511799999975 ], [ 134.198714000000109, -6.134014199999967 ], [ 134.199743700000113, -6.127552299999934 ], [ 134.195702, -6.127895499999966 ], [ 134.187133300000028, -6.121576699999935 ], [ 134.183679400000074, -6.123040799999956 ], [ 134.179776800000013, -6.12133549999993 ], [ 134.179596200000105, -6.126639699999942 ], [ 134.172844400000031, -6.131541 ], [ 134.164264900000035, -6.130304599999931 ], [ 134.156723200000101, -6.138285699999926 ], [ 134.149939, -6.137068699999929 ], [ 134.1490152, -6.145617299999969 ], [ 134.146565900000041, -6.145527 ], [ 134.151180600000089, -6.14749009999997 ], [ 134.150793600000043, -6.15108609999993 ], [ 134.140244600000074, -6.143750599999976 ], [ 134.127991800000018, -6.128310599999963 ] ] ], [ [ [ 134.287000100000114, -6.125466899999935 ], [ 134.273161900000105, -6.117355 ], [ 134.27124670000012, -6.112546499999951 ], [ 134.271210800000063, -6.089568699999973 ], [ 134.272953900000061, -6.086925199999939 ], [ 134.2769733, -6.088383599999929 ], [ 134.274816900000019, -6.08333209999995 ], [ 134.277849100000026, -6.077949299999943 ], [ 134.286146700000018, -6.071007399999928 ], [ 134.291499400000021, -6.071397099999956 ], [ 134.290912400000025, -6.066743499999973 ], [ 134.285619400000087, -6.063327499999957 ], [ 134.28515450000009, -6.057784899999945 ], [ 134.279396200000065, -6.049658799999975 ], [ 134.284135600000013, -6.046658299999933 ], [ 134.28269970000008, -6.044337599999949 ], [ 134.289554100000032, -6.041654 ], [ 134.295010900000079, -6.047065099999941 ], [ 134.291562400000089, -6.040814499999954 ], [ 134.311589700000013, -6.02602539999998 ], [ 134.326051100000086, -6.022862599999939 ], [ 134.344329100000095, -6.034235 ], [ 134.3472279, -6.040904799999964 ], [ 134.344009800000094, -6.044036399999925 ], [ 134.338001400000053, -6.05827869999996 ], [ 134.341772800000058, -6.050660899999968 ], [ 134.346582500000068, -6.050215799999933 ], [ 134.349020600000017, -6.044451799999933 ], [ 134.353358100000037, -6.04133539999998 ], [ 134.359431800000038, -6.040920099999937 ], [ 134.364391700000056, -6.030898499999978 ], [ 134.373329600000034, -6.022881499999926 ], [ 134.378201300000114, -6.021871199999964 ], [ 134.383709600000088, -6.026279399999964 ], [ 134.383772400000112, -6.030579899999964 ], [ 134.384351500000093, -6.026957399999958 ], [ 134.384853800000087, -6.031427599999972 ], [ 134.387204700000098, -6.028937 ], [ 134.3926394, -6.041178199999933 ], [ 134.39608910000004, -6.041622199999949 ], [ 134.3943954, -6.043787499999951 ], [ 134.398418900000024, -6.045349599999952 ], [ 134.400373200000104, -6.05011559999997 ], [ 134.410013200000094, -6.050634099999968 ], [ 134.414919200000099, -6.049623499999939 ], [ 134.424556700000039, -6.052512099999944 ], [ 134.42590650000011, -6.055561099999977 ], [ 134.429465900000082, -6.058948599999951 ], [ 134.430641200000082, -6.056582 ], [ 134.438915, -6.064714399999957 ], [ 134.444472300000029, -6.068075199999953 ], [ 134.43047300000012, -6.055735299999981 ], [ 134.429117400000109, -6.058104199999946 ], [ 134.423881400000027, -6.051326199999949 ], [ 134.414750900000058, -6.048776699999962 ], [ 134.402742200000034, -6.049102299999959 ], [ 134.400037900000029, -6.047406199999955 ], [ 134.387375, -6.027921299999946 ], [ 134.381291600000054, -6.023343 ], [ 134.38163510000004, -6.018772 ], [ 134.408144800000059, -6.024968199999932 ], [ 134.4179898000001, -6.024865599999941 ], [ 134.433042300000011, -6.018788599999937 ], [ 134.439132500000028, -6.014733 ], [ 134.441677800000093, -6.005427099999963 ], [ 134.456236000000104, -5.98564 ], [ 134.465371900000036, -5.97803289999996 ], [ 134.469617, -5.958235199999933 ], [ 134.474418900000046, -5.960581699999977 ], [ 134.476485100000104, -5.95851689999995 ], [ 134.487363900000105, -5.96062139999998 ], [ 134.49751910000009, -5.953369599999974 ], [ 134.49751480000009, -5.958149 ], [ 134.498158000000103, -5.960216299999956 ], [ 134.499960800000053, -5.963964 ], [ 134.498422600000026, -5.952982899999938 ], [ 134.514259500000094, -5.93999759999997 ], [ 134.519507500000032, -5.930862799999943 ], [ 134.53659, -5.918522199999927 ], [ 134.55484110000009, -5.923445299999969 ], [ 134.573229200000014, -5.937955599999952 ], [ 134.587774, -5.938259699999946 ], [ 134.588050700000053, -5.94049 ], [ 134.584149900000057, -5.944668499999977 ], [ 134.581434500000114, -5.952669599999979 ], [ 134.584345100000064, -5.944958299999939 ], [ 134.588723200000118, -5.940854799999954 ], [ 134.596801100000107, -5.942512499999964 ], [ 134.597467600000073, -5.948801 ], [ 134.585423200000037, -5.965766899999949 ], [ 134.576940300000047, -5.97342649999996 ], [ 134.573112900000069, -5.972054599999979 ], [ 134.570103400000107, -5.973968799999966 ], [ 134.562978700000031, -5.99258059999994 ], [ 134.570375100000092, -5.976159299999949 ], [ 134.577759400000105, -5.975069899999937 ], [ 134.58815780000009, -5.965769 ], [ 134.602391400000101, -5.946340499999963 ], [ 134.608136500000114, -5.942511599999932 ], [ 134.614151500000048, -5.943611 ], [ 134.614694400000076, -5.949360899999931 ], [ 134.62097580000011, -5.960864399999934 ], [ 134.615514800000028, -5.949361499999952 ], [ 134.61551820000011, -5.944433299999957 ], [ 134.631383300000039, -5.936504199999945 ], [ 134.636032000000114, -5.936233499999958 ], [ 134.648606, -5.94308639999997 ], [ 134.655715200000031, -5.943638399999941 ], [ 134.661181400000032, -5.951254399999925 ], [ 134.657061800000065, -5.953853199999969 ], [ 134.658353900000066, -5.957373299999972 ], [ 134.656181500000116, -5.957859 ], [ 134.653090600000041, -5.959993399999973 ], [ 134.644486500000085, -5.97073649999993 ], [ 134.646398100000056, -5.974844499999961 ], [ 134.643382200000019, -5.986889299999973 ], [ 134.640137400000071, -5.987763799999925 ], [ 134.637088300000073, -5.993182299999944 ], [ 134.636799400000086, -6.016454099999976 ], [ 134.637635100000011, -5.993456399999957 ], [ 134.643928500000015, -5.987984799999936 ], [ 134.647218800000019, -5.974297499999977 ], [ 134.646400700000072, -5.970737699999972 ], [ 134.655430900000056, -5.961160799999959 ], [ 134.663355900000056, -5.969653199999925 ], [ 134.661711600000103, -5.975401699999964 ], [ 134.674834200000078, -5.981433 ], [ 134.707752700000015, -6.007841099999951 ], [ 134.71493820000012, -6.010495699999979 ], [ 134.7221197, -6.021102499999927 ], [ 134.717955500000016, -6.027538099999958 ], [ 134.7130366, -6.030186299999968 ], [ 134.699965200000065, -6.032372299999963 ], [ 134.697501200000033, -6.037025399999948 ], [ 134.698593100000039, -6.040859 ], [ 134.692569400000025, -6.052902399999937 ], [ 134.681902500000092, -6.053443799999968 ], [ 134.693116100000111, -6.053450299999952 ], [ 134.6999604, -6.041133599999966 ], [ 134.699963900000057, -6.034836399999961 ], [ 134.716819100000066, -6.030567 ], [ 134.71895840000002, -6.034972 ], [ 134.720205400000054, -6.028823799999941 ], [ 134.727036200000043, -6.022998499999972 ], [ 134.741027200000076, -6.033229799999958 ], [ 134.741098500000021, -6.054381699999965 ], [ 134.736793200000079, -6.057060399999955 ], [ 134.742660200000046, -6.053504399999952 ], [ 134.742664800000057, -6.043875599999978 ], [ 134.744797800000015, -6.042305 ], [ 134.755016900000101, -6.047626399999956 ], [ 134.753903, -6.05438769999995 ], [ 134.755993600000011, -6.059811599999932 ], [ 134.753921200000036, -6.063281599999925 ], [ 134.764362500000061, -6.06758 ], [ 134.773541100000102, -6.075657199999966 ], [ 134.772932200000014, -6.08372849999995 ], [ 134.763602000000105, -6.086183399999925 ], [ 134.770632100000057, -6.087890199999947 ], [ 134.776034200000026, -6.08520859999993 ], [ 134.780572300000017, -6.087482199999954 ], [ 134.782788400000072, -6.094752599999936 ], [ 134.772945200000095, -6.11519409999994 ], [ 134.76682530000005, -6.114494699999966 ], [ 134.769408000000112, -6.117934499999933 ], [ 134.767158000000109, -6.123324699999955 ], [ 134.7551251000001, -6.121592899999939 ], [ 134.760601700000052, -6.123933199999954 ], [ 134.765105800000015, -6.130009 ], [ 134.761780200000089, -6.13877279999997 ], [ 134.748540400000024, -6.145702899999947 ], [ 134.738537400000041, -6.155862699999943 ], [ 134.723998, -6.160459699999933 ], [ 134.723184700000047, -6.157429499999978 ], [ 134.72867430000008, -6.150383799999929 ], [ 134.727598300000068, -6.147456099999943 ], [ 134.727442600000018, -6.15084539999998 ], [ 134.720536400000015, -6.157049499999971 ], [ 134.719560500000057, -6.164113399999962 ], [ 134.712248700000032, -6.163563799999963 ], [ 134.711839700000041, -6.157052599999929 ], [ 134.701502700000106, -6.147899499999937 ], [ 134.700708900000109, -6.143959399999972 ], [ 134.701501500000063, -6.150066 ], [ 134.708713800000055, -6.155606499999976 ], [ 134.71063520000007, -6.160662699999932 ], [ 134.710151400000086, -6.165717599999937 ], [ 134.713275800000019, -6.17005219999993 ], [ 134.712203100000011, -6.174464499999942 ], [ 134.706525600000077, -6.177869499999929 ], [ 134.695506900000055, -6.178678299999945 ], [ 134.705767800000103, -6.179762499999981 ], [ 134.695767900000078, -6.189734399999963 ], [ 134.683918200000107, -6.191064899999958 ], [ 134.675553700000023, -6.188834499999928 ], [ 134.683150200000114, -6.192746399999976 ], [ 134.689116300000023, -6.191282599999965 ], [ 134.6944085, -6.193767399999956 ], [ 134.703492900000015, -6.188092299999937 ], [ 134.722895900000026, -6.169697199999973 ], [ 134.730450800000085, -6.169409199999961 ], [ 134.74120030000006, -6.163922 ], [ 134.741108300000064, -6.165611 ], [ 134.737503500000116, -6.168667899999946 ], [ 134.735856100000092, -6.171854099999962 ], [ 134.7451694, -6.162189199999943 ], [ 134.762003400000026, -6.15493859999998 ], [ 134.76723770000001, -6.159073099999944 ], [ 134.768985500000099, -6.165423299999929 ], [ 134.767666700000063, -6.177832699999954 ], [ 134.757604900000047, -6.19026219999995 ], [ 134.763685400000099, -6.19873309999997 ], [ 134.764783, -6.205921099999955 ], [ 134.753416500000071, -6.237346699999932 ], [ 134.7503881, -6.239617399999929 ], [ 134.741694, -6.238325499999974 ], [ 134.749231900000041, -6.241168099999925 ], [ 134.751693300000056, -6.244902399999944 ], [ 134.742748500000062, -6.260877 ], [ 134.741647700000044, -6.260342699999967 ], [ 134.738433300000111, -6.259754799999939 ], [ 134.731654800000115, -6.26160219999997 ], [ 134.73075, -6.262750099999948 ], [ 134.727801500000055, -6.263251799999978 ], [ 134.72649720000004, -6.263794799999971 ], [ 134.725899100000106, -6.264447 ], [ 134.734431100000052, -6.262276499999928 ], [ 134.741438, -6.267499699999973 ], [ 134.729036300000075, -6.301416299999971 ], [ 134.724920500000053, -6.301489699999934 ], [ 134.72699660000012, -6.302775299999951 ], [ 134.725711400000023, -6.305419299999926 ], [ 134.7186114000001, -6.307606799999974 ], [ 134.707363800000053, -6.299288799999943 ], [ 134.69414590000008, -6.303134899999975 ], [ 134.690748700000086, -6.301319399999954 ], [ 134.690826600000037, -6.297314699999959 ], [ 134.690114100000073, -6.301757299999963 ], [ 134.69663340000011, -6.311130699999978 ], [ 134.700015800000074, -6.31258349999996 ], [ 134.69904740000004, -6.315665799999977 ], [ 134.707901500000048, -6.310722 ], [ 134.709096700000032, -6.318361899999957 ], [ 134.700764800000115, -6.327824199999952 ], [ 134.677644100000066, -6.344645 ], [ 134.655683, -6.346116399999971 ], [ 134.641767100000038, -6.353496399999926 ], [ 134.637983, -6.350210299999958 ], [ 134.639183100000082, -6.356153599999971 ], [ 134.632544200000098, -6.359042799999941 ], [ 134.621107400000028, -6.338131399999952 ], [ 134.628806600000075, -6.35731439999995 ], [ 134.626918100000012, -6.370035499999972 ], [ 134.622873300000037, -6.373322799999926 ], [ 134.612622800000054, -6.37031159999998 ], [ 134.591703400000029, -6.353347499999927 ], [ 134.577070300000059, -6.350049499999955 ], [ 134.567690300000095, -6.344441199999949 ], [ 134.568214400000102, -6.348628399999939 ], [ 134.574003300000072, -6.351506699999959 ], [ 134.569318900000098, -6.35570569999993 ], [ 134.545698500000071, -6.349470799999949 ], [ 134.541024000000107, -6.335626499999933 ], [ 134.545146700000032, -6.330685599999981 ], [ 134.539113900000075, -6.320488799999964 ], [ 134.54723110000009, -6.301638199999957 ], [ 134.544937200000049, -6.290660199999934 ], [ 134.545378700000015, -6.30081249999995 ], [ 134.528276600000027, -6.314188799999954 ], [ 134.520855, -6.323865 ], [ 134.511153400000012, -6.31266039999997 ], [ 134.501688400000035, -6.29367469999994 ], [ 134.494109600000115, -6.290375899999958 ], [ 134.486187800000039, -6.296936399999936 ], [ 134.476074, -6.295547799999952 ], [ 134.4576, -6.267162299999939 ], [ 134.46196, -6.260261399999933 ], [ 134.467797500000074, -6.261967099999936 ], [ 134.467545, -6.258172399999978 ], [ 134.45977710000011, -6.259028699999931 ], [ 134.4541934, -6.264827499999967 ], [ 134.446273900000051, -6.263853299999937 ], [ 134.438339500000097, -6.259605499999964 ], [ 134.438690400000041, -6.262833699999931 ], [ 134.443482, -6.266937199999973 ], [ 134.441249200000016, -6.268497599999932 ], [ 134.432022300000085, -6.265740899999969 ], [ 134.424576100000081, -6.259888199999978 ], [ 134.400025, -6.257786 ], [ 134.396754400000077, -6.254941599999938 ], [ 134.3871904, -6.229703099999938 ], [ 134.383956500000068, -6.228918 ], [ 134.381718200000023, -6.235166399999969 ], [ 134.369634100000098, -6.225329099999954 ], [ 134.371343, -6.22013979999997 ], [ 134.370329100000049, -6.212839799999927 ], [ 134.368185700000026, -6.210027499999967 ], [ 134.359572900000103, -6.208089199999961 ], [ 134.353228800000011, -6.212689199999943 ], [ 134.34928160000004, -6.220525799999962 ], [ 134.345372600000019, -6.220170499999938 ], [ 134.344054300000039, -6.212689199999943 ], [ 134.342019400000027, -6.209051399999964 ], [ 134.336795, -6.208100799999954 ], [ 134.332448100000079, -6.210204099999942 ], [ 134.331724300000019, -6.20624 ], [ 134.322679900000026, -6.197414699999968 ], [ 134.315596300000038, -6.183939 ], [ 134.316032700000051, -6.17840469999993 ], [ 134.312381200000118, -6.171463199999948 ], [ 134.300333400000113, -6.161938299999974 ], [ 134.297647600000118, -6.155388 ], [ 134.294313800000054, -6.155424699999969 ], [ 134.289623400000096, -6.149198099999978 ], [ 134.283521700000051, -6.145933499999956 ], [ 134.287999200000058, -6.13760149999996 ], [ 134.288224300000024, -6.129002899999932 ], [ 134.287000100000114, -6.125466899999935 ] ] ], [ [ [ 134.287596500000063, -6.133606499999928 ], [ 134.285711000000106, -6.141349299999945 ], [ 134.281616, -6.145436899999936 ], [ 134.276647400000115, -6.139646699999957 ], [ 134.270276600000102, -6.139208399999973 ], [ 134.264832200000114, -6.12632229999997 ], [ 134.274035400000116, -6.118757599999981 ], [ 134.285334900000066, -6.125742399999979 ], [ 134.287596500000063, -6.133606499999928 ] ] ], [ [ [ 134.264374700000076, -6.125847199999953 ], [ 134.267064400000095, -6.119680699999947 ], [ 134.268289800000048, -6.118891699999949 ], [ 134.2679276, -6.123092499999927 ], [ 134.264374700000076, -6.125847199999953 ] ] ], [ [ [ 134.242299100000082, -6.114939599999957 ], [ 134.243008300000042, -6.111416 ], [ 134.247812600000088, -6.109564399999954 ], [ 134.245950300000118, -6.113599 ], [ 134.242299100000082, -6.114939599999957 ] ] ], [ [ [ 134.168309300000033, -5.914202199999977 ], [ 134.171849600000087, -5.917841299999964 ], [ 134.180523700000094, -5.919524899999942 ], [ 134.174011300000075, -5.922856799999977 ], [ 134.166670400000044, -5.922261 ], [ 134.164966, -5.918332199999952 ], [ 134.168309300000033, -5.914202199999977 ] ] ], [ [ [ 134.319025600000032, -5.859163299999977 ], [ 134.322721600000023, -5.861403699999926 ], [ 134.321591200000057, -5.863683399999957 ], [ 134.317712700000016, -5.86318179999995 ], [ 134.319025600000032, -5.859163299999977 ] ] ], [ [ [ 134.315198100000089, -5.831336399999941 ], [ 134.306001700000024, -5.832186799999931 ], [ 134.311157700000081, -5.837363 ], [ 134.3141716, -5.835320199999956 ], [ 134.313683300000093, -5.838873899999953 ], [ 134.311855100000116, -5.838710099999957 ], [ 134.3129245, -5.843719799999974 ], [ 134.303083300000026, -5.844030799999928 ], [ 134.303690500000016, -5.831268399999942 ], [ 134.306535200000098, -5.829728899999964 ], [ 134.315198100000089, -5.831336399999941 ] ] ], [ [ [ 134.251269, -5.792970399999945 ], [ 134.240989300000024, -5.809529899999973 ], [ 134.2417, -5.812645099999941 ], [ 134.251667200000043, -5.817181599999969 ], [ 134.248247500000048, -5.824251299999958 ], [ 134.243000800000118, -5.828145799999959 ], [ 134.22178370000006, -5.825065 ], [ 134.206762800000092, -5.835643399999981 ], [ 134.191635100000099, -5.830706199999952 ], [ 134.186744100000055, -5.818546499999968 ], [ 134.194968400000107, -5.768152 ], [ 134.19246720000001, -5.765479299999981 ], [ 134.192739900000106, -5.761049 ], [ 134.195823500000074, -5.750727899999958 ], [ 134.227760300000114, -5.759532599999943 ], [ 134.2385011, -5.756812299999979 ], [ 134.238026600000012, -5.761371499999939 ], [ 134.249545500000067, -5.771920399999942 ], [ 134.252355600000101, -5.782054199999948 ], [ 134.249422300000106, -5.784054899999944 ], [ 134.251886100000092, -5.785776299999952 ], [ 134.251269, -5.792970399999945 ] ] ], [ [ [ 134.323060700000042, -5.777999699999953 ], [ 134.313384900000074, -5.775146699999937 ], [ 134.321693100000061, -5.770267699999977 ], [ 134.323060700000042, -5.777999699999953 ] ] ], [ [ [ 134.327162200000089, -5.767140199999972 ], [ 134.326950900000043, -5.769438199999968 ], [ 134.323182300000099, -5.769949399999973 ], [ 134.3241997, -5.767471 ], [ 134.327162200000089, -5.767140199999972 ] ] ], [ [ [ 134.31355, -5.751839899999936 ], [ 134.306244400000082, -5.755748399999959 ], [ 134.3035767, -5.751697199999967 ], [ 134.299529500000062, -5.756393099999968 ], [ 134.297772200000054, -5.754105799999934 ], [ 134.29177130000005, -5.757232299999941 ], [ 134.287712100000022, -5.752975599999957 ], [ 134.288941400000112, -5.74485459999994 ], [ 134.2846015, -5.75663579999997 ], [ 134.282386400000064, -5.75565359999996 ], [ 134.282326200000057, -5.751736199999925 ], [ 134.280106100000012, -5.754736699999967 ], [ 134.274360300000012, -5.755912399999943 ], [ 134.271438500000045, -5.753093499999977 ], [ 134.269110500000011, -5.757407499999943 ], [ 134.260740400000032, -5.759021099999927 ], [ 134.256524100000092, -5.751828 ], [ 134.255448600000022, -5.755020499999944 ], [ 134.244751900000097, -5.746319799999981 ], [ 134.238748500000042, -5.746731299999965 ], [ 134.217835500000092, -5.726917799999967 ], [ 134.214629500000115, -5.721154 ], [ 134.211534300000039, -5.720496899999944 ], [ 134.216724400000089, -5.704289199999948 ], [ 134.24003330000005, -5.669056099999978 ], [ 134.251783300000056, -5.662086399999964 ], [ 134.25436220000006, -5.671928 ], [ 134.262514200000055, -5.67658849999998 ], [ 134.263367300000027, -5.679898099999946 ], [ 134.28159770000002, -5.684598799999947 ], [ 134.275323600000092, -5.688132899999971 ], [ 134.274596100000053, -5.691721399999949 ], [ 134.277176200000099, -5.688301499999966 ], [ 134.282225800000106, -5.687852599999928 ], [ 134.283657100000028, -5.683778199999949 ], [ 134.294252300000039, -5.684254299999964 ], [ 134.299398500000052, -5.68879979999997 ], [ 134.295478100000082, -5.689796299999955 ], [ 134.294701900000064, -5.68806189999998 ], [ 134.290783500000089, -5.690704699999969 ], [ 134.292482100000029, -5.694114199999945 ], [ 134.297644400000081, -5.695327599999928 ], [ 134.304951, -5.703797599999973 ], [ 134.31435440000007, -5.704468199999951 ], [ 134.317415500000038, -5.71417329999997 ], [ 134.32964010000012, -5.720591 ], [ 134.334973500000046, -5.727867199999935 ], [ 134.343840500000056, -5.72731529999993 ], [ 134.347607500000095, -5.72261229999998 ], [ 134.360919800000033, -5.716072 ], [ 134.363097100000118, -5.713318699999945 ], [ 134.361952600000109, -5.71080569999998 ], [ 134.366103, -5.710608 ], [ 134.359449, -5.707573 ], [ 134.36413210000012, -5.70291229999998 ], [ 134.352450200000021, -5.69860129999995 ], [ 134.355309, -5.685881 ], [ 134.363081200000011, -5.677756799999941 ], [ 134.370194800000036, -5.675572099999954 ], [ 134.396517100000096, -5.653999599999963 ], [ 134.405967300000043, -5.64978659999997 ], [ 134.405645400000026, -5.647720399999969 ], [ 134.410533800000053, -5.646146299999941 ], [ 134.415984300000105, -5.639503 ], [ 134.418877900000098, -5.629774099999963 ], [ 134.417656, -5.62701839999994 ], [ 134.4242263000001, -5.622224299999971 ], [ 134.42541760000006, -5.611884199999963 ], [ 134.433543800000052, -5.599160499999925 ], [ 134.430548900000076, -5.595702599999925 ], [ 134.422586600000045, -5.594392699999958 ], [ 134.41794660000005, -5.596841899999959 ], [ 134.4206249, -5.592831499999932 ], [ 134.425293200000056, -5.593599899999958 ], [ 134.429136800000038, -5.589479799999935 ], [ 134.433786600000076, -5.588969799999973 ], [ 134.435852, -5.581294 ], [ 134.445350500000018, -5.574559199999953 ], [ 134.443496, -5.568209399999944 ], [ 134.452426200000104, -5.552027 ], [ 134.44819480000001, -5.544610399999954 ], [ 134.450972800000045, -5.543235699999968 ], [ 134.449020500000074, -5.540147 ], [ 134.451281200000039, -5.534295699999973 ], [ 134.45726250000007, -5.528657599999974 ], [ 134.459452200000101, -5.53129139999993 ], [ 134.455874100000074, -5.543822 ], [ 134.46403690000011, -5.560638399999959 ], [ 134.469591300000047, -5.563628 ], [ 134.479615600000102, -5.563208199999963 ], [ 134.480877400000054, -5.565734299999974 ], [ 134.481996800000047, -5.559513899999956 ], [ 134.479723, -5.557913 ], [ 134.487175900000011, -5.554199299999937 ], [ 134.492377800000099, -5.535871799999939 ], [ 134.496159700000021, -5.532875599999954 ], [ 134.504554100000064, -5.531588 ], [ 134.502695600000038, -5.54593159999996 ], [ 134.504585, -5.555454199999929 ], [ 134.51364500000011, -5.564801399999965 ], [ 134.516470800000093, -5.564503 ], [ 134.521619000000101, -5.556898899999965 ], [ 134.527781400000094, -5.565607399999976 ], [ 134.526313900000105, -5.579592 ], [ 134.527593400000114, -5.583451399999944 ], [ 134.532043300000055, -5.586354799999981 ], [ 134.531402600000092, -5.593610599999977 ], [ 134.534562500000106, -5.604083599999967 ], [ 134.53293860000008, -5.606555199999946 ], [ 134.533486700000026, -5.626762499999927 ], [ 134.544408400000066, -5.639135499999952 ], [ 134.546374200000059, -5.650653599999941 ], [ 134.56055820000006, -5.651206 ], [ 134.57260650000012, -5.656184499999938 ], [ 134.571720500000083, -5.666266199999939 ], [ 134.576667, -5.677050699999938 ], [ 134.588743100000102, -5.686437199999943 ], [ 134.594610300000113, -5.702252599999952 ], [ 134.606577400000106, -5.713165299999957 ], [ 134.610125900000071, -5.721401599999979 ], [ 134.615434700000037, -5.725491499999976 ], [ 134.619950900000049, -5.724626699999931 ], [ 134.625059400000055, -5.715667199999928 ], [ 134.637386700000093, -5.713786699999957 ], [ 134.648980400000028, -5.72781139999995 ], [ 134.6604522, -5.724492399999974 ], [ 134.660684900000092, -5.729566899999952 ], [ 134.655130500000041, -5.736734099999978 ], [ 134.656647200000066, -5.741858899999954 ], [ 134.654321200000027, -5.747179199999948 ], [ 134.661099800000102, -5.753302199999951 ], [ 134.668536400000107, -5.754297399999928 ], [ 134.669185, -5.760132699999929 ], [ 134.675522700000101, -5.772721899999965 ], [ 134.681958700000109, -5.771696499999962 ], [ 134.688914200000113, -5.77637169999997 ], [ 134.687924300000077, -5.784251499999925 ], [ 134.690185, -5.797043699999961 ], [ 134.696696600000109, -5.805967299999963 ], [ 134.71298, -5.816393099999971 ], [ 134.705361100000118, -5.825106699999935 ], [ 134.699368, -5.825382699999977 ], [ 134.690092100000015, -5.83284169999996 ], [ 134.687507200000027, -5.83542749999998 ], [ 134.689206500000068, -5.83915159999998 ], [ 134.686999600000036, -5.841800699999965 ], [ 134.671685300000036, -5.845515099999943 ], [ 134.669602400000031, -5.851319399999966 ], [ 134.655042700000081, -5.857053099999973 ], [ 134.644069400000035, -5.869039099999952 ], [ 134.638035700000046, -5.870382699999936 ], [ 134.625261800000089, -5.878707199999951 ], [ 134.6071478, -5.895523699999956 ], [ 134.604052, -5.905458499999952 ], [ 134.584996100000012, -5.929894799999943 ], [ 134.580197100000078, -5.932527599999958 ], [ 134.56852640000011, -5.931410899999946 ], [ 134.562949900000035, -5.929375499999935 ], [ 134.555519200000049, -5.921076399999947 ], [ 134.538620400000013, -5.915985099999943 ], [ 134.531472700000108, -5.917925599999933 ], [ 134.516218800000047, -5.929911499999946 ], [ 134.505630200000041, -5.946532899999966 ], [ 134.486364700000081, -5.959396499999968 ], [ 134.468539300000089, -5.956298499999946 ], [ 134.466008300000112, -5.962982199999942 ], [ 134.462533100000087, -5.963410499999952 ], [ 134.465087500000095, -5.965189099999975 ], [ 134.466222400000106, -5.97089909999994 ], [ 134.464507500000082, -5.975321899999926 ], [ 134.451238300000114, -5.987154699999962 ], [ 134.450093200000083, -5.991863399999943 ], [ 134.440386600000011, -6.004413199999931 ], [ 134.436963800000058, -6.005694099999971 ], [ 134.438673400000084, -6.006837699999949 ], [ 134.437813500000061, -6.011261199999979 ], [ 134.433674100000076, -6.01625219999994 ], [ 134.417985300000055, -6.022800899999936 ], [ 134.390588500000035, -6.020256499999959 ], [ 134.389508200000023, -6.016599 ], [ 134.389217800000097, -6.019893099999933 ], [ 134.383350200000109, -6.015912199999946 ], [ 134.37195220000001, -6.019504499999925 ], [ 134.3715118, -6.009670099999937 ], [ 134.370554300000094, -6.019433099999958 ], [ 134.35354360000008, -6.034904599999948 ], [ 134.348752300000115, -6.032529 ], [ 134.345788, -6.025892899999974 ], [ 134.349597900000049, -6.013796599999978 ], [ 134.35070840000003, -6.012979499999972 ], [ 134.350775200000044, -6.011926799999969 ], [ 134.348348400000077, -6.014591199999927 ], [ 134.343973800000072, -6.029222799999957 ], [ 134.341834, -6.026000899999929 ], [ 134.325990200000092, -6.018560199999968 ], [ 134.32063160000007, -6.017297599999949 ], [ 134.3112129000001, -6.021522299999958 ], [ 134.307650700000067, -6.018074799999965 ], [ 134.303954600000111, -6.019727799999941 ], [ 134.30079180000007, -6.017434899999955 ], [ 134.303322300000104, -6.016156499999965 ], [ 134.301795700000071, -6.01462429999998 ], [ 134.303584800000067, -6.010035899999934 ], [ 134.308173700000111, -6.007363899999973 ], [ 134.316309400000023, -5.993794399999956 ], [ 134.327399100000093, -5.96777359999993 ], [ 134.329116800000065, -5.956872399999952 ], [ 134.336577200000079, -5.94633129999994 ], [ 134.329372100000114, -5.944416499999932 ], [ 134.328929300000027, -5.940887499999974 ], [ 134.315929, -5.939321499999949 ], [ 134.311229400000116, -5.928031899999951 ], [ 134.302013100000067, -5.924959099999967 ], [ 134.300008300000059, -5.928786099999968 ], [ 134.296949, -5.925670599999933 ], [ 134.293454000000111, -5.916109199999937 ], [ 134.296880800000054, -5.909401399999979 ], [ 134.298226500000055, -5.898290199999963 ], [ 134.302710700000034, -5.897851299999957 ], [ 134.316731200000049, -5.903869699999973 ], [ 134.310392700000079, -5.896082799999931 ], [ 134.3362902, -5.881756399999972 ], [ 134.33932440000001, -5.868468899999925 ], [ 134.331041900000059, -5.862063699999965 ], [ 134.3315483, -5.858876199999941 ], [ 134.346695400000044, -5.849329799999964 ], [ 134.347363700000074, -5.846124599999939 ], [ 134.354350600000089, -5.849016499999948 ], [ 134.3607809, -5.846358499999951 ], [ 134.371905300000094, -5.848337399999934 ], [ 134.373869600000035, -5.847684099999981 ], [ 134.37147, -5.847463 ], [ 134.371760100000074, -5.840768199999957 ], [ 134.374516900000117, -5.836548299999947 ], [ 134.373233500000083, -5.833035199999927 ], [ 134.366578900000036, -5.82996049999997 ], [ 134.3616905, -5.831445099999939 ], [ 134.358184100000017, -5.827675299999953 ], [ 134.362102800000116, -5.823776599999974 ], [ 134.360554200000024, -5.819329699999969 ], [ 134.376754100000085, -5.820370199999957 ], [ 134.369346700000051, -5.815738899999928 ], [ 134.379158500000017, -5.813527199999953 ], [ 134.373614, -5.810098299999936 ], [ 134.374503900000036, -5.808098899999948 ], [ 134.378409800000099, -5.808192099999928 ], [ 134.378002200000083, -5.80468129999997 ], [ 134.372951600000079, -5.802126399999963 ], [ 134.368426500000055, -5.805069399999979 ], [ 134.369317200000069, -5.80240329999998 ], [ 134.374603, -5.79880849999995 ], [ 134.390982600000029, -5.797315 ], [ 134.412370300000021, -5.788142599999958 ], [ 134.420054800000116, -5.789015799999959 ], [ 134.422636100000091, -5.78614 ], [ 134.430773800000111, -5.793385499999943 ], [ 134.442529600000057, -5.800045499999953 ], [ 134.436619200000109, -5.793706099999952 ], [ 134.42705, -5.788959699999964 ], [ 134.423623600000042, -5.784105599999975 ], [ 134.418662400000017, -5.787032299999964 ], [ 134.416653200000042, -5.784049399999958 ], [ 134.399690700000065, -5.789100599999927 ], [ 134.39276730000006, -5.788604199999952 ], [ 134.367043500000023, -5.769102099999941 ], [ 134.36426090000009, -5.77310929999993 ], [ 134.357141800000022, -5.77545159999994 ], [ 134.337500800000043, -5.795965799999976 ], [ 134.334306300000094, -5.797708599999964 ], [ 134.327641900000117, -5.795306599999947 ], [ 134.325673500000107, -5.790793 ], [ 134.327259800000093, -5.785996599999976 ], [ 134.332820300000094, -5.786281 ], [ 134.333431700000119, -5.783736799999929 ], [ 134.329368600000066, -5.783404099999927 ], [ 134.322845100000109, -5.787248499999976 ], [ 134.322467800000027, -5.784835099999952 ], [ 134.330614, -5.777594699999952 ], [ 134.334459800000104, -5.777925699999969 ], [ 134.336489100000108, -5.77068079999998 ], [ 134.331540700000119, -5.765647599999966 ], [ 134.329583400000047, -5.767081699999949 ], [ 134.32365470000002, -5.764201899999932 ], [ 134.324499800000012, -5.760618399999942 ], [ 134.326460600000019, -5.760662599999932 ], [ 134.324966500000073, -5.757347899999957 ], [ 134.318357600000013, -5.765360799999939 ], [ 134.317514700000061, -5.761638199999936 ], [ 134.313598600000091, -5.765616199999954 ], [ 134.306884600000103, -5.765412199999957 ], [ 134.307806100000107, -5.75805459999998 ], [ 134.314692400000013, -5.753466599999967 ], [ 134.31355, -5.751839899999936 ] ] ], [ [ [ 134.312878300000079, -5.625166399999955 ], [ 134.312220900000057, -5.627128299999981 ], [ 134.311310500000104, -5.625545799999941 ], [ 134.312878300000079, -5.625166399999955 ] ] ], [ [ [ 134.345065500000032, -5.583753499999943 ], [ 134.341598800000043, -5.587455299999931 ], [ 134.340830800000049, -5.59704679999993 ], [ 134.332532700000115, -5.606043199999931 ], [ 134.324857600000087, -5.611527299999977 ], [ 134.311033200000111, -5.612757899999963 ], [ 134.294126500000061, -5.621785699999975 ], [ 134.289058600000089, -5.626270599999941 ], [ 134.285158900000056, -5.638428199999964 ], [ 134.276408900000092, -5.645552599999974 ], [ 134.267924200000039, -5.643768299999977 ], [ 134.261851100000058, -5.636939599999948 ], [ 134.24599760000001, -5.629297599999973 ], [ 134.243578300000081, -5.622483599999953 ], [ 134.251491200000032, -5.610350099999948 ], [ 134.256762600000116, -5.614869899999974 ], [ 134.282209600000101, -5.607708 ], [ 134.304045, -5.563722299999938 ], [ 134.310697800000071, -5.564193 ], [ 134.323111500000095, -5.560018199999945 ], [ 134.337492000000111, -5.567749 ], [ 134.341810200000054, -5.56712 ], [ 134.3476773000001, -5.574488199999962 ], [ 134.345065500000032, -5.583753499999943 ] ] ], [ [ [ 134.266829100000109, -5.538998599999957 ], [ 134.256209100000092, -5.554064599999947 ], [ 134.253935600000091, -5.553311699999938 ], [ 134.2533558, -5.542940499999929 ], [ 134.256728100000032, -5.526751899999965 ], [ 134.254410100000086, -5.510094 ], [ 134.249617700000044, -5.505615099999943 ], [ 134.25041120000003, -5.499481099999969 ], [ 134.253615600000103, -5.487200199999961 ], [ 134.270809400000076, -5.48355689999994 ], [ 134.276305200000024, -5.487766799999974 ], [ 134.28245440000012, -5.500132699999938 ], [ 134.285795900000039, -5.522948799999938 ], [ 134.275741200000084, -5.530252599999926 ], [ 134.273731500000054, -5.535920399999952 ], [ 134.266829100000109, -5.538998599999957 ] ] ], [ [ [ 134.413332800000035, -6.729622199999937 ], [ 134.414531200000056, -6.734784599999955 ], [ 134.410827500000096, -6.738048699999979 ], [ 134.413332800000035, -6.729622199999937 ] ] ], [ [ [ 134.345012000000111, -6.395745899999952 ], [ 134.34017920000008, -6.397600099999977 ], [ 134.340466100000071, -6.392998399999954 ], [ 134.343480500000055, -6.393166699999938 ], [ 134.345012000000111, -6.395745899999952 ] ] ], [ [ [ 134.361464800000022, -6.364165 ], [ 134.366694, -6.356195299999968 ], [ 134.362129700000082, -6.351146 ], [ 134.364908200000059, -6.34693539999995 ], [ 134.373462600000039, -6.355706199999929 ], [ 134.376246200000082, -6.362098199999934 ], [ 134.375861200000031, -6.36424 ], [ 134.377003800000011, -6.368028599999946 ], [ 134.373780200000056, -6.377550199999973 ], [ 134.364498300000037, -6.378119099999935 ], [ 134.361464800000022, -6.364165 ] ] ], [ [ [ 134.359678800000097, -6.362682399999926 ], [ 134.348759100000052, -6.367066899999941 ], [ 134.346870800000033, -6.360367099999962 ], [ 134.352573100000086, -6.352750199999946 ], [ 134.359758, -6.352967 ], [ 134.363184200000092, -6.358950899999968 ], [ 134.359678800000097, -6.362682399999926 ] ] ], [ [ [ 134.344558300000017, -6.353135899999927 ], [ 134.341034, -6.361212699999953 ], [ 134.334472000000119, -6.367181 ], [ 134.331374400000072, -6.366049499999974 ], [ 134.330348800000024, -6.360317 ], [ 134.333833800000093, -6.352335399999959 ], [ 134.339469700000109, -6.352231599999925 ], [ 134.342068300000051, -6.356004699999971 ], [ 134.342277400000057, -6.353194799999926 ], [ 134.344558300000017, -6.353135899999927 ] ] ], [ [ [ 134.33143860000007, -6.349095499999976 ], [ 134.327967700000045, -6.347792499999969 ], [ 134.329096900000081, -6.342565 ], [ 134.332533100000092, -6.343552099999954 ], [ 134.333546100000035, -6.346852199999944 ], [ 134.33143860000007, -6.349095499999976 ] ] ], [ [ [ 134.339070500000048, -6.338938499999927 ], [ 134.340515300000106, -6.317039799999975 ], [ 134.350722100000098, -6.31935969999995 ], [ 134.355965100000049, -6.323559499999931 ], [ 134.355730900000026, -6.331778 ], [ 134.351013900000112, -6.34156 ], [ 134.34345020000012, -6.342782499999942 ], [ 134.339070500000048, -6.338938499999927 ] ] ], [ [ [ 134.361186400000065, -6.328497199999958 ], [ 134.359624200000098, -6.332811799999945 ], [ 134.356724700000086, -6.331803599999944 ], [ 134.358293900000035, -6.325889399999937 ], [ 134.361186400000065, -6.328497199999958 ] ] ], [ [ [ 134.368863800000099, -6.224071699999968 ], [ 134.368857300000059, -6.220046399999944 ], [ 134.370473500000116, -6.219709099999932 ], [ 134.368863800000099, -6.224071699999968 ] ] ], [ [ [ 134.358801800000037, -6.221186299999943 ], [ 134.359247700000083, -6.221452499999941 ], [ 134.358829700000115, -6.22140109999998 ], [ 134.358801800000037, -6.221186299999943 ] ] ], [ [ [ 134.357310200000029, -6.221235299999933 ], [ 134.357558500000096, -6.221490099999926 ], [ 134.357298700000115, -6.221455799999944 ], [ 134.357310200000029, -6.221235299999933 ] ] ], [ [ [ 134.365234100000066, -6.221659 ], [ 134.364597700000104, -6.219996099999946 ], [ 134.365253800000119, -6.219380599999965 ], [ 134.365234100000066, -6.221659 ] ] ], [ [ [ 134.362698200000068, -6.221135799999956 ], [ 134.362685600000077, -6.217500499999971 ], [ 134.363358600000083, -6.216873799999973 ], [ 134.364445200000091, -6.219990199999927 ], [ 134.362698200000068, -6.221135799999956 ] ] ], [ [ [ 134.338785500000085, -6.220088799999928 ], [ 134.337340900000072, -6.218775299999947 ], [ 134.339023700000098, -6.219382399999972 ], [ 134.338785500000085, -6.220088799999928 ] ] ], [ [ [ 134.361609700000031, -6.219562799999949 ], [ 134.362260800000058, -6.218444199999965 ], [ 134.361909, -6.219676199999981 ], [ 134.361609700000031, -6.219562799999949 ] ] ], [ [ [ 134.352962700000035, -6.217760099999964 ], [ 134.353114700000106, -6.21818989999997 ], [ 134.352758900000026, -6.218076399999973 ], [ 134.352962700000035, -6.217760099999964 ] ] ], [ [ [ 134.355314600000042, -6.220991099999935 ], [ 134.353948600000081, -6.215358499999979 ], [ 134.358567300000118, -6.21278609999996 ], [ 134.359160400000064, -6.217451 ], [ 134.355314600000042, -6.220991099999935 ] ] ], [ [ [ 134.361543500000039, -6.218302 ], [ 134.360161200000107, -6.21675689999995 ], [ 134.361259100000098, -6.215192199999933 ], [ 134.361543500000039, -6.218302 ] ] ], [ [ [ 134.366801, -6.219993 ], [ 134.366401900000028, -6.213649299999929 ], [ 134.366781, -6.213140899999928 ], [ 134.368855500000109, -6.216852099999926 ], [ 134.366801, -6.219993 ] ] ], [ [ [ 134.3637036, -6.21656889999997 ], [ 134.363409700000034, -6.216687299999933 ], [ 134.363393, -6.216489399999944 ], [ 134.3637036, -6.21656889999997 ] ] ], [ [ [ 134.341149900000119, -6.217700299999933 ], [ 134.338281900000084, -6.216221099999927 ], [ 134.339763300000072, -6.215216599999962 ], [ 134.341149900000119, -6.217700299999933 ] ] ], [ [ [ 134.36817520000011, -6.214131899999927 ], [ 134.368486100000041, -6.213974 ], [ 134.368722700000035, -6.214505699999961 ], [ 134.36817520000011, -6.214131899999927 ] ] ], [ [ [ 134.365155600000094, -6.216519799999958 ], [ 134.361646300000075, -6.212648499999943 ], [ 134.365128200000072, -6.211058399999956 ], [ 134.365155600000094, -6.216519799999958 ] ] ], [ [ [ 134.34293080000009, -6.21667919999993 ], [ 134.340089, -6.21227719999996 ], [ 134.340736800000059, -6.20917419999995 ], [ 134.343946600000095, -6.213 ], [ 134.34293080000009, -6.21667919999993 ] ] ], [ [ [ 134.368131200000107, -6.213136899999938 ], [ 134.368793500000038, -6.211956099999952 ], [ 134.368961500000069, -6.21322269999996 ], [ 134.368131200000107, -6.213136899999938 ] ] ], [ [ [ 134.339604, -6.211541599999975 ], [ 134.336555400000066, -6.214489 ], [ 134.33494850000011, -6.211931599999957 ], [ 134.337398400000097, -6.208943899999952 ], [ 134.339604, -6.211541599999975 ] ] ], [ [ [ 134.360116900000094, -6.211335099999928 ], [ 134.360455500000057, -6.211669 ], [ 134.360184200000049, -6.211781799999926 ], [ 134.360116900000094, -6.211335099999928 ] ] ], [ [ [ 134.367398500000036, -6.211688699999968 ], [ 134.367744300000027, -6.210648799999944 ], [ 134.368669600000089, -6.211690199999964 ], [ 134.367398500000036, -6.211688699999968 ] ] ], [ [ [ 134.333351600000015, -6.210527499999955 ], [ 134.333701200000064, -6.211019799999974 ], [ 134.333232400000043, -6.210974 ], [ 134.333351600000015, -6.210527499999955 ] ] ], [ [ [ 134.33934540000007, -6.210540599999945 ], [ 134.3388609000001, -6.209511099999929 ], [ 134.339713500000016, -6.209857 ], [ 134.33934540000007, -6.210540599999945 ] ] ], [ [ [ 134.347814300000095, -6.036672899999928 ], [ 134.349188, -6.037044899999955 ], [ 134.348575700000083, -6.03777969999993 ], [ 134.347814300000095, -6.036672899999928 ] ] ], [ [ [ 134.326609100000042, -5.776248899999928 ], [ 134.328037800000061, -5.771705099999963 ], [ 134.330786900000021, -5.771406699999943 ], [ 134.330699300000106, -5.774958399999946 ], [ 134.326609100000042, -5.776248899999928 ] ] ], [ [ [ 134.345633200000066, -5.697845299999926 ], [ 134.337975800000095, -5.703653299999928 ], [ 134.334097600000064, -5.701691499999981 ], [ 134.331300300000066, -5.69322509999995 ], [ 134.345499700000119, -5.694233799999949 ], [ 134.345633200000066, -5.697845299999926 ] ] ], [ [ [ 134.514518400000043, -7.064119199999936 ], [ 134.526160800000071, -7.06597759999994 ], [ 134.533914100000061, -7.075494499999934 ], [ 134.532380300000113, -7.083385299999975 ], [ 134.525215900000035, -7.086287399999947 ], [ 134.522152600000027, -7.099301499999967 ], [ 134.518275200000062, -7.095143099999973 ], [ 134.502014600000052, -7.090140599999927 ], [ 134.494804400000021, -7.09160989999998 ], [ 134.491757700000107, -7.088744599999927 ], [ 134.475863700000104, -7.086880599999972 ], [ 134.485642800000051, -7.071095499999956 ], [ 134.483462300000042, -7.068701899999951 ], [ 134.484667200000104, -7.065472 ], [ 134.493726300000048, -7.063173799999959 ], [ 134.504530700000032, -7.070755799999972 ], [ 134.514518400000043, -7.064119199999936 ] ] ], [ [ [ 134.527156700000091, -6.950341099999946 ], [ 134.516140700000051, -6.953136599999937 ], [ 134.509712300000047, -6.951061899999956 ], [ 134.492635300000074, -6.953924399999948 ], [ 134.489949, -6.95167859999998 ], [ 134.489215100000024, -6.940439499999968 ], [ 134.49095130000012, -6.936863899999935 ], [ 134.495223700000111, -6.937445399999945 ], [ 134.495110100000034, -6.935598899999945 ], [ 134.502505300000053, -6.931683 ], [ 134.506429900000057, -6.933533499999953 ], [ 134.512092300000063, -6.930077299999937 ], [ 134.516121800000064, -6.942198699999949 ], [ 134.520583100000067, -6.945681499999978 ], [ 134.529968600000075, -6.947094199999981 ], [ 134.527156700000091, -6.950341099999946 ] ] ], [ [ [ 134.540869, -6.910766799999976 ], [ 134.529700500000104, -6.919323399999939 ], [ 134.520686800000021, -6.916212399999949 ], [ 134.522987, -6.907130199999926 ], [ 134.527709200000118, -6.915037699999971 ], [ 134.540873900000065, -6.905670599999951 ], [ 134.545529500000043, -6.906192 ], [ 134.548555400000055, -6.910700299999974 ], [ 134.540869, -6.910766799999976 ] ] ], [ [ [ 134.478785300000027, -6.830651699999976 ], [ 134.482521500000075, -6.83207989999994 ], [ 134.482660800000076, -6.83564819999998 ], [ 134.4802611, -6.834290499999952 ], [ 134.478785300000027, -6.830651699999976 ] ] ], [ [ [ 134.544395100000088, -6.763908099999981 ], [ 134.53761170000007, -6.771428199999946 ], [ 134.534486800000082, -6.777231399999948 ], [ 134.522805200000107, -6.783120799999949 ], [ 134.513290700000084, -6.783339299999966 ], [ 134.509423500000025, -6.778282 ], [ 134.513489200000095, -6.768160499999965 ], [ 134.522415400000114, -6.760899499999937 ], [ 134.516864400000031, -6.759150599999941 ], [ 134.520915400000035, -6.751433599999928 ], [ 134.530996800000025, -6.751290799999936 ], [ 134.533655300000078, -6.747599399999956 ], [ 134.547848400000021, -6.751761399999964 ], [ 134.552474900000107, -6.750045299999954 ], [ 134.55300550000004, -6.75789489999994 ], [ 134.544395100000088, -6.763908099999981 ] ] ], [ [ [ 134.527214100000037, -6.734350199999938 ], [ 134.528678300000024, -6.749539 ], [ 134.518190100000083, -6.751007199999947 ], [ 134.513776700000108, -6.75513 ], [ 134.491968300000053, -6.755550199999959 ], [ 134.48644830000012, -6.762802099999931 ], [ 134.475977400000033, -6.760725599999944 ], [ 134.474787300000116, -6.756277699999941 ], [ 134.478449500000011, -6.742682599999966 ], [ 134.487419300000056, -6.734444399999973 ], [ 134.493753900000115, -6.719129299999963 ], [ 134.501819400000045, -6.719809599999962 ], [ 134.506922500000087, -6.715880899999945 ], [ 134.511502300000075, -6.71645929999994 ], [ 134.513648900000021, -6.720896699999969 ], [ 134.51104220000002, -6.727792799999975 ], [ 134.512384900000029, -6.730400599999939 ], [ 134.527214100000037, -6.734350199999938 ] ] ], [ [ [ 134.446096200000056, -6.725824499999931 ], [ 134.441964600000119, -6.727060899999969 ], [ 134.439422, -6.718991899999935 ], [ 134.447211300000049, -6.719717599999967 ], [ 134.446096200000056, -6.725824499999931 ] ] ], [ [ [ 134.472591200000011, -6.700693899999976 ], [ 134.471072200000094, -6.704737699999953 ], [ 134.468249900000046, -6.705078699999945 ], [ 134.467360100000064, -6.700467299999957 ], [ 134.470322500000066, -6.697855599999968 ], [ 134.472591200000011, -6.700693899999976 ] ] ], [ [ [ 134.480845, -6.705780299999958 ], [ 134.473353100000054, -6.695932 ], [ 134.480099700000096, -6.694562899999937 ], [ 134.4852816, -6.68651129999995 ], [ 134.494773100000089, -6.681985299999951 ], [ 134.49476, -6.694715899999949 ], [ 134.484696400000075, -6.708674599999938 ], [ 134.480566900000099, -6.708395 ], [ 134.480845, -6.705780299999958 ] ] ], [ [ [ 134.510062300000072, -6.711216199999967 ], [ 134.498195200000055, -6.704507599999943 ], [ 134.490881800000011, -6.70471509999993 ], [ 134.499499300000025, -6.691176299999938 ], [ 134.503694600000017, -6.690105299999971 ], [ 134.501530100000082, -6.673743 ], [ 134.5086473, -6.660642199999927 ], [ 134.523876700000073, -6.675445199999956 ], [ 134.528063400000065, -6.69006539999998 ], [ 134.510062300000072, -6.711216199999967 ] ] ], [ [ [ 134.530651800000101, -6.655948299999977 ], [ 134.531434500000046, -6.660589699999946 ], [ 134.529294500000105, -6.661475499999938 ], [ 134.529077100000109, -6.656673199999943 ], [ 134.530651800000101, -6.655948299999977 ] ] ], [ [ [ 134.591687800000045, -6.629673099999934 ], [ 134.587665600000037, -6.623139099999946 ], [ 134.58298810000008, -6.619434499999954 ], [ 134.582920300000069, -6.610140699999931 ], [ 134.587203300000056, -6.604192 ], [ 134.594460600000048, -6.603359199999943 ], [ 134.601837, -6.598838199999932 ], [ 134.606595900000116, -6.604192 ], [ 134.601931300000047, -6.615640399999961 ], [ 134.603383600000029, -6.618706699999962 ], [ 134.591687800000045, -6.629673099999934 ] ] ], [ [ [ 134.596116700000039, -6.518352799999946 ], [ 134.577566200000092, -6.545686299999943 ], [ 134.573547, -6.546799199999953 ], [ 134.559719200000018, -6.544160599999941 ], [ 134.563396400000101, -6.539199799999949 ], [ 134.557702100000029, -6.54131579999995 ], [ 134.548776700000076, -6.536954399999956 ], [ 134.558838200000082, -6.518544799999972 ], [ 134.56464660000006, -6.513191699999936 ], [ 134.572013200000015, -6.512863099999947 ], [ 134.578379500000096, -6.507398699999953 ], [ 134.58250820000012, -6.508518399999957 ], [ 134.588973900000042, -6.517900499999939 ], [ 134.596116700000039, -6.518352799999946 ] ] ], [ [ [ 134.520051800000033, -6.529604399999926 ], [ 134.514072500000111, -6.52866169999993 ], [ 134.51463590000003, -6.523080899999968 ], [ 134.520152500000108, -6.514721699999939 ], [ 134.520417, -6.509402699999953 ], [ 134.527986100000021, -6.497083599999939 ], [ 134.525755000000117, -6.488519899999972 ], [ 134.528615700000046, -6.480868 ], [ 134.535102300000062, -6.479706299999975 ], [ 134.541585, -6.482696199999964 ], [ 134.554178900000011, -6.486392 ], [ 134.575207500000033, -6.475399899999957 ], [ 134.583875700000021, -6.47413819999997 ], [ 134.582183700000087, -6.496015799999952 ], [ 134.577756200000067, -6.504394 ], [ 134.570875300000012, -6.511394099999961 ], [ 134.56487130000005, -6.511517499999968 ], [ 134.55672960000004, -6.518777 ], [ 134.548331700000062, -6.535391199999935 ], [ 134.538509800000043, -6.534906399999954 ], [ 134.531036400000062, -6.528094899999928 ], [ 134.522564500000044, -6.53078 ], [ 134.520385900000065, -6.526085399999943 ], [ 134.520051800000033, -6.529604399999926 ] ] ], [ [ [ 134.600181200000065, -6.459304699999961 ], [ 134.552841, -6.484828 ], [ 134.549496600000111, -6.481226099999958 ], [ 134.549307900000031, -6.476929799999937 ], [ 134.55271730000004, -6.471743199999935 ], [ 134.553534600000035, -6.464284 ], [ 134.548985800000082, -6.474496899999963 ], [ 134.545103100000119, -6.464925199999925 ], [ 134.541344900000013, -6.461289099999931 ], [ 134.548503600000117, -6.47487069999994 ], [ 134.548540800000069, -6.483461299999931 ], [ 134.531118900000024, -6.478503399999965 ], [ 134.528301300000066, -6.480467 ], [ 134.525158600000054, -6.489126 ], [ 134.527382900000021, -6.496780399999977 ], [ 134.519826100000046, -6.509633299999962 ], [ 134.519662100000119, -6.514522099999965 ], [ 134.513230800000088, -6.516907299999957 ], [ 134.509396600000059, -6.516489899999954 ], [ 134.506163500000071, -6.512803 ], [ 134.508404200000086, -6.504098299999953 ], [ 134.503613700000074, -6.49527519999998 ], [ 134.493787100000077, -6.489945499999976 ], [ 134.48498040000004, -6.490568199999927 ], [ 134.480816400000094, -6.487907099999973 ], [ 134.481084500000065, -6.480629499999964 ], [ 134.473285300000043, -6.468119299999955 ], [ 134.471289600000091, -6.455503499999963 ], [ 134.4748614, -6.454837399999974 ], [ 134.477528700000107, -6.450769299999934 ], [ 134.483594700000026, -6.453857599999935 ], [ 134.487625800000046, -6.437797299999943 ], [ 134.495832, -6.433389499999976 ], [ 134.514823200000023, -6.407340899999951 ], [ 134.518714400000022, -6.397522399999957 ], [ 134.516003800000021, -6.37539959999998 ], [ 134.521477800000071, -6.368260499999963 ], [ 134.532991, -6.345275699999945 ], [ 134.537787200000025, -6.346954499999981 ], [ 134.5438368, -6.361707899999942 ], [ 134.577374400000053, -6.373332599999969 ], [ 134.581556100000057, -6.37981039999994 ], [ 134.596334, -6.384733899999958 ], [ 134.602411500000017, -6.398265599999945 ], [ 134.601519200000098, -6.406682299999943 ], [ 134.598642200000086, -6.40463109999996 ], [ 134.601795300000049, -6.407568599999934 ], [ 134.6006628, -6.414318799999933 ], [ 134.611811100000068, -6.428281 ], [ 134.607445600000119, -6.445803299999966 ], [ 134.600181200000065, -6.459304699999961 ] ] ], [ [ [ 134.500400500000069, -6.300317399999926 ], [ 134.525167500000066, -6.336642299999937 ], [ 134.533331500000031, -6.338913299999945 ], [ 134.52036140000007, -6.368929299999934 ], [ 134.516677800000025, -6.370488599999931 ], [ 134.5148881, -6.375286899999935 ], [ 134.516109700000015, -6.381427599999938 ], [ 134.513509200000044, -6.387518899999975 ], [ 134.517210200000022, -6.397726199999966 ], [ 134.494779300000118, -6.432711799999936 ], [ 134.488049900000078, -6.434758099999954 ], [ 134.483031900000015, -6.446176399999956 ], [ 134.477063300000054, -6.449367799999948 ], [ 134.463912100000016, -6.443983 ], [ 134.457824200000118, -6.447454299999947 ], [ 134.448697300000049, -6.447879299999954 ], [ 134.430922600000031, -6.428000099999963 ], [ 134.4304810000001, -6.423757799999976 ], [ 134.421458500000085, -6.409459599999934 ], [ 134.407301100000041, -6.397387899999956 ], [ 134.398823000000107, -6.395592099999931 ], [ 134.382526, -6.400707499999953 ], [ 134.368470900000034, -6.397230099999945 ], [ 134.367697300000032, -6.391089799999975 ], [ 134.371324600000094, -6.386595399999976 ], [ 134.377553400000011, -6.367678599999977 ], [ 134.3766266, -6.362073699999939 ], [ 134.374722, -6.356414 ], [ 134.368346, -6.348822499999926 ], [ 134.36382720000006, -6.346329 ], [ 134.365315900000041, -6.331367599999965 ], [ 134.37436660000003, -6.319881299999963 ], [ 134.388990600000056, -6.31219649999997 ], [ 134.391377600000055, -6.312302899999963 ], [ 134.403876400000058, -6.331235099999958 ], [ 134.398932700000046, -6.317355099999929 ], [ 134.401082300000098, -6.315022599999963 ], [ 134.400151700000038, -6.312593299999946 ], [ 134.3962322000001, -6.311748199999954 ], [ 134.406413900000075, -6.295137899999929 ], [ 134.421146600000043, -6.285474699999952 ], [ 134.433532500000069, -6.286461199999962 ], [ 134.439670700000079, -6.28412359999993 ], [ 134.449498700000049, -6.273864399999979 ], [ 134.459426800000074, -6.274209599999949 ], [ 134.476455200000032, -6.299818 ], [ 134.483246800000074, -6.302051899999981 ], [ 134.500400500000069, -6.300317399999926 ] ] ], [ [ [ 134.530155, -6.329047799999955 ], [ 134.536257200000023, -6.333126 ], [ 134.537536100000011, -6.337461299999973 ], [ 134.526756600000112, -6.335832499999981 ], [ 134.522015200000055, -6.327513099999976 ], [ 134.530155, -6.329047799999955 ] ] ], [ [ [ 134.522357100000022, -6.324628599999926 ], [ 134.53689, -6.308245599999964 ], [ 134.544764200000031, -6.302757799999938 ], [ 134.538522300000068, -6.320276799999931 ], [ 134.544061400000032, -6.330587399999956 ], [ 134.54269290000002, -6.333206899999936 ], [ 134.522357100000022, -6.324628599999926 ] ] ], [ [ [ 134.543641500000035, -5.635900299999946 ], [ 134.53556140000012, -5.627117099999964 ], [ 134.535751400000095, -5.599943 ], [ 134.533218500000089, -5.595456499999955 ], [ 134.533109500000023, -5.584232499999928 ], [ 134.529274800000053, -5.582106799999963 ], [ 134.529477600000064, -5.576094799999964 ], [ 134.533925600000089, -5.570540299999948 ], [ 134.547397200000091, -5.569137 ], [ 134.552096900000038, -5.560748699999976 ], [ 134.565981800000031, -5.568958299999963 ], [ 134.569579400000066, -5.563050199999964 ], [ 134.569501800000012, -5.569588899999928 ], [ 134.57245330000012, -5.571243 ], [ 134.581206400000042, -5.568777199999943 ], [ 134.582368400000064, -5.571629099999939 ], [ 134.58765910000011, -5.572807399999931 ], [ 134.592884200000071, -5.568760099999963 ], [ 134.594901100000016, -5.575513 ], [ 134.600128300000051, -5.568427499999927 ], [ 134.603834200000051, -5.568767599999944 ], [ 134.607144200000107, -5.569347099999959 ], [ 134.609511500000053, -5.571356599999945 ], [ 134.608467100000098, -5.574077599999953 ], [ 134.621344900000054, -5.583294699999954 ], [ 134.624376700000084, -5.584309399999938 ], [ 134.629600800000048, -5.581612099999973 ], [ 134.634557, -5.58469109999993 ], [ 134.639034300000048, -5.582630699999925 ], [ 134.641928900000039, -5.587736199999938 ], [ 134.6405449, -5.59309589999998 ], [ 134.642965000000117, -5.586872199999959 ], [ 134.641652400000112, -5.577848499999959 ], [ 134.651841600000012, -5.576055799999949 ], [ 134.653525500000114, -5.577407099999959 ], [ 134.651906200000099, -5.58313579999998 ], [ 134.654365700000085, -5.580952099999934 ], [ 134.659418600000095, -5.582811699999979 ], [ 134.660763700000075, -5.587538499999937 ], [ 134.664132300000119, -5.588721899999939 ], [ 134.663152300000093, -5.598297 ], [ 134.667330200000038, -5.59412489999994 ], [ 134.66834510000001, -5.586867699999971 ], [ 134.680015400000116, -5.58621729999993 ], [ 134.681211500000018, -5.582846099999927 ], [ 134.686710900000094, -5.581645299999934 ], [ 134.69008610000003, -5.593011699999977 ], [ 134.687488600000052, -5.598829299999977 ], [ 134.690069000000108, -5.615258399999959 ], [ 134.688178500000049, -5.599867199999949 ], [ 134.690463800000089, -5.593680199999937 ], [ 134.690000700000041, -5.586395599999946 ], [ 134.6982, -5.588943399999948 ], [ 134.694386200000054, -5.599434899999949 ], [ 134.712647100000027, -5.597524599999929 ], [ 134.718541300000084, -5.602422399999966 ], [ 134.714878500000054, -5.607157 ], [ 134.718034000000102, -5.606304199999954 ], [ 134.716618, -5.612070799999969 ], [ 134.729679600000054, -5.613135399999976 ], [ 134.741256, -5.633163699999955 ], [ 134.728960800000095, -5.644363599999963 ], [ 134.742083800000046, -5.634685799999943 ], [ 134.739058900000032, -5.620994 ], [ 134.744384200000013, -5.616396799999961 ], [ 134.750522900000078, -5.62988 ], [ 134.757436, -5.634517699999947 ], [ 134.757145200000082, -5.638899599999945 ], [ 134.763583700000027, -5.645833599999946 ], [ 134.762947900000086, -5.649867699999959 ], [ 134.760377200000107, -5.649688599999934 ], [ 134.758137300000044, -5.654731 ], [ 134.763611800000035, -5.658488899999952 ], [ 134.764028200000098, -5.665033499999936 ], [ 134.766913600000066, -5.668828499999961 ], [ 134.761570400000096, -5.671544499999925 ], [ 134.758029900000111, -5.668742899999927 ], [ 134.744509900000025, -5.674053199999946 ], [ 134.737870300000054, -5.67247 ], [ 134.732094300000085, -5.67402919999995 ], [ 134.734205400000064, -5.676727099999937 ], [ 134.733140400000025, -5.682155899999941 ], [ 134.728246900000045, -5.68493959999995 ], [ 134.731936900000051, -5.694085099999938 ], [ 134.725661100000025, -5.703821199999936 ], [ 134.733428200000048, -5.700662799999975 ], [ 134.736191800000029, -5.708377499999926 ], [ 134.731670500000064, -5.708612799999969 ], [ 134.732864, -5.71527089999995 ], [ 134.729979600000092, -5.715306299999952 ], [ 134.730644500000039, -5.717932899999937 ], [ 134.722281100000032, -5.734521799999925 ], [ 134.71529750000002, -5.742388699999935 ], [ 134.701353200000085, -5.737479599999972 ], [ 134.70145940000009, -5.731029699999965 ], [ 134.697923100000025, -5.726470599999971 ], [ 134.674670400000082, -5.723757299999932 ], [ 134.660852300000101, -5.724593299999981 ], [ 134.654636500000038, -5.721631199999933 ], [ 134.650741200000084, -5.725599899999963 ], [ 134.647372100000098, -5.72391 ], [ 134.639628400000106, -5.711752599999954 ], [ 134.62378810000007, -5.71326149999993 ], [ 134.616199100000017, -5.722708499999953 ], [ 134.610472500000014, -5.718822499999931 ], [ 134.598743800000079, -5.70031849999998 ], [ 134.597172800000067, -5.701428499999963 ], [ 134.594141600000057, -5.69889459999996 ], [ 134.5956605, -5.695351199999948 ], [ 134.589096500000096, -5.684881899999937 ], [ 134.579000300000075, -5.677093399999933 ], [ 134.572767700000099, -5.664278299999978 ], [ 134.574572800000055, -5.654486 ], [ 134.561153000000104, -5.649754099999939 ], [ 134.547337600000105, -5.649405899999977 ], [ 134.543641500000035, -5.635900299999946 ] ] ], [ [ [ 134.598967, -5.559771799999965 ], [ 134.597172000000114, -5.569382399999938 ], [ 134.592379900000083, -5.567240699999957 ], [ 134.5851685, -5.570331 ], [ 134.58104440000011, -5.566740899999957 ], [ 134.572397100000103, -5.569725 ], [ 134.568999100000042, -5.560315299999957 ], [ 134.565622900000108, -5.563952799999981 ], [ 134.55226110000001, -5.557386299999962 ], [ 134.548622200000068, -5.55926089999997 ], [ 134.544930200000067, -5.566826699999979 ], [ 134.542185700000118, -5.567823199999964 ], [ 134.539484, -5.56541569999996 ], [ 134.538327900000013, -5.567722 ], [ 134.531030500000043, -5.569337599999926 ], [ 134.529109400000038, -5.56267639999993 ], [ 134.523370600000021, -5.555476799999951 ], [ 134.5183326, -5.556593299999975 ], [ 134.513818400000105, -5.561865599999976 ], [ 134.50619590000008, -5.554381 ], [ 134.506071900000052, -5.545655799999963 ], [ 134.508935500000121, -5.538249599999972 ], [ 134.515598200000113, -5.531524799999943 ], [ 134.515277800000035, -5.526955499999929 ], [ 134.511675, -5.52396269999997 ], [ 134.518181, -5.517725499999926 ], [ 134.516644600000063, -5.514787399999932 ], [ 134.52039840000009, -5.511134299999981 ], [ 134.51466460000006, -5.512529 ], [ 134.502722700000049, -5.50795329999994 ], [ 134.499956800000064, -5.501747899999941 ], [ 134.5024462, -5.498669599999971 ], [ 134.502740800000083, -5.494516899999951 ], [ 134.504295500000012, -5.493168899999944 ], [ 134.505954700000075, -5.490886899999964 ], [ 134.506166200000052, -5.489437199999941 ], [ 134.52122, -5.48604389999997 ], [ 134.526471300000026, -5.489929899999936 ], [ 134.529794600000059, -5.489618499999949 ], [ 134.532063400000084, -5.48572809999996 ], [ 134.53324120000002, -5.479098099999931 ], [ 134.5365101000001, -5.479043499999932 ], [ 134.532965300000114, -5.478775 ], [ 134.52948020000008, -5.488707499999975 ], [ 134.52688820000003, -5.488250099999959 ], [ 134.522611700000084, -5.481701 ], [ 134.515837600000054, -5.479697099999953 ], [ 134.512214500000027, -5.485952099999963 ], [ 134.507306300000096, -5.484819399999935 ], [ 134.497693300000037, -5.488769199999979 ], [ 134.491884800000093, -5.486736199999939 ], [ 134.493395, -5.4845 ], [ 134.490930500000104, -5.484487299999955 ], [ 134.490899700000114, -5.479551799999967 ], [ 134.499742900000115, -5.475728499999946 ], [ 134.500441300000034, -5.471329899999944 ], [ 134.502842800000053, -5.470398799999941 ], [ 134.500661800000103, -5.467727799999977 ], [ 134.503482900000108, -5.460454499999969 ], [ 134.500825900000109, -5.456408099999976 ], [ 134.502732500000093, -5.450795099999937 ], [ 134.494204900000113, -5.446911099999966 ], [ 134.493473800000061, -5.443323299999975 ], [ 134.49587530000008, -5.441951 ], [ 134.493065400000091, -5.440007 ], [ 134.4907789, -5.432416499999931 ], [ 134.500037, -5.419764199999975 ], [ 134.508319500000084, -5.419666199999938 ], [ 134.519942800000081, -5.425422699999956 ], [ 134.530502900000101, -5.426516699999979 ], [ 134.5352861, -5.435140699999977 ], [ 134.539652400000023, -5.432616799999948 ], [ 134.542448100000115, -5.436660399999937 ], [ 134.550776, -5.43826219999994 ], [ 134.559818, -5.449881799999957 ], [ 134.554938900000025, -5.438934599999925 ], [ 134.555441100000053, -5.43483109999994 ], [ 134.559644400000025, -5.434417599999961 ], [ 134.569973200000049, -5.44145229999998 ], [ 134.578016400000024, -5.439248599999928 ], [ 134.569293900000048, -5.439103899999964 ], [ 134.56406990000005, -5.431378099999961 ], [ 134.571597200000042, -5.418678299999954 ], [ 134.579040100000043, -5.419616299999973 ], [ 134.583784400000013, -5.416290799999956 ], [ 134.589446, -5.423432899999966 ], [ 134.591135100000088, -5.416176199999938 ], [ 134.597536300000115, -5.414323799999977 ], [ 134.601744, -5.418546299999946 ], [ 134.597438, -5.422636199999943 ], [ 134.60780120000004, -5.42766469999998 ], [ 134.608641300000045, -5.430703499999936 ], [ 134.604415500000073, -5.43611489999995 ], [ 134.605226600000037, -5.441251 ], [ 134.602196200000094, -5.44423269999993 ], [ 134.604807600000072, -5.444486099999949 ], [ 134.604406100000119, -5.447105699999952 ], [ 134.607586900000115, -5.453413799999964 ], [ 134.6093849, -5.454808 ], [ 134.605866400000082, -5.446777899999972 ], [ 134.611841800000093, -5.430030399999964 ], [ 134.608273300000064, -5.421159799999941 ], [ 134.613195, -5.420916699999964 ], [ 134.628348800000026, -5.427508899999964 ], [ 134.647542200000089, -5.439166799999953 ], [ 134.652838300000099, -5.460711199999935 ], [ 134.644613500000105, -5.476274199999978 ], [ 134.648062, -5.473725399999978 ], [ 134.648219800000106, -5.475957499999936 ], [ 134.649281400000064, -5.47425759999993 ], [ 134.651720200000113, -5.475428099999931 ], [ 134.654084, -5.485924699999941 ], [ 134.65157140000008, -5.486277099999938 ], [ 134.654084400000102, -5.492095599999971 ], [ 134.651762700000063, -5.495531199999959 ], [ 134.655292700000018, -5.492563699999948 ], [ 134.660983000000101, -5.498419 ], [ 134.662060900000029, -5.504894099999945 ], [ 134.663502400000084, -5.50630179999996 ], [ 134.662014800000065, -5.510892299999966 ], [ 134.664248500000099, -5.506370299999958 ], [ 134.660651700000017, -5.488460299999929 ], [ 134.664492100000075, -5.481389499999977 ], [ 134.675560300000029, -5.490365899999972 ], [ 134.681798600000093, -5.507212199999969 ], [ 134.699095900000088, -5.512017599999979 ], [ 134.706009100000074, -5.517037599999981 ], [ 134.706444800000099, -5.519868899999949 ], [ 134.703669600000012, -5.519092 ], [ 134.699696900000049, -5.522932699999956 ], [ 134.699619900000016, -5.530469 ], [ 134.703173500000048, -5.53243939999993 ], [ 134.700994400000013, -5.535577099999955 ], [ 134.699548400000026, -5.535012499999937 ], [ 134.695000400000026, -5.536540899999977 ], [ 134.689819900000089, -5.534178199999928 ], [ 134.687986400000113, -5.537271399999952 ], [ 134.677572, -5.534958299999971 ], [ 134.673762800000077, -5.53842869999994 ], [ 134.678116600000067, -5.544182099999944 ], [ 134.676889100000039, -5.545656399999928 ], [ 134.684537800000044, -5.549912099999972 ], [ 134.69031, -5.558486899999934 ], [ 134.697668400000111, -5.562833699999942 ], [ 134.698156400000016, -5.567996299999947 ], [ 134.693492800000058, -5.571599399999968 ], [ 134.687222800000086, -5.569492899999943 ], [ 134.689247400000113, -5.563586399999963 ], [ 134.682948700000111, -5.559876 ], [ 134.684336500000086, -5.564547499999946 ], [ 134.681310500000109, -5.564627799999926 ], [ 134.68286240000009, -5.568316099999947 ], [ 134.679514300000051, -5.572164099999952 ], [ 134.671983, -5.571751699999936 ], [ 134.665278600000079, -5.568596299999967 ], [ 134.664626400000088, -5.565620299999978 ], [ 134.659461100000044, -5.57059419999996 ], [ 134.65772, -5.565486799999974 ], [ 134.655981000000111, -5.568286499999942 ], [ 134.655865, -5.558421299999964 ], [ 134.653318500000069, -5.559508199999925 ], [ 134.647919300000012, -5.551630899999964 ], [ 134.649109400000043, -5.559437599999967 ], [ 134.646560200000067, -5.565115899999967 ], [ 134.649749, -5.568532399999981 ], [ 134.645926800000098, -5.569330799999932 ], [ 134.648981, -5.570484099999931 ], [ 134.649148, -5.573016 ], [ 134.644040200000063, -5.573120699999947 ], [ 134.641052800000011, -5.569758099999945 ], [ 134.642178400000034, -5.573267399999963 ], [ 134.63864870000009, -5.572279 ], [ 134.637210100000061, -5.58100289999993 ], [ 134.633519500000034, -5.578718199999969 ], [ 134.628757700000051, -5.579669099999933 ], [ 134.62876140000003, -5.573690699999929 ], [ 134.626933800000074, -5.580664399999932 ], [ 134.620534300000031, -5.580834799999934 ], [ 134.612759200000028, -5.574005899999975 ], [ 134.611531100000093, -5.568973699999958 ], [ 134.600737200000026, -5.566476399999942 ], [ 134.598967, -5.559771799999965 ] ] ], [ [ [ 134.48120270000004, -5.532502199999954 ], [ 134.478588900000091, -5.527187399999946 ], [ 134.474087300000065, -5.52890089999994 ], [ 134.473361200000113, -5.526577499999973 ], [ 134.475829800000042, -5.525851499999931 ], [ 134.478269400000045, -5.519113599999969 ], [ 134.48469440000008, -5.516614 ], [ 134.485617100000013, -5.529743199999928 ], [ 134.48120270000004, -5.532502199999954 ] ] ], [ [ [ 134.500535900000045, -5.508951499999966 ], [ 134.51419490000012, -5.517864799999927 ], [ 134.507527800000048, -5.524438399999951 ], [ 134.498424800000066, -5.523876599999937 ], [ 134.495522600000072, -5.51444829999997 ], [ 134.497035700000083, -5.509934099999953 ], [ 134.500535900000045, -5.508951499999966 ] ] ], [ [ [ 134.504318, -5.490735299999926 ], [ 134.499106300000108, -5.50169 ], [ 134.498971600000118, -5.505438499999968 ], [ 134.491154700000038, -5.505377199999941 ], [ 134.485849500000086, -5.497325399999966 ], [ 134.485859500000061, -5.490948399999979 ], [ 134.489116100000047, -5.487213899999972 ], [ 134.497174900000118, -5.492524099999969 ], [ 134.504318, -5.490735299999926 ] ] ], [ [ [ 134.489654300000097, -5.437445499999967 ], [ 134.477731600000084, -5.454840699999977 ], [ 134.470711500000107, -5.457115399999964 ], [ 134.469236100000103, -5.459759199999951 ], [ 134.4621409, -5.460867299999961 ], [ 134.460338100000058, -5.452449 ], [ 134.466210700000033, -5.442438099999947 ], [ 134.492697500000077, -5.422251699999947 ], [ 134.494858600000043, -5.424170199999935 ], [ 134.489455800000087, -5.432814599999972 ], [ 134.489654300000097, -5.437445499999967 ] ] ], [ [ [ 134.558649600000081, -5.425201699999946 ], [ 134.5635009, -5.425844699999971 ], [ 134.561637100000098, -5.428411899999958 ], [ 134.557142100000078, -5.428676899999971 ], [ 134.558649600000081, -5.425201699999946 ] ] ], [ [ [ 134.593443900000011, -5.395472599999948 ], [ 134.592606900000078, -5.404924 ], [ 134.577995100000066, -5.401275699999928 ], [ 134.588539900000114, -5.393708099999969 ], [ 134.593443900000011, -5.395472599999948 ] ] ], [ [ [ 134.566863400000102, -5.398985099999948 ], [ 134.564513, -5.397999599999935 ], [ 134.565713900000105, -5.39705349999997 ], [ 134.566863400000102, -5.398985099999948 ] ] ], [ [ [ 134.595681200000058, -5.38190039999995 ], [ 134.603678900000091, -5.382285899999943 ], [ 134.604597700000113, -5.385594 ], [ 134.590022500000032, -5.391046099999926 ], [ 134.590292400000067, -5.386154199999964 ], [ 134.595681200000058, -5.38190039999995 ] ] ], [ [ [ 134.586268700000119, -5.356813299999942 ], [ 134.601377400000047, -5.358152 ], [ 134.604870000000119, -5.36578 ], [ 134.603590700000041, -5.370395599999938 ], [ 134.59617470000012, -5.37135619999998 ], [ 134.590977200000111, -5.380736799999966 ], [ 134.576894300000049, -5.394207499999936 ], [ 134.573160100000109, -5.393595699999935 ], [ 134.570282800000086, -5.395975399999941 ], [ 134.562687500000038, -5.392796699999963 ], [ 134.562611100000026, -5.387213499999973 ], [ 134.566703600000096, -5.385578199999941 ], [ 134.569852700000069, -5.37787979999996 ], [ 134.573869900000091, -5.37886919999994 ], [ 134.571160600000098, -5.375072099999954 ], [ 134.574624400000062, -5.372838399999978 ], [ 134.578111, -5.362048899999934 ], [ 134.586268700000119, -5.356813299999942 ] ] ], [ [ [ 134.478467100000103, -5.377551199999971 ], [ 134.468049700000051, -5.377102599999944 ], [ 134.468073000000118, -5.368096099999946 ], [ 134.471795900000075, -5.366683 ], [ 134.473359400000049, -5.372157299999969 ], [ 134.478467100000103, -5.377551199999971 ] ] ], [ [ [ 134.584949400000028, -5.328627499999925 ], [ 134.5981054, -5.336916499999973 ], [ 134.602522400000112, -5.351831599999969 ], [ 134.591770200000042, -5.354587899999956 ], [ 134.585036500000115, -5.352115399999946 ], [ 134.580387300000098, -5.351638699999967 ], [ 134.579780300000039, -5.356527599999936 ], [ 134.5734251, -5.361487299999965 ], [ 134.565185900000074, -5.377907499999935 ], [ 134.556447500000104, -5.385994799999935 ], [ 134.558062100000029, -5.38825049999997 ], [ 134.555987500000015, -5.39015859999995 ], [ 134.557916200000022, -5.393015199999979 ], [ 134.556932, -5.398529899999971 ], [ 134.551746800000046, -5.395718899999963 ], [ 134.550768, -5.399524699999972 ], [ 134.547514800000044, -5.398931399999981 ], [ 134.541956600000049, -5.410117699999944 ], [ 134.538663900000074, -5.41134779999993 ], [ 134.529105900000104, -5.407505699999945 ], [ 134.518876100000057, -5.399111499999947 ], [ 134.516293200000064, -5.399836 ], [ 134.503561000000104, -5.387182299999949 ], [ 134.502917600000046, -5.382333599999981 ], [ 134.506759300000112, -5.378832699999975 ], [ 134.50751230000003, -5.368438699999956 ], [ 134.515033400000107, -5.366489899999976 ], [ 134.514052200000037, -5.364188 ], [ 134.520225800000048, -5.363138399999968 ], [ 134.521725500000116, -5.360514799999976 ], [ 134.529370400000062, -5.364372399999979 ], [ 134.526087900000107, -5.35997679999997 ], [ 134.5264922, -5.355001699999946 ], [ 134.529959700000063, -5.355442599999947 ], [ 134.533663500000102, -5.351063599999975 ], [ 134.544333600000073, -5.348815699999932 ], [ 134.547454, -5.353315699999939 ], [ 134.546115400000076, -5.355533899999955 ], [ 134.551529200000118, -5.353886899999964 ], [ 134.548768600000017, -5.34909319999997 ], [ 134.550653300000022, -5.34624649999995 ], [ 134.547384100000045, -5.344769799999938 ], [ 134.547311500000092, -5.34182119999997 ], [ 134.549785800000109, -5.338818 ], [ 134.552858400000105, -5.339203299999951 ], [ 134.551927700000078, -5.33528309999997 ], [ 134.557683700000098, -5.32994709999997 ], [ 134.570123100000046, -5.325920399999973 ], [ 134.584949400000028, -5.328627499999925 ] ] ], [ [ [ 134.508107900000027, -5.367825699999969 ], [ 134.508484600000088, -5.367585799999972 ], [ 134.508296800000039, -5.367927699999939 ], [ 134.508107900000027, -5.367825699999969 ] ] ], [ [ [ 134.531762600000093, -5.35279509999998 ], [ 134.532089900000074, -5.352597499999945 ], [ 134.531931700000086, -5.35288 ], [ 134.531762600000093, -5.35279509999998 ] ] ], [ [ [ 134.581094600000029, -5.352522699999952 ], [ 134.581526200000098, -5.352477699999952 ], [ 134.581252300000074, -5.35289309999996 ], [ 134.581094600000029, -5.352522699999952 ] ] ], [ [ [ 134.5820930000001, -5.352565699999957 ], [ 134.582141400000069, -5.352003199999956 ], [ 134.583111300000041, -5.352394 ], [ 134.5820930000001, -5.352565699999957 ] ] ], [ [ [ 134.528006100000084, -5.330127199999936 ], [ 134.536054900000067, -5.332734099999925 ], [ 134.538674900000046, -5.334860499999934 ], [ 134.541178200000104, -5.338466799999935 ], [ 134.536034700000073, -5.333339 ], [ 134.534597400000052, -5.335612199999957 ], [ 134.529505800000038, -5.331144599999959 ], [ 134.527962100000082, -5.330494599999952 ], [ 134.526467300000036, -5.330458199999953 ], [ 134.528901700000119, -5.331884799999955 ], [ 134.521122800000057, -5.339409799999942 ], [ 134.513640200000054, -5.34133049999997 ], [ 134.5129875, -5.346308199999953 ], [ 134.510953200000017, -5.345591299999967 ], [ 134.510999800000036, -5.340149499999939 ], [ 134.516810100000043, -5.33260619999993 ], [ 134.523525800000016, -5.330316 ], [ 134.528006100000084, -5.330127199999936 ] ] ], [ [ [ 134.66987620000009, -7.011250599999926 ], [ 134.677785300000096, -7.003567399999952 ], [ 134.683559900000091, -7.007875899999931 ], [ 134.6830926, -7.012341699999979 ], [ 134.687254900000084, -7.019314099999974 ], [ 134.68273760000011, -7.024805199999946 ], [ 134.67361470000003, -7.022581099999968 ], [ 134.6696564, -7.016212399999972 ], [ 134.66987620000009, -7.011250599999926 ] ] ], [ [ [ 134.644025600000077, -6.869532799999945 ], [ 134.614903800000093, -6.897899699999925 ], [ 134.605892500000095, -6.902739299999951 ], [ 134.58523850000006, -6.883334 ], [ 134.586745600000086, -6.876526399999932 ], [ 134.590557800000056, -6.874683299999958 ], [ 134.604752600000097, -6.884735299999932 ], [ 134.622863500000108, -6.877555099999938 ], [ 134.626125700000102, -6.871711799999957 ], [ 134.63328730000012, -6.868716799999959 ], [ 134.635100900000111, -6.864818799999966 ], [ 134.632605, -6.854983199999936 ], [ 134.636301000000117, -6.853716499999962 ], [ 134.639762500000074, -6.857065899999952 ], [ 134.646230900000091, -6.854185599999937 ], [ 134.647269, -6.855686599999956 ], [ 134.646110500000077, -6.860879 ], [ 134.640798, -6.862029099999972 ], [ 134.644374200000016, -6.866532499999948 ], [ 134.651077900000018, -6.857882099999927 ], [ 134.661879900000031, -6.853882399999975 ], [ 134.661249200000043, -6.843579199999965 ], [ 134.680529800000045, -6.846939099999929 ], [ 134.684103900000082, -6.855250599999977 ], [ 134.659275, -6.859503599999925 ], [ 134.656385300000011, -6.86365619999998 ], [ 134.644025600000077, -6.869532799999945 ] ] ], [ [ [ 134.641093400000045, -6.845763 ], [ 134.644310800000085, -6.843827399999952 ], [ 134.646611800000073, -6.84651139999994 ], [ 134.642272300000059, -6.850396299999943 ], [ 134.641093400000045, -6.845763 ] ] ], [ [ [ 134.711173700000018, -6.730091 ], [ 134.70186590000003, -6.736532599999975 ], [ 134.694877400000109, -6.745422299999973 ], [ 134.691588600000046, -6.753801 ], [ 134.692741900000101, -6.755677 ], [ 134.686964400000079, -6.763896 ], [ 134.684936600000015, -6.775291 ], [ 134.673531400000115, -6.782063499999936 ], [ 134.665309500000035, -6.776287699999955 ], [ 134.653762200000074, -6.779453199999978 ], [ 134.641366400000038, -6.758959799999957 ], [ 134.635298700000021, -6.757119299999943 ], [ 134.624574400000029, -6.759026499999948 ], [ 134.622609500000067, -6.755195 ], [ 134.623333800000069, -6.751589199999955 ], [ 134.628387800000041, -6.747265299999981 ], [ 134.635618300000033, -6.726642099999935 ], [ 134.636055, -6.721593499999926 ], [ 134.628294800000049, -6.719382 ], [ 134.626341700000012, -6.715672699999971 ], [ 134.627516600000035, -6.710334499999931 ], [ 134.645414600000095, -6.704404199999942 ], [ 134.666128500000013, -6.67588539999997 ], [ 134.672601400000076, -6.662271799999928 ], [ 134.673534700000118, -6.647154299999954 ], [ 134.676077900000109, -6.641154799999981 ], [ 134.67623140000012, -6.635176599999966 ], [ 134.672676100000103, -6.630064899999979 ], [ 134.679406700000072, -6.624827 ], [ 134.686759900000084, -6.591967 ], [ 134.694721, -6.58920489999997 ], [ 134.693712300000016, -6.587329 ], [ 134.69937880000009, -6.580560099999957 ], [ 134.709480100000064, -6.57833039999997 ], [ 134.728011600000059, -6.585349599999972 ], [ 134.729202800000053, -6.596561399999928 ], [ 134.740194600000109, -6.60015919999995 ], [ 134.74977, -6.606694899999979 ], [ 134.761082200000033, -6.623789399999964 ], [ 134.756690400000025, -6.630748199999971 ], [ 134.744925900000112, -6.638425299999938 ], [ 134.739142900000047, -6.647387899999956 ], [ 134.73839380000004, -6.66020489999994 ], [ 134.74037880000003, -6.66760869999996 ], [ 134.737571200000048, -6.671083899999928 ], [ 134.738593500000093, -6.682149399999957 ], [ 134.736213200000066, -6.687471799999969 ], [ 134.738120500000036, -6.70136969999993 ], [ 134.725394800000117, -6.705119499999967 ], [ 134.713706600000023, -6.715617599999973 ], [ 134.710635100000104, -6.721586299999956 ], [ 134.708065500000089, -6.722038 ], [ 134.706870700000081, -6.719040299999961 ], [ 134.705772100000104, -6.722710099999972 ], [ 134.7116009, -6.725606399999947 ], [ 134.711173700000018, -6.730091 ] ] ], [ [ [ 134.739370600000029, -6.480917099999942 ], [ 134.740718100000095, -6.485543 ], [ 134.746284, -6.487281399999972 ], [ 134.746077300000024, -6.495389699999976 ], [ 134.750936700000011, -6.504919499999971 ], [ 134.756406500000026, -6.50999 ], [ 134.75761870000008, -6.518099 ], [ 134.765113400000018, -6.527832699999976 ], [ 134.763489600000071, -6.532697 ], [ 134.751322300000083, -6.539733299999966 ], [ 134.75071360000004, -6.546272399999964 ], [ 134.745846300000039, -6.551540399999965 ], [ 134.736926500000095, -6.553968299999951 ], [ 134.731135000000108, -6.552941399999952 ], [ 134.725107900000012, -6.543883899999969 ], [ 134.721933300000046, -6.542608499999972 ], [ 134.701552000000106, -6.557872499999974 ], [ 134.6874649, -6.560426699999937 ], [ 134.683003700000086, -6.563464499999952 ], [ 134.67559330000006, -6.562008399999968 ], [ 134.66794880000009, -6.55718939999997 ], [ 134.666189300000042, -6.549061299999948 ], [ 134.667417700000101, -6.530615599999976 ], [ 134.660243700000024, -6.509484199999974 ], [ 134.656289700000116, -6.501620699999933 ], [ 134.651957, -6.498333799999955 ], [ 134.640727900000115, -6.498294499999929 ], [ 134.639214800000104, -6.496059699999932 ], [ 134.638105800000062, -6.486235599999929 ], [ 134.642019700000105, -6.475298699999939 ], [ 134.650391100000093, -6.473518499999955 ], [ 134.657090200000084, -6.469169499999964 ], [ 134.665691400000014, -6.457119299999931 ], [ 134.689122600000019, -6.44224509999998 ], [ 134.693824100000029, -6.442572299999938 ], [ 134.709220300000084, -6.45312279999996 ], [ 134.730610700000057, -6.473730899999964 ], [ 134.729795500000023, -6.482163699999944 ], [ 134.724763600000074, -6.492378099999939 ], [ 134.731092300000114, -6.48281309999993 ], [ 134.732394000000113, -6.474218399999927 ], [ 134.739370600000029, -6.480917099999942 ] ] ], [ [ [ 134.626385800000094, -6.502091499999949 ], [ 134.620782, -6.504077699999925 ], [ 134.614075100000036, -6.501847 ], [ 134.594219800000019, -6.517681499999981 ], [ 134.588974900000039, -6.516672599999936 ], [ 134.585519800000043, -6.510753499999964 ], [ 134.581058400000074, -6.507066099999975 ], [ 134.579161400000089, -6.506729599999971 ], [ 134.585308900000086, -6.495683499999927 ], [ 134.586885700000039, -6.478159199999936 ], [ 134.589901700000041, -6.474812799999938 ], [ 134.604527400000052, -6.467345299999977 ], [ 134.620042500000068, -6.463785 ], [ 134.627195200000074, -6.449725099999966 ], [ 134.635906200000022, -6.448599899999977 ], [ 134.642146600000046, -6.453531199999929 ], [ 134.6433637, -6.462169299999971 ], [ 134.633638, -6.480204599999979 ], [ 134.626385800000094, -6.502091499999949 ] ] ], [ [ [ 134.681674600000065, -5.963985199999968 ], [ 134.678513300000077, -5.962264599999969 ], [ 134.678164700000025, -5.959646699999951 ], [ 134.681674600000065, -5.963985199999968 ] ] ], [ [ [ 134.690211700000077, -5.966042399999935 ], [ 134.682787700000063, -5.962922899999967 ], [ 134.678957, -5.956673199999955 ], [ 134.689249100000097, -5.960704599999929 ], [ 134.690211700000077, -5.966042399999935 ] ] ], [ [ [ 134.655845500000055, -5.95860829999998 ], [ 134.6565164000001, -5.959074 ], [ 134.656103300000041, -5.959073799999942 ], [ 134.655845500000055, -5.95860829999998 ] ] ], [ [ [ 134.659658, -5.934786799999927 ], [ 134.655457500000011, -5.933766499999933 ], [ 134.657379400000082, -5.930511099999933 ], [ 134.659658, -5.934786799999927 ] ] ], [ [ [ 134.635720500000048, -5.928179199999931 ], [ 134.635805600000026, -5.927512099999944 ], [ 134.636019800000099, -5.92815109999998 ], [ 134.635720500000048, -5.928179199999931 ] ] ], [ [ [ 134.63462010000012, -5.92702509999998 ], [ 134.634530500000096, -5.925922499999956 ], [ 134.635094200000026, -5.927398499999981 ], [ 134.63462010000012, -5.92702509999998 ] ] ], [ [ [ 134.634766800000079, -5.928971799999943 ], [ 134.618605800000068, -5.937947299999962 ], [ 134.611787900000081, -5.933629099999962 ], [ 134.62436880000007, -5.909913699999947 ], [ 134.627241800000093, -5.908118399999978 ], [ 134.631906, -5.912075499999958 ], [ 134.626876100000118, -5.918182899999977 ], [ 134.634766800000079, -5.928971799999943 ] ] ], [ [ [ 134.730450100000098, -5.889362699999936 ], [ 134.723529500000041, -5.886057499999936 ], [ 134.719372900000053, -5.888000299999931 ], [ 134.718977100000075, -5.889142199999981 ], [ 134.719800600000099, -5.890725699999962 ], [ 134.709242400000107, -5.889755299999933 ], [ 134.71319050000011, -5.89857 ], [ 134.709687800000097, -5.902378899999974 ], [ 134.712067800000113, -5.907717399999967 ], [ 134.71101560000011, -5.91151629999996 ], [ 134.714096200000085, -5.916063599999973 ], [ 134.725961700000084, -5.923227499999939 ], [ 134.722121400000105, -5.924435499999959 ], [ 134.722661200000061, -5.928879699999925 ], [ 134.72841, -5.927876199999957 ], [ 134.748495300000059, -5.94008679999996 ], [ 134.740003300000012, -5.938409299999933 ], [ 134.740237500000035, -5.944685299999946 ], [ 134.734669300000064, -5.945609799999943 ], [ 134.73624790000008, -5.951010099999962 ], [ 134.731838, -5.950329499999953 ], [ 134.73636840000006, -5.958772899999929 ], [ 134.745625500000074, -5.967314699999974 ], [ 134.741097, -5.966413599999953 ], [ 134.73889720000011, -5.972942799999942 ], [ 134.732975700000111, -5.979758599999968 ], [ 134.723021700000118, -5.975807199999963 ], [ 134.721354800000086, -5.977779599999963 ], [ 134.711879200000112, -5.977243199999975 ], [ 134.700167300000089, -5.966381499999954 ], [ 134.6953052, -5.956134 ], [ 134.693744300000048, -5.960345299999972 ], [ 134.679275, -5.953750299999967 ], [ 134.673201300000073, -5.940081299999974 ], [ 134.668318400000089, -5.937602 ], [ 134.6666887, -5.933852499999944 ], [ 134.657645700000103, -5.929092099999934 ], [ 134.654617300000041, -5.931911499999956 ], [ 134.64304960000004, -5.928444 ], [ 134.637424600000031, -5.929978199999937 ], [ 134.634068700000057, -5.924096 ], [ 134.628110100000072, -5.918131499999959 ], [ 134.645096500000022, -5.901806699999952 ], [ 134.649628, -5.900442399999974 ], [ 134.652214800000024, -5.895585099999948 ], [ 134.649697300000071, -5.890535199999931 ], [ 134.651402200000121, -5.884920099999931 ], [ 134.650276500000018, -5.874074299999961 ], [ 134.64624230000004, -5.869634799999972 ], [ 134.648608300000092, -5.86500209999997 ], [ 134.655011800000011, -5.859287399999971 ], [ 134.660427400000117, -5.858797699999968 ], [ 134.659542800000054, -5.856233499999973 ], [ 134.671262500000012, -5.851310599999977 ], [ 134.67264380000006, -5.846282799999926 ], [ 134.68807060000006, -5.845817299999965 ], [ 134.698154700000032, -5.84219429999996 ], [ 134.704146300000048, -5.832022 ], [ 134.724387900000011, -5.834004299999947 ], [ 134.754318300000023, -5.846028299999944 ], [ 134.755693300000075, -5.848791199999937 ], [ 134.750903900000026, -5.854067899999961 ], [ 134.750869500000022, -5.858360499999947 ], [ 134.758098500000074, -5.867097 ], [ 134.767993400000023, -5.873450599999956 ], [ 134.769048400000088, -5.88242379999997 ], [ 134.772897400000033, -5.88656409999993 ], [ 134.770115100000112, -5.890416099999925 ], [ 134.766973300000018, -5.889431 ], [ 134.763502500000072, -5.89220279999995 ], [ 134.763679800000091, -5.893636099999981 ], [ 134.761441200000036, -5.893245099999945 ], [ 134.761606300000039, -5.89664879999998 ], [ 134.756786900000066, -5.897186699999963 ], [ 134.756501100000037, -5.898554799999943 ], [ 134.75539230000004, -5.897081499999956 ], [ 134.753047, -5.901076799999942 ], [ 134.751675500000033, -5.899753199999964 ], [ 134.749427700000069, -5.900950799999976 ], [ 134.746346500000072, -5.897076499999969 ], [ 134.74381, -5.899964499999953 ], [ 134.73926640000002, -5.896326899999963 ], [ 134.738180700000044, -5.899764 ], [ 134.741193200000112, -5.905419299999949 ], [ 134.739081600000077, -5.905124299999954 ], [ 134.738848900000107, -5.907566699999961 ], [ 134.732878700000015, -5.899897199999941 ], [ 134.728695400000106, -5.89842509999994 ], [ 134.730450100000098, -5.889362699999936 ] ] ], [ [ [ 134.603403400000047, -5.939826 ], [ 134.587735200000111, -5.933611699999972 ], [ 134.593129800000042, -5.920315899999935 ], [ 134.601751700000023, -5.911695299999963 ], [ 134.610737500000027, -5.895526199999949 ], [ 134.622948600000086, -5.886548199999936 ], [ 134.629415800000061, -5.877925599999969 ], [ 134.641517400000112, -5.870968 ], [ 134.645613100000105, -5.871601599999963 ], [ 134.648463400000082, -5.874734899999964 ], [ 134.650583800000049, -5.88365749999997 ], [ 134.649192700000071, -5.891166 ], [ 134.651333200000067, -5.894574899999952 ], [ 134.63487520000001, -5.910024699999951 ], [ 134.632265700000062, -5.910997399999928 ], [ 134.628313300000059, -5.906795299999942 ], [ 134.624729700000103, -5.907038299999954 ], [ 134.608524400000078, -5.935887499999978 ], [ 134.603403400000047, -5.939826 ] ] ], [ [ [ 134.688780400000041, -5.844161199999974 ], [ 134.690325900000062, -5.839138699999978 ], [ 134.688942400000087, -5.836036699999966 ], [ 134.694297400000096, -5.832518199999981 ], [ 134.695639300000039, -5.828869199999929 ], [ 134.699149900000066, -5.827001899999971 ], [ 134.705321600000048, -5.827888199999961 ], [ 134.697052700000086, -5.840773899999931 ], [ 134.688780400000041, -5.844161199999974 ] ] ], [ [ [ 134.675018100000102, -5.726949 ], [ 134.69334050000009, -5.729552799999965 ], [ 134.700790600000119, -5.739251799999977 ], [ 134.721939900000052, -5.748492499999941 ], [ 134.726941500000066, -5.747931 ], [ 134.733008800000107, -5.737838699999941 ], [ 134.7419499, -5.741236599999979 ], [ 134.74169720000009, -5.760184299999935 ], [ 134.745408000000111, -5.76824849999997 ], [ 134.747461, -5.785245099999941 ], [ 134.73880680000002, -5.797651599999938 ], [ 134.740351900000064, -5.801383899999962 ], [ 134.734339100000057, -5.80248359999996 ], [ 134.735675400000105, -5.805893599999933 ], [ 134.731224800000064, -5.810194099999933 ], [ 134.728154200000063, -5.808988399999976 ], [ 134.726313000000118, -5.810689299999979 ], [ 134.721968100000026, -5.806361899999956 ], [ 134.716776600000117, -5.813070599999946 ], [ 134.713569800000073, -5.813402499999938 ], [ 134.69705010000007, -5.804766 ], [ 134.691612900000109, -5.795626399999946 ], [ 134.68894350000005, -5.783746 ], [ 134.692469900000106, -5.776635299999953 ], [ 134.687796500000104, -5.775372 ], [ 134.684078900000031, -5.770835499999976 ], [ 134.676959900000043, -5.771900099999925 ], [ 134.670170800000051, -5.758824299999958 ], [ 134.669548900000109, -5.75314039999995 ], [ 134.660656400000107, -5.751412099999925 ], [ 134.656337, -5.746134499999926 ], [ 134.659603200000106, -5.733189 ], [ 134.665919900000063, -5.735031599999957 ], [ 134.675018100000102, -5.726949 ] ] ], [ [ [ 134.664326300000084, -5.566297499999962 ], [ 134.665036900000018, -5.568535699999927 ], [ 134.664823200000114, -5.568731699999944 ], [ 134.663515400000051, -5.568356499999936 ], [ 134.664326300000084, -5.566297499999962 ] ] ], [ [ [ 134.702377600000091, -5.541893899999934 ], [ 134.698603600000069, -5.547080899999969 ], [ 134.69127990000004, -5.544825 ], [ 134.690290000000118, -5.536066399999925 ], [ 134.695366600000057, -5.536908199999971 ], [ 134.699135600000091, -5.535808799999927 ], [ 134.702377600000091, -5.541893899999934 ] ] ], [ [ [ 134.661336100000085, -5.470492699999966 ], [ 134.658979600000066, -5.473113499999954 ], [ 134.657201100000066, -5.471591599999954 ], [ 134.657673500000101, -5.469232 ], [ 134.661336100000085, -5.470492699999966 ] ] ], [ [ [ 134.685884300000112, -5.463740799999925 ], [ 134.690014900000051, -5.471085099999925 ], [ 134.688337600000068, -5.476118799999938 ], [ 134.685563500000058, -5.476746699999978 ], [ 134.682374700000082, -5.469979699999953 ], [ 134.685884300000112, -5.463740799999925 ] ] ], [ [ [ 134.673422600000094, -5.475429099999928 ], [ 134.674998800000026, -5.464049699999975 ], [ 134.681699200000025, -5.460801799999956 ], [ 134.68043590000002, -5.47459379999998 ], [ 134.677294200000119, -5.477633799999978 ], [ 134.673422600000094, -5.475429099999928 ] ] ], [ [ [ 134.655954900000097, -5.454362499999945 ], [ 134.65012210000009, -5.447141899999963 ], [ 134.651510700000017, -5.442519899999979 ], [ 134.662191900000039, -5.445251499999927 ], [ 134.66605990000005, -5.455887299999972 ], [ 134.668586100000084, -5.456226299999969 ], [ 134.674161500000082, -5.463996799999961 ], [ 134.669105400000035, -5.474640099999931 ], [ 134.664421900000093, -5.473903199999938 ], [ 134.656264, -5.462937899999929 ], [ 134.655954900000097, -5.454362499999945 ] ] ], [ [ [ 134.646282200000087, -5.413669 ], [ 134.651336400000105, -5.42224189999996 ], [ 134.650332200000094, -5.424648499999932 ], [ 134.643671, -5.42186849999996 ], [ 134.642142500000091, -5.413923799999964 ], [ 134.646282200000087, -5.413669 ] ] ], [ [ [ 134.640691200000106, -5.416355599999974 ], [ 134.640364700000077, -5.419867899999929 ], [ 134.635961300000076, -5.420084299999928 ], [ 134.637251300000116, -5.416198 ], [ 134.640691200000106, -5.416355599999974 ] ] ], [ [ [ 134.628238900000042, -5.39748359999993 ], [ 134.6310353, -5.409779899999933 ], [ 134.629577800000106, -5.413096399999972 ], [ 134.624874800000043, -5.414155099999959 ], [ 134.617628600000103, -5.406786299999965 ], [ 134.622397500000034, -5.401594699999976 ], [ 134.621271900000011, -5.399582599999974 ], [ 134.628238900000042, -5.39748359999993 ] ] ], [ [ [ 134.648056100000076, -5.405141 ], [ 134.646039200000018, -5.406078 ], [ 134.646040300000095, -5.404273799999942 ], [ 134.648056100000076, -5.405141 ] ] ], [ [ [ 134.68301550000001, -5.398723199999949 ], [ 134.6808367000001, -5.400910199999942 ], [ 134.677360100000101, -5.39835979999998 ], [ 134.68178510000007, -5.39709419999997 ], [ 134.68301550000001, -5.398723199999949 ] ] ], [ [ [ 134.656944100000032, -5.387348799999927 ], [ 134.672067300000094, -5.397822699999949 ], [ 134.676824, -5.403890499999932 ], [ 134.676426400000082, -5.406437399999959 ], [ 134.67204, -5.406608899999981 ], [ 134.663079, -5.40038039999996 ], [ 134.651098400000024, -5.397057599999926 ], [ 134.652335200000039, -5.389711 ], [ 134.656944100000032, -5.387348799999927 ] ] ], [ [ [ 134.610569500000111, -5.389274399999977 ], [ 134.620254700000032, -5.397713299999964 ], [ 134.610788800000023, -5.408086599999933 ], [ 134.60640960000012, -5.408006 ], [ 134.595789500000024, -5.401612899999975 ], [ 134.596603900000105, -5.398581499999977 ], [ 134.593545900000095, -5.392671099999973 ], [ 134.605302, -5.386972599999979 ], [ 134.609004900000059, -5.381369199999938 ], [ 134.61215720000007, -5.383173399999976 ], [ 134.613058500000079, -5.387462399999947 ], [ 134.610569500000111, -5.389274399999977 ] ] ], [ [ [ 134.684578700000088, -5.392320899999959 ], [ 134.685744200000045, -5.394047399999977 ], [ 134.683693100000028, -5.392169199999955 ], [ 134.684578700000088, -5.392320899999959 ] ] ], [ [ [ 134.623205100000064, -5.388725399999942 ], [ 134.625366700000086, -5.391794 ], [ 134.623201800000061, -5.396393599999953 ], [ 134.615773900000022, -5.39111239999994 ], [ 134.618609400000082, -5.387726 ], [ 134.623205100000064, -5.388725399999942 ] ] ], [ [ [ 134.679401400000074, -5.389383799999962 ], [ 134.682361, -5.393515599999944 ], [ 134.677760800000101, -5.395429799999931 ], [ 134.669888700000115, -5.38915389999994 ], [ 134.6718714000001, -5.386940099999947 ], [ 134.679401400000074, -5.389383799999962 ] ] ], [ [ [ 134.681853900000078, -5.389475399999981 ], [ 134.682207400000038, -5.389797099999953 ], [ 134.68190340000001, -5.389571599999954 ], [ 134.681853900000078, -5.389475399999981 ] ] ], [ [ [ 134.7078007, -5.376523899999938 ], [ 134.699612800000068, -5.378561 ], [ 134.702341700000034, -5.372946499999955 ], [ 134.706662400000027, -5.373956499999963 ], [ 134.7078007, -5.376523899999938 ] ] ], [ [ [ 134.608070700000098, -5.369013299999949 ], [ 134.610547400000087, -5.37082689999994 ], [ 134.609342900000115, -5.375441199999955 ], [ 134.604420600000026, -5.373773 ], [ 134.608070700000098, -5.369013299999949 ] ] ], [ [ [ 134.723994800000014, -6.86969229999994 ], [ 134.730440300000055, -6.867450599999927 ], [ 134.743031900000119, -6.870116499999938 ], [ 134.74628430000007, -6.868700099999955 ], [ 134.744098700000109, -6.865271899999925 ], [ 134.748062300000015, -6.860606 ], [ 134.752729300000055, -6.867403499999966 ], [ 134.751426, -6.872543499999949 ], [ 134.7459258, -6.875908599999946 ], [ 134.715316, -6.875987299999963 ], [ 134.69836290000012, -6.871952299999975 ], [ 134.686814300000037, -6.858501899999965 ], [ 134.693318500000032, -6.857028899999932 ], [ 134.695206800000051, -6.862643399999968 ], [ 134.699285300000042, -6.86406409999995 ], [ 134.703246400000012, -6.870362599999964 ], [ 134.718262600000116, -6.865080099999943 ], [ 134.723994800000014, -6.86969229999994 ] ] ], [ [ [ 134.735630600000036, -6.585680199999956 ], [ 134.741285500000117, -6.595479299999965 ], [ 134.737040900000011, -6.594606399999975 ], [ 134.729533900000092, -6.588071499999955 ], [ 134.728665300000102, -6.584043699999938 ], [ 134.735630600000036, -6.585680199999956 ] ] ], [ [ [ 134.702021300000069, -6.561660099999926 ], [ 134.717066100000011, -6.54726809999994 ], [ 134.722620700000107, -6.544945299999938 ], [ 134.724116, -6.55193 ], [ 134.732668600000011, -6.556398599999966 ], [ 134.735098700000094, -6.560656799999947 ], [ 134.731243800000016, -6.567546899999968 ], [ 134.725971500000014, -6.571192799999949 ], [ 134.702021300000069, -6.561660099999926 ] ] ], [ [ [ 134.73496380000006, -6.426017599999966 ], [ 134.728437400000075, -6.421796299999926 ], [ 134.73239, -6.406015499999967 ], [ 134.732130500000039, -6.381932899999981 ], [ 134.743971100000067, -6.365067499999952 ], [ 134.753766, -6.358677499999942 ], [ 134.755664600000046, -6.370107399999938 ], [ 134.752125200000023, -6.377044799999965 ], [ 134.756610400000113, -6.383169599999974 ], [ 134.752925600000026, -6.409699399999965 ], [ 134.754282400000079, -6.416503099999943 ], [ 134.747069800000077, -6.424663099999975 ], [ 134.746113800000103, -6.432418 ], [ 134.740945200000056, -6.432415399999968 ], [ 134.73496380000006, -6.426017599999966 ] ] ], [ [ [ 134.725599300000113, -6.308789699999977 ], [ 134.715549700000111, -6.313182299999937 ], [ 134.704079900000011, -6.305293699999936 ], [ 134.699398200000019, -6.306433399999946 ], [ 134.699171100000058, -6.304205599999932 ], [ 134.706880100000035, -6.299926199999959 ], [ 134.717379400000027, -6.307928499999946 ], [ 134.727686300000073, -6.30549 ], [ 134.725599300000113, -6.308789699999977 ] ] ], [ [ [ 134.741650500000105, -6.263277399999936 ], [ 134.739656800000034, -6.263699499999973 ], [ 134.73712050000006, -6.261824299999944 ], [ 134.741473500000097, -6.260453499999926 ], [ 134.741650500000105, -6.263277399999936 ] ] ], [ [ [ 134.748033300000088, -5.950133599999958 ], [ 134.74936700000012, -5.960424299999943 ], [ 134.741784900000084, -5.956519599999979 ], [ 134.738551600000051, -5.951412599999969 ], [ 134.748033300000088, -5.950133599999958 ] ] ], [ [ [ 134.739190200000053, -5.95036129999994 ], [ 134.739709900000094, -5.949920499999962 ], [ 134.739664500000117, -5.950502799999981 ], [ 134.739190200000053, -5.95036129999994 ] ] ], [ [ [ 134.737779800000112, -5.947528 ], [ 134.737182, -5.945950299999936 ], [ 134.738152500000069, -5.947466 ], [ 134.737779800000112, -5.947528 ] ] ], [ [ [ 134.748088100000018, -5.941466199999979 ], [ 134.748234800000091, -5.94176589999995 ], [ 134.748104900000044, -5.941760199999976 ], [ 134.748088100000018, -5.941466199999979 ] ] ], [ [ [ 134.749917600000117, -5.94167049999993 ], [ 134.749720300000035, -5.940839299999936 ], [ 134.7501095, -5.941670599999952 ], [ 134.749917600000117, -5.94167049999993 ] ] ], [ [ [ 134.725271400000111, -5.92602009999996 ], [ 134.725322100000085, -5.926274599999942 ], [ 134.725169600000072, -5.926251899999954 ], [ 134.725271400000111, -5.92602009999996 ] ] ], [ [ [ 134.725734200000034, -5.926472699999977 ], [ 134.726530900000057, -5.925444099999936 ], [ 134.727818, -5.926162699999963 ], [ 134.725734200000034, -5.926472699999977 ] ] ], [ [ [ 134.737271700000065, -5.923391199999969 ], [ 134.737497500000018, -5.923544 ], [ 134.737401500000033, -5.923572199999967 ], [ 134.737271700000065, -5.923391199999969 ] ] ], [ [ [ 134.738486200000011, -5.922419299999945 ], [ 134.73829980000005, -5.922566299999971 ], [ 134.737904500000013, -5.922566099999926 ], [ 134.738486200000011, -5.922419299999945 ] ] ], [ [ [ 134.724461400000109, -5.919823099999974 ], [ 134.725054600000021, -5.919014899999979 ], [ 134.72483950000003, -5.92009459999997 ], [ 134.724461400000109, -5.919823099999974 ] ] ], [ [ [ 134.727070700000013, -5.918591799999945 ], [ 134.725551800000062, -5.918472299999962 ], [ 134.727330600000073, -5.918286599999931 ], [ 134.727070700000013, -5.918591799999945 ] ] ], [ [ [ 134.738279700000021, -5.917364699999951 ], [ 134.738511300000027, -5.917087699999968 ], [ 134.738449, -5.917534299999943 ], [ 134.738279700000021, -5.917364699999951 ] ] ], [ [ [ 134.719416400000114, -5.91374819999993 ], [ 134.717215300000021, -5.911672099999976 ], [ 134.720822500000054, -5.91355109999995 ], [ 134.719416400000114, -5.91374819999993 ] ] ], [ [ [ 134.738368, -5.909579299999962 ], [ 134.737961900000073, -5.908617899999967 ], [ 134.73888240000008, -5.908369599999958 ], [ 134.738368, -5.909579299999962 ] ] ], [ [ [ 134.733789300000012, -5.90848589999996 ], [ 134.733619700000077, -5.908751499999937 ], [ 134.733749800000055, -5.908429299999966 ], [ 134.733789300000012, -5.90848589999996 ] ] ], [ [ [ 134.731096300000104, -5.907613899999944 ], [ 134.731056700000067, -5.90776649999998 ], [ 134.730943900000057, -5.907585499999925 ], [ 134.731096300000104, -5.907613899999944 ] ] ], [ [ [ 134.734057100000086, -5.903442699999971 ], [ 134.73665230000006, -5.907854 ], [ 134.73636410000006, -5.908447499999966 ], [ 134.734057100000086, -5.903442699999971 ] ] ], [ [ [ 134.744479200000114, -5.905924 ], [ 134.744931, -5.905658499999959 ], [ 134.744863100000089, -5.906009 ], [ 134.744479200000114, -5.905924 ] ] ], [ [ [ 134.732978300000013, -5.904052799999931 ], [ 134.733221, -5.904149099999927 ], [ 134.732938700000091, -5.904205499999932 ], [ 134.732978300000013, -5.904052799999931 ] ] ], [ [ [ 134.748822400000108, -5.90350049999995 ], [ 134.749183900000048, -5.903127499999925 ], [ 134.749325000000113, -5.903336699999954 ], [ 134.748822400000108, -5.90350049999995 ] ] ], [ [ [ 134.751205100000107, -5.903750299999956 ], [ 134.751239500000111, -5.902416 ], [ 134.751628500000038, -5.903931399999976 ], [ 134.751205100000107, -5.903750299999956 ] ] ], [ [ [ 134.733458700000028, -5.903001399999937 ], [ 134.7336788, -5.90331249999997 ], [ 134.733577100000048, -5.903369 ], [ 134.733458700000028, -5.903001399999937 ] ] ], [ [ [ 134.7449219, -5.900965699999972 ], [ 134.742995, -5.904176299999961 ], [ 134.741957100000036, -5.901801199999966 ], [ 134.7449219, -5.900965699999972 ] ] ], [ [ [ 134.748986700000046, -5.902183199999968 ], [ 134.749348, -5.902381199999979 ], [ 134.749065700000074, -5.902409399999954 ], [ 134.748986700000046, -5.902183199999968 ] ] ], [ [ [ 134.743030200000021, -5.901224899999931 ], [ 134.74331810000001, -5.901315499999953 ], [ 134.7430753000001, -5.901349399999958 ], [ 134.743030200000021, -5.901224899999931 ] ] ], [ [ [ 134.751590400000055, -5.90072559999993 ], [ 134.751675300000102, -5.900182899999947 ], [ 134.751883900000053, -5.900951899999939 ], [ 134.751590400000055, -5.90072559999993 ] ] ], [ [ [ 134.742528200000038, -5.90006 ], [ 134.7430084, -5.899641799999927 ], [ 134.743222700000047, -5.900071599999933 ], [ 134.742528200000038, -5.90006 ] ] ], [ [ [ 134.739147200000048, -5.897542399999963 ], [ 134.7393336, -5.897356 ], [ 134.739265600000067, -5.898011799999949 ], [ 134.739147200000048, -5.897542399999963 ] ] ], [ [ [ 134.739339400000063, -5.897022399999969 ], [ 134.739966100000061, -5.897169699999949 ], [ 134.7399378, -5.897446699999932 ], [ 134.739339400000063, -5.897022399999969 ] ] ], [ [ [ 134.720424800000046, -5.895916299999953 ], [ 134.720803, -5.896001299999966 ], [ 134.720718300000044, -5.896159599999976 ], [ 134.720424800000046, -5.895916299999953 ] ] ], [ [ [ 134.719973600000117, -5.894762699999944 ], [ 134.720532800000115, -5.894322 ], [ 134.720306600000072, -5.895039899999972 ], [ 134.719973600000117, -5.894762699999944 ] ] ], [ [ [ 134.727703800000086, -5.893918499999927 ], [ 134.726886200000081, -5.891667799999937 ], [ 134.728049700000042, -5.890905099999941 ], [ 134.727703800000086, -5.893918499999927 ] ] ], [ [ [ 134.728507700000023, -5.889588 ], [ 134.729242100000079, -5.888915499999939 ], [ 134.728987600000096, -5.889718199999948 ], [ 134.728507700000023, -5.889588 ] ] ], [ [ [ 134.719931200000019, -5.889318 ], [ 134.7199035000001, -5.888300299999969 ], [ 134.720372000000111, -5.88843049999997 ], [ 134.719931200000019, -5.889318 ] ] ], [ [ [ 134.749851100000114, -5.812331399999948 ], [ 134.750274800000057, -5.811698299999932 ], [ 134.750573900000063, -5.811947199999963 ], [ 134.749851100000114, -5.812331399999948 ] ] ], [ [ [ 134.744794400000046, -5.80857489999994 ], [ 134.744687000000113, -5.808868799999971 ], [ 134.744721, -5.808569199999965 ], [ 134.744794400000046, -5.80857489999994 ] ] ], [ [ [ 134.746375100000023, -5.808739599999967 ], [ 134.746714000000111, -5.808298699999966 ], [ 134.7467137000001, -5.809028099999978 ], [ 134.746375100000023, -5.808739599999967 ] ] ], [ [ [ 134.744049, -5.80911169999996 ], [ 134.741707, -5.80704129999998 ], [ 134.742204600000036, -5.805351 ], [ 134.744049, -5.80911169999996 ] ] ], [ [ [ 134.741233600000101, -5.805299599999955 ], [ 134.741606400000023, -5.804892699999925 ], [ 134.741453700000079, -5.805463699999962 ], [ 134.741233600000101, -5.805299599999955 ] ] ], [ [ [ 134.760498300000108, -5.800096099999962 ], [ 134.747860100000025, -5.808118299999933 ], [ 134.741508600000088, -5.796468299999958 ], [ 134.7488886000001, -5.787103799999954 ], [ 134.7491050000001, -5.788250699999935 ], [ 134.753704800000037, -5.79472149999998 ], [ 134.760818600000107, -5.796983699999942 ], [ 134.760498300000108, -5.800096099999962 ] ] ], [ [ [ 134.740943900000048, -5.796976899999947 ], [ 134.741327600000091, -5.797163699999942 ], [ 134.740994500000056, -5.797248299999978 ], [ 134.740943900000048, -5.796976899999947 ] ] ], [ [ [ 134.752966600000036, -5.791603 ], [ 134.749197400000071, -5.787914099999966 ], [ 134.750242800000024, -5.785091299999976 ], [ 134.752966600000036, -5.791603 ] ] ], [ [ [ 134.749757500000101, -5.780423599999949 ], [ 134.748488400000042, -5.780461899999978 ], [ 134.748859300000049, -5.77928049999997 ], [ 134.749757500000101, -5.780423599999949 ] ] ], [ [ [ 134.723706200000038, -5.74662189999998 ], [ 134.719042100000024, -5.743979299999978 ], [ 134.724900400000024, -5.743045 ], [ 134.723706200000038, -5.74662189999998 ] ] ], [ [ [ 134.739128300000061, -5.604526499999963 ], [ 134.740438900000072, -5.607293899999945 ], [ 134.737285400000019, -5.60821089999996 ], [ 134.736711100000093, -5.606323799999927 ], [ 134.739128300000061, -5.604526499999963 ] ] ], [ [ [ 134.704105800000093, -5.57926729999997 ], [ 134.699281600000063, -5.576806599999941 ], [ 134.698873900000081, -5.57443 ], [ 134.709260600000107, -5.574681099999964 ], [ 134.708686600000078, -5.57771269999995 ], [ 134.704105800000093, -5.57926729999997 ] ] ], [ [ [ 134.710816900000054, -5.570011099999931 ], [ 134.707300500000088, -5.569108 ], [ 134.704109200000062, -5.572466 ], [ 134.698793100000103, -5.572463299999981 ], [ 134.70084380000003, -5.560582699999941 ], [ 134.705344, -5.556487799999957 ], [ 134.702403400000094, -5.549193399999979 ], [ 134.707005600000116, -5.549055299999964 ], [ 134.707635800000048, -5.552555599999948 ], [ 134.712987000000112, -5.548702499999933 ], [ 134.715078800000015, -5.551166199999955 ], [ 134.710816900000054, -5.570011099999931 ] ] ], [ [ [ 134.757172500000024, -6.849502199999961 ], [ 134.760006100000055, -6.857775899999979 ], [ 134.7553, -6.869679699999949 ], [ 134.75682780000011, -6.859290899999962 ], [ 134.755338100000017, -6.852869299999952 ], [ 134.757172500000024, -6.849502199999961 ] ] ], [ [ [ 134.757497700000044, -6.587255 ], [ 134.759281700000088, -6.585918399999969 ], [ 134.759459200000038, -6.587612699999966 ], [ 134.757497700000044, -6.587255 ] ] ], [ [ [ 134.764776, -6.563584599999956 ], [ 134.763169400000038, -6.567061299999978 ], [ 134.762836900000025, -6.563204699999972 ], [ 134.764776, -6.563584599999956 ] ] ], [ [ [ 134.75538860000006, -6.495259099999942 ], [ 134.763894400000027, -6.487290899999948 ], [ 134.771864100000016, -6.489154799999937 ], [ 134.767078400000059, -6.496327599999972 ], [ 134.756981600000017, -6.497651599999926 ], [ 134.75538860000006, -6.495259099999942 ] ] ], [ [ [ 134.774353200000064, -6.422550799999954 ], [ 134.770356100000072, -6.430880899999977 ], [ 134.763025700000071, -6.429935899999975 ], [ 134.765897500000051, -6.418794799999944 ], [ 134.770818500000019, -6.417498799999976 ], [ 134.774353200000064, -6.422550799999954 ] ] ], [ [ [ 134.767422300000021, -6.40903979999996 ], [ 134.768310600000063, -6.412532699999929 ], [ 134.76315180000006, -6.416205499999933 ], [ 134.759387100000026, -6.415404799999976 ], [ 134.762631100000021, -6.407394099999976 ], [ 134.767422300000021, -6.40903979999996 ] ] ], [ [ [ 134.770499, -6.145109899999966 ], [ 134.774963600000092, -6.146498899999926 ], [ 134.77468470000008, -6.149070399999971 ], [ 134.769078100000115, -6.149250399999971 ], [ 134.770499, -6.145109899999966 ] ] ], [ [ [ 134.755908300000101, -6.144615599999952 ], [ 134.754783100000054, -6.145506399999931 ], [ 134.754605100000049, -6.145159599999943 ], [ 134.755908300000101, -6.144615599999952 ] ] ], [ [ [ 134.75205440000002, -5.949117699999931 ], [ 134.751653100000112, -5.949824299999932 ], [ 134.751066100000116, -5.949168099999952 ], [ 134.75205440000002, -5.949117699999931 ] ] ], [ [ [ 134.766888200000039, -5.918737599999929 ], [ 134.766967400000112, -5.918231599999956 ], [ 134.767331400000103, -5.918712299999925 ], [ 134.766888200000039, -5.918737599999929 ] ] ], [ [ [ 134.77127, -5.917077899999981 ], [ 134.768960000000106, -5.918518699999936 ], [ 134.768511200000034, -5.918258399999957 ], [ 134.769539500000064, -5.916738 ], [ 134.77127, -5.917077899999981 ] ] ], [ [ [ 134.76382030000002, -5.908474899999931 ], [ 134.768919300000107, -5.914764199999979 ], [ 134.768336700000077, -5.917056599999967 ], [ 134.760466, -5.909036 ], [ 134.76382030000002, -5.908474899999931 ] ] ], [ [ [ 134.760563900000079, -5.911260899999945 ], [ 134.761134700000071, -5.910107799999935 ], [ 134.760930800000096, -5.911430699999926 ], [ 134.760563900000079, -5.911260899999945 ] ] ], [ [ [ 134.767664600000103, -5.911088099999972 ], [ 134.767876800000067, -5.910095899999931 ], [ 134.768224, -5.910146899999972 ], [ 134.767664600000103, -5.911088099999972 ] ] ], [ [ [ 134.773049100000094, -5.90927819999996 ], [ 134.772887600000104, -5.909374299999968 ], [ 134.772909100000106, -5.909165099999939 ], [ 134.773049100000094, -5.90927819999996 ] ] ], [ [ [ 134.772517400000083, -5.908848299999931 ], [ 134.772729900000058, -5.908378 ], [ 134.772908100000109, -5.908912899999962 ], [ 134.772517400000083, -5.908848299999931 ] ] ], [ [ [ 134.752273200000104, -5.901605099999927 ], [ 134.752143500000102, -5.901223399999935 ], [ 134.752563900000041, -5.90171829999997 ], [ 134.752273200000104, -5.901605099999927 ] ] ], [ [ [ 134.756755200000043, -5.898563399999944 ], [ 134.756964100000118, -5.898571899999979 ], [ 134.756938700000092, -5.89864259999996 ], [ 134.756755200000043, -5.898563399999944 ] ] ], [ [ [ 134.764462800000047, -5.892834 ], [ 134.764942800000085, -5.892755 ], [ 134.764722400000096, -5.893054599999971 ], [ 134.764462800000047, -5.892834 ] ] ], [ [ [ 134.772836600000119, -5.891986499999973 ], [ 134.772991900000079, -5.89201769999994 ], [ 134.772859200000084, -5.892094 ], [ 134.772836600000119, -5.891986499999973 ] ] ], [ [ [ 134.771961800000099, -5.891174799999931 ], [ 134.77234030000011, -5.890615199999957 ], [ 134.772170600000095, -5.891305 ], [ 134.771961800000099, -5.891174799999931 ] ] ], [ [ [ 134.77272650000009, -5.884978399999966 ], [ 134.772619100000043, -5.885396799999967 ], [ 134.772432800000047, -5.885408 ], [ 134.77272650000009, -5.884978399999966 ] ] ], [ [ [ 134.771807200000012, -5.874017599999945 ], [ 134.770523900000057, -5.877816499999938 ], [ 134.76813780000009, -5.872432899999978 ], [ 134.771807200000012, -5.874017599999945 ] ] ], [ [ [ 134.774013900000114, -5.871695799999941 ], [ 134.774154800000019, -5.872278199999926 ], [ 134.77377110000009, -5.871707 ], [ 134.774013900000114, -5.871695799999941 ] ] ], [ [ [ 134.765807800000061, -5.87042589999993 ], [ 134.768145300000015, -5.870313799999963 ], [ 134.768201, -5.872190899999964 ], [ 134.765807800000061, -5.87042589999993 ] ] ], [ [ [ 134.7709982, -5.866396799999961 ], [ 134.77256100000011, -5.869331799999941 ], [ 134.772294800000054, -5.871338899999955 ], [ 134.768982100000017, -5.867560699999956 ], [ 134.771065100000101, -5.868421 ], [ 134.7709982, -5.866396799999961 ] ] ], [ [ [ 134.764771400000086, -5.86799179999997 ], [ 134.764896100000101, -5.866832799999941 ], [ 134.765488400000095, -5.867992099999981 ], [ 134.764771400000086, -5.86799179999997 ] ] ], [ [ [ 134.774077700000021, -5.867345099999966 ], [ 134.774156900000094, -5.86709639999998 ], [ 134.774365700000089, -5.867447 ], [ 134.774077700000021, -5.867345099999966 ] ] ], [ [ [ 134.76304970000001, -5.867143 ], [ 134.761068500000079, -5.865802199999962 ], [ 134.761221100000057, -5.865333 ], [ 134.76304970000001, -5.867143 ] ] ], [ [ [ 134.766279600000075, -5.866245399999968 ], [ 134.766607200000067, -5.865900699999941 ], [ 134.766844100000071, -5.866483099999925 ], [ 134.766279600000075, -5.866245399999968 ] ] ], [ [ [ 134.760289100000023, -5.866491699999926 ], [ 134.757929600000011, -5.865111099999979 ], [ 134.757822500000088, -5.864664399999981 ], [ 134.760289100000023, -5.866491699999926 ] ] ], [ [ [ 134.768844700000045, -5.864588799999979 ], [ 134.768658300000084, -5.864747 ], [ 134.768568100000039, -5.864571699999942 ], [ 134.768844700000045, -5.864588799999979 ] ] ], [ [ [ 134.766959500000098, -5.863242299999968 ], [ 134.767490200000111, -5.863214299999925 ], [ 134.767478900000015, -5.86340649999994 ], [ 134.766959500000098, -5.863242299999968 ] ] ], [ [ [ 134.766942800000038, -5.862546899999927 ], [ 134.766796100000079, -5.862315 ], [ 134.766993700000057, -5.862462099999959 ], [ 134.766942800000038, -5.862546899999927 ] ] ], [ [ [ 134.752337500000067, -5.858214099999941 ], [ 134.761320800000021, -5.864212099999975 ], [ 134.761424900000065, -5.865125199999966 ], [ 134.756101400000034, -5.863579399999935 ], [ 134.752337500000067, -5.858214099999941 ] ] ], [ [ [ 134.76474630000007, -5.849672 ], [ 134.769583600000033, -5.852529199999935 ], [ 134.76663730000007, -5.857297099999926 ], [ 134.765958, -5.861520299999938 ], [ 134.767199100000084, -5.864169699999934 ], [ 134.765355100000079, -5.865387299999952 ], [ 134.751660900000047, -5.856201 ], [ 134.752486600000111, -5.853137 ], [ 134.757683200000088, -5.849832899999967 ], [ 134.76474630000007, -5.849672 ] ] ], [ [ [ 134.767910900000061, -5.856294099999957 ], [ 134.768882100000042, -5.85604 ], [ 134.767809200000102, -5.856503199999963 ], [ 134.767910900000061, -5.856294099999957 ] ] ], [ [ [ 134.769435600000065, -5.855537099999935 ], [ 134.770327900000098, -5.854887199999951 ], [ 134.769650100000035, -5.85566149999994 ], [ 134.769435600000065, -5.855537099999935 ] ] ], [ [ [ 134.769957, -5.851453 ], [ 134.770213900000044, -5.851317499999936 ], [ 134.770267500000045, -5.851405099999965 ], [ 134.769957, -5.851453 ] ] ], [ [ [ 134.765961300000072, -5.846969899999976 ], [ 134.76592160000007, -5.847269599999947 ], [ 134.765797500000076, -5.847116799999981 ], [ 134.765961300000072, -5.846969899999976 ] ] ], [ [ [ 134.764781300000095, -5.84703159999998 ], [ 134.76417210000011, -5.845595299999957 ], [ 134.765673300000117, -5.846941499999957 ], [ 134.764781300000095, -5.84703159999998 ] ] ], [ [ [ 134.770022900000072, -5.841515499999957 ], [ 134.768345100000033, -5.843906499999946 ], [ 134.768899800000099, -5.840474799999981 ], [ 134.770022900000072, -5.841515499999957 ] ] ], [ [ [ 134.753599, -5.840510299999949 ], [ 134.754095900000038, -5.84032389999993 ], [ 134.754174800000101, -5.840651899999955 ], [ 134.753599, -5.840510299999949 ] ] ], [ [ [ 134.772954400000117, -5.838576 ], [ 134.773523300000079, -5.841917699999954 ], [ 134.769656700000041, -5.839942899999926 ], [ 134.772954400000117, -5.838576 ] ] ], [ [ [ 134.75678060000007, -5.835166299999969 ], [ 134.757325400000013, -5.835141 ], [ 134.757003400000031, -5.835678 ], [ 134.75678060000007, -5.835166299999969 ] ] ], [ [ [ 134.765646400000037, -5.830290699999978 ], [ 134.764426, -5.83258 ], [ 134.764737700000069, -5.829702299999951 ], [ 134.765646400000037, -5.830290699999978 ] ] ], [ [ [ 134.762965, -5.829543199999932 ], [ 134.763473100000056, -5.829571699999974 ], [ 134.763405300000045, -5.829679099999964 ], [ 134.762965, -5.829543199999932 ] ] ], [ [ [ 134.766435000000115, -5.826222599999937 ], [ 134.76609550000012, -5.82787339999993 ], [ 134.764972600000078, -5.826651699999957 ], [ 134.766435000000115, -5.826222599999937 ] ] ], [ [ [ 134.761971300000027, -5.824778199999969 ], [ 134.763628400000016, -5.827503599999943 ], [ 134.765077600000041, -5.828861599999925 ], [ 134.761274700000058, -5.827419099999929 ], [ 134.761971300000027, -5.824778199999969 ] ] ], [ [ [ 134.772442700000056, -5.82582229999997 ], [ 134.773007300000017, -5.825822499999958 ], [ 134.77296200000012, -5.826014699999973 ], [ 134.772442700000056, -5.82582229999997 ] ] ], [ [ [ 134.768072500000017, -5.825437399999942 ], [ 134.767621, -5.825148899999931 ], [ 134.768140400000107, -5.824996399999975 ], [ 134.768072500000017, -5.825437399999942 ] ] ], [ [ [ 134.762253000000101, -5.822658899999965 ], [ 134.762072200000034, -5.823026299999981 ], [ 134.762151400000107, -5.822624899999937 ], [ 134.762253000000101, -5.822658899999965 ] ] ], [ [ [ 134.776678300000071, -5.796174299999961 ], [ 134.769046300000014, -5.794845399999929 ], [ 134.771278300000063, -5.789596599999925 ], [ 134.775583700000084, -5.787503499999957 ], [ 134.778289900000118, -5.789231899999947 ], [ 134.776678300000071, -5.796174299999961 ] ] ], [ [ [ 134.753369, -5.787528399999928 ], [ 134.751261200000044, -5.78434249999998 ], [ 134.752060300000039, -5.783104499999979 ], [ 134.753877000000102, -5.785614899999928 ], [ 134.753369, -5.787528399999928 ] ] ], [ [ [ 134.770370400000047, -5.686268199999972 ], [ 134.771598500000096, -5.688683 ], [ 134.770189600000094, -5.690315 ], [ 134.768321, -5.687803899999949 ], [ 134.770370400000047, -5.686268199999972 ] ] ], [ [ [ 134.759695700000066, -5.682863 ], [ 134.759274900000037, -5.676934699999947 ], [ 134.768411100000094, -5.674160899999947 ], [ 134.772825, -5.677293499999962 ], [ 134.766710100000068, -5.686402499999929 ], [ 134.759695700000066, -5.682863 ] ] ], [ [ [ 134.7720428, -5.650742799999932 ], [ 134.770157400000016, -5.652166399999942 ], [ 134.769143500000041, -5.650370699999939 ], [ 134.770669500000054, -5.64933439999993 ], [ 134.7720428, -5.650742799999932 ] ] ], [ [ [ 134.773923200000013, -6.664495 ], [ 134.776284600000054, -6.662750099999926 ], [ 134.776453900000092, -6.664621 ], [ 134.773923200000013, -6.664495 ] ] ], [ [ [ 134.789464100000032, -6.620667699999956 ], [ 134.789967500000103, -6.62487619999996 ], [ 134.794712900000036, -6.627413099999956 ], [ 134.79677270000002, -6.635153099999968 ], [ 134.78273640000009, -6.641650199999958 ], [ 134.771310200000016, -6.633155 ], [ 134.764531100000113, -6.634850699999959 ], [ 134.762303300000099, -6.633325299999967 ], [ 134.762776500000086, -6.621818799999971 ], [ 134.756276500000013, -6.614135799999929 ], [ 134.755513600000086, -6.607967 ], [ 134.76620790000004, -6.603546299999948 ], [ 134.766751200000044, -6.605614699999933 ], [ 134.769146300000102, -6.604853899999966 ], [ 134.770562800000107, -6.601589099999956 ], [ 134.7754605, -6.602679799999976 ], [ 134.781392300000107, -6.61693669999994 ], [ 134.789464100000032, -6.620667699999956 ] ] ], [ [ [ 134.788032600000065, -6.60298789999996 ], [ 134.779673900000034, -6.600755099999958 ], [ 134.78350730000011, -6.596298399999966 ], [ 134.788032600000065, -6.60298789999996 ] ] ], [ [ [ 134.850838200000112, -6.49348939999993 ], [ 134.848652400000105, -6.499882599999978 ], [ 134.834379700000113, -6.517671 ], [ 134.829847900000118, -6.531715799999972 ], [ 134.824385300000017, -6.538265199999955 ], [ 134.822874700000057, -6.545786299999975 ], [ 134.813290600000073, -6.561764099999948 ], [ 134.802626500000088, -6.548460399999954 ], [ 134.778109900000118, -6.549811 ], [ 134.777846400000044, -6.531331 ], [ 134.774840400000016, -6.52490279999995 ], [ 134.773461400000087, -6.511318499999959 ], [ 134.775162900000055, -6.50910829999998 ], [ 134.779250200000092, -6.507805799999971 ], [ 134.781401600000095, -6.510711599999979 ], [ 134.787199900000019, -6.511304799999948 ], [ 134.795424400000115, -6.508820499999956 ], [ 134.821103400000084, -6.480262599999946 ], [ 134.833037000000104, -6.482194399999969 ], [ 134.840802300000064, -6.490297599999963 ], [ 134.849318, -6.490233799999942 ], [ 134.850838200000112, -6.49348939999993 ] ] ], [ [ [ 134.771048400000041, -6.415743499999962 ], [ 134.765287400000034, -6.402788 ], [ 134.764857800000073, -6.390379199999927 ], [ 134.770087500000045, -6.37448969999997 ], [ 134.768893700000035, -6.367740599999934 ], [ 134.77020020000009, -6.365890799999931 ], [ 134.777598300000022, -6.36643829999997 ], [ 134.778793800000017, -6.369377699999973 ], [ 134.774113100000022, -6.374709199999927 ], [ 134.774546100000066, -6.379607599999929 ], [ 134.778896500000087, -6.383528 ], [ 134.780743, -6.390930399999945 ], [ 134.786725600000068, -6.39496029999998 ], [ 134.787159400000064, -6.39833479999993 ], [ 134.775291, -6.418031199999973 ], [ 134.771048400000041, -6.415743499999962 ] ] ], [ [ [ 134.866886400000112, -6.318683299999975 ], [ 134.860931600000072, -6.326788299999976 ], [ 134.865556500000025, -6.346146099999942 ], [ 134.86291610000012, -6.325630799999942 ], [ 134.87283930000001, -6.317692099999931 ], [ 134.88078, -6.300819 ], [ 134.87962570000002, -6.287087099999951 ], [ 134.886570600000027, -6.28444159999998 ], [ 134.892687500000079, -6.287917199999981 ], [ 134.898473, -6.295528599999955 ], [ 134.90723330000003, -6.312239799999929 ], [ 134.908554500000037, -6.321339299999977 ], [ 134.900280800000019, -6.352937099999963 ], [ 134.879935200000091, -6.378907 ], [ 134.868850700000053, -6.397268199999928 ], [ 134.868518600000016, -6.402562199999977 ], [ 134.852962800000114, -6.438458499999967 ], [ 134.852133800000047, -6.445572199999958 ], [ 134.856764200000043, -6.447558799999968 ], [ 134.855936, -6.45186 ], [ 134.844847100000038, -6.47650729999998 ], [ 134.819710900000018, -6.462767499999927 ], [ 134.808630300000118, -6.459951 ], [ 134.801853100000017, -6.449691099999939 ], [ 134.803512100000034, -6.436456599999929 ], [ 134.806655, -6.434968799999979 ], [ 134.806987100000015, -6.431494699999973 ], [ 134.820051500000091, -6.434973699999944 ], [ 134.806822800000077, -6.428682199999969 ], [ 134.8051703000001, -6.425207299999954 ], [ 134.806495500000096, -6.419417399999929 ], [ 134.804511400000024, -6.418258599999945 ], [ 134.806168300000081, -6.410152699999969 ], [ 134.809871200000089, -6.405215799999951 ], [ 134.80352310000012, -6.407835499999976 ], [ 134.800365100000022, -6.405956199999935 ], [ 134.797411, -6.390131099999962 ], [ 134.799564900000064, -6.379709199999979 ], [ 134.820576200000119, -6.353081 ], [ 134.828533300000117, -6.339086299999963 ], [ 134.83877270000005, -6.331579699999963 ], [ 134.840419900000029, -6.326460699999927 ], [ 134.844395900000109, -6.32794169999994 ], [ 134.84621960000004, -6.311563599999943 ], [ 134.848534800000039, -6.310571699999969 ], [ 134.847048300000097, -6.304946199999961 ], [ 134.853004900000087, -6.290058199999976 ], [ 134.851684200000022, -6.282943899999964 ], [ 134.869375800000057, -6.282121399999937 ], [ 134.874996200000055, -6.287086 ], [ 134.87863, -6.302803799999936 ], [ 134.872012900000072, -6.316203 ], [ 134.866886400000112, -6.318683299999975 ] ] ], [ [ [ 134.788228900000036, -6.326321299999961 ], [ 134.792254, -6.326022099999932 ], [ 134.788170900000068, -6.328661099999977 ], [ 134.788228900000036, -6.326321299999961 ] ] ], [ [ [ 134.831446, -6.31428939999995 ], [ 134.825492600000075, -6.326405399999942 ], [ 134.815446800000018, -6.335413 ], [ 134.81561970000007, -6.338722099999927 ], [ 134.806389200000012, -6.351606299999958 ], [ 134.79764630000011, -6.35488289999995 ], [ 134.788298800000121, -6.349351699999943 ], [ 134.787684100000092, -6.332528799999977 ], [ 134.805248400000096, -6.312210099999959 ], [ 134.822034600000052, -6.296642599999927 ], [ 134.826101000000108, -6.295362199999943 ], [ 134.831279700000096, -6.298986399999933 ], [ 134.83378550000009, -6.307274599999971 ], [ 134.833147, -6.310675899999978 ], [ 134.829320200000097, -6.311062199999981 ], [ 134.831446, -6.31428939999995 ] ] ], [ [ [ 134.861024600000064, -6.230454399999928 ], [ 134.858088600000087, -6.224027 ], [ 134.862648500000091, -6.225036499999931 ], [ 134.861024600000064, -6.230454399999928 ] ] ], [ [ [ 134.868135400000028, -6.215519399999948 ], [ 134.8617987, -6.22164859999998 ], [ 134.858173400000055, -6.219991199999981 ], [ 134.851721200000043, -6.208943799999929 ], [ 134.854895500000111, -6.206918499999972 ], [ 134.85484150000002, -6.204125699999963 ], [ 134.858233800000107, -6.205495599999949 ], [ 134.863618100000053, -6.196486499999935 ], [ 134.869687000000113, -6.197119 ], [ 134.8631454, -6.195618699999955 ], [ 134.859989700000028, -6.186658299999976 ], [ 134.863218500000016, -6.185016299999972 ], [ 134.867157300000031, -6.188303 ], [ 134.871206400000119, -6.188304 ], [ 134.875965300000075, -6.194657399999926 ], [ 134.869369600000027, -6.205401299999949 ], [ 134.868135400000028, -6.215519399999948 ] ] ], [ [ [ 134.884601100000054, -6.181464 ], [ 134.886492500000031, -6.182253199999934 ], [ 134.884995000000117, -6.182410699999934 ], [ 134.884601100000054, -6.181464 ] ] ], [ [ [ 134.841816200000039, -6.165102699999977 ], [ 134.84378740000011, -6.162391799999966 ], [ 134.84583740000005, -6.162446799999941 ], [ 134.844648100000086, -6.166829099999973 ], [ 134.841816200000039, -6.165102699999977 ] ] ], [ [ [ 134.861355800000069, -6.160397599999953 ], [ 134.862459800000011, -6.158110299999976 ], [ 134.864272500000084, -6.15818969999998 ], [ 134.864035200000103, -6.161265899999933 ], [ 134.861355800000069, -6.160397599999953 ] ] ], [ [ [ 134.875887100000114, -6.161287899999934 ], [ 134.87063790000002, -6.155803299999945 ], [ 134.877788500000065, -6.143300699999941 ], [ 134.888756100000023, -6.13834879999996 ], [ 134.88666390000003, -6.159453499999927 ], [ 134.882836600000019, -6.15722379999994 ], [ 134.875887100000114, -6.161287899999934 ] ] ], [ [ [ 134.794839900000056, -6.100613399999929 ], [ 134.790855500000021, -6.100864199999933 ], [ 134.787580300000059, -6.093139099999973 ], [ 134.790707500000053, -6.092231599999934 ], [ 134.794539500000042, -6.094807699999933 ], [ 134.794839900000056, -6.100613399999929 ] ] ], [ [ [ 134.88389810000001, -6.072754499999974 ], [ 134.895348600000034, -6.073742799999934 ], [ 134.897317700000031, -6.078180199999963 ], [ 134.893254200000115, -6.080151399999977 ], [ 134.884881900000096, -6.078547499999956 ], [ 134.88389810000001, -6.072754499999974 ] ] ], [ [ [ 134.865403300000025, -6.017631499999936 ], [ 134.866781900000092, -6.01851929999998 ], [ 134.865698200000111, -6.020096599999931 ], [ 134.865403300000025, -6.017631499999936 ] ] ], [ [ [ 134.867964400000119, -6.01615309999994 ], [ 134.863445500000012, -6.01272119999993 ], [ 134.868162900000016, -6.009842799999944 ], [ 134.867646800000102, -6.006953099999976 ], [ 134.869029700000056, -6.011620099999959 ], [ 134.867964400000119, -6.01615309999994 ] ] ], [ [ [ 134.863969600000019, -5.95313109999995 ], [ 134.864336900000012, -5.961389 ], [ 134.861258800000087, -5.963606699999957 ], [ 134.855227300000024, -5.962002899999959 ], [ 134.853259500000036, -5.955100399999935 ], [ 134.855353400000013, -5.950417399999935 ], [ 134.863969600000019, -5.95313109999995 ] ] ], [ [ [ 134.796473600000013, -5.947279399999957 ], [ 134.7976685000001, -5.948636599999929 ], [ 134.796782, -5.949326499999927 ], [ 134.796473600000013, -5.947279399999957 ] ] ], [ [ [ 134.779507700000067, -5.927796299999954 ], [ 134.77906710000002, -5.92820039999998 ], [ 134.779019300000073, -5.927762199999961 ], [ 134.779507700000067, -5.927796299999954 ] ] ], [ [ [ 134.774612800000114, -5.910251899999935 ], [ 134.774499800000058, -5.910401699999966 ], [ 134.774567600000069, -5.910220799999934 ], [ 134.774612800000114, -5.910251899999935 ] ] ], [ [ [ 134.780186700000058, -5.909858699999972 ], [ 134.780796800000076, -5.909163499999977 ], [ 134.780915, -5.91026039999997 ], [ 134.780186700000058, -5.909858699999972 ] ] ], [ [ [ 134.786873600000035, -5.904354 ], [ 134.786422, -5.90395239999998 ], [ 134.787000700000021, -5.904280599999936 ], [ 134.786873600000035, -5.904354 ] ] ], [ [ [ 134.790092700000059, -5.895128 ], [ 134.788287900000114, -5.897199499999942 ], [ 134.790468800000099, -5.90088389999994 ], [ 134.785629100000051, -5.902827 ], [ 134.787346700000057, -5.907404499999927 ], [ 134.779479, -5.905925799999977 ], [ 134.779201, -5.909041 ], [ 134.776920300000029, -5.908016699999962 ], [ 134.775513500000102, -5.910094 ], [ 134.773975300000075, -5.901793399999974 ], [ 134.775930800000083, -5.897420799999963 ], [ 134.778249100000039, -5.896076099999959 ], [ 134.781715300000087, -5.897920699999929 ], [ 134.786281800000097, -5.894055199999968 ], [ 134.790092700000059, -5.895128 ] ] ], [ [ [ 134.796197200000051, -5.886926799999969 ], [ 134.79573460000006, -5.886067199999957 ], [ 134.796733900000049, -5.886090199999956 ], [ 134.796197200000051, -5.886926799999969 ] ] ], [ [ [ 134.774896800000079, -5.880468199999939 ], [ 134.775052, -5.880652 ], [ 134.774885400000016, -5.880652 ], [ 134.774896800000079, -5.880468199999939 ] ] ], [ [ [ 134.795822900000076, -5.866402499999936 ], [ 134.806047700000022, -5.867183599999976 ], [ 134.80417470000009, -5.870858 ], [ 134.798313700000108, -5.871910299999968 ], [ 134.804969600000049, -5.876159199999961 ], [ 134.801242600000023, -5.877904899999976 ], [ 134.799828800000114, -5.884016299999928 ], [ 134.795498600000087, -5.882889599999942 ], [ 134.797079100000019, -5.884190599999954 ], [ 134.793910600000117, -5.886626299999932 ], [ 134.79499890000011, -5.890595799999971 ], [ 134.789667500000064, -5.894008799999938 ], [ 134.786693600000035, -5.889569299999948 ], [ 134.782425500000045, -5.888301199999944 ], [ 134.782823400000098, -5.881296099999929 ], [ 134.787188900000046, -5.878736499999945 ], [ 134.79106390000004, -5.87432229999996 ], [ 134.798017300000083, -5.871735 ], [ 134.795301800000061, -5.871103599999969 ], [ 134.795822900000076, -5.866402499999936 ] ] ], [ [ [ 134.779372600000102, -5.877532799999926 ], [ 134.778022100000044, -5.88015 ], [ 134.77574130000005, -5.879583699999955 ], [ 134.776193900000067, -5.877164 ], [ 134.779372600000102, -5.877532799999926 ] ] ], [ [ [ 134.80769650000002, -5.876929099999927 ], [ 134.808097300000099, -5.877194899999949 ], [ 134.807639900000027, -5.87716649999993 ], [ 134.80769650000002, -5.876929099999927 ] ] ], [ [ [ 134.78045730000008, -5.875732399999947 ], [ 134.780533500000047, -5.875969899999973 ], [ 134.780327400000033, -5.875933099999941 ], [ 134.78045730000008, -5.875732399999947 ] ] ], [ [ [ 134.787434800000028, -5.870467699999949 ], [ 134.790959600000065, -5.873666399999934 ], [ 134.789651800000115, -5.875707 ], [ 134.783557600000108, -5.873601399999927 ], [ 134.787434800000028, -5.870467699999949 ] ] ], [ [ [ 134.802441300000055, -5.872799799999939 ], [ 134.802384800000027, -5.873054299999978 ], [ 134.802204300000085, -5.872675399999935 ], [ 134.802441300000055, -5.872799799999939 ] ] ], [ [ [ 134.785301300000015, -5.869481099999973 ], [ 134.785450900000114, -5.869433099999981 ], [ 134.785377500000095, -5.869594199999938 ], [ 134.785301300000015, -5.869481099999973 ] ] ], [ [ [ 134.778030300000069, -5.859388799999977 ], [ 134.777959900000042, -5.859024099999942 ], [ 134.778160300000081, -5.859100499999954 ], [ 134.778030300000069, -5.859388799999977 ] ] ], [ [ [ 134.77673470000002, -5.859060299999953 ], [ 134.776822300000049, -5.858805899999936 ], [ 134.776921100000095, -5.858921899999928 ], [ 134.77673470000002, -5.859060299999953 ] ] ], [ [ [ 134.777118800000039, -5.858605299999965 ], [ 134.777401200000099, -5.858438699999965 ], [ 134.777350200000114, -5.858766599999967 ], [ 134.777118800000039, -5.858605299999965 ] ] ], [ [ [ 134.775905200000011, -5.857827399999962 ], [ 134.776125400000069, -5.857943399999954 ], [ 134.776032200000031, -5.858014099999934 ], [ 134.775905200000011, -5.857827399999962 ] ] ], [ [ [ 134.777138900000068, -5.857788399999947 ], [ 134.776419200000078, -5.857270699999958 ], [ 134.777051500000084, -5.857516899999951 ], [ 134.777138900000068, -5.857788399999947 ] ] ], [ [ [ 134.819018800000094, -5.826823599999955 ], [ 134.82463, -5.828770399999939 ], [ 134.822896900000046, -5.828323199999943 ], [ 134.824313300000085, -5.830624799999953 ], [ 134.819018800000094, -5.826823599999955 ] ] ], [ [ [ 134.814983200000029, -5.823633499999971 ], [ 134.814469900000063, -5.821438099999966 ], [ 134.815051900000071, -5.820885699999963 ], [ 134.816790100000048, -5.822955599999943 ], [ 134.814983200000029, -5.823633499999971 ] ] ], [ [ [ 134.781915400000116, -5.805545299999949 ], [ 134.794268500000044, -5.811144599999977 ], [ 134.800981200000024, -5.81051089999994 ], [ 134.801297, -5.811562599999945 ], [ 134.800099, -5.814626699999963 ], [ 134.800097700000038, -5.818426099999954 ], [ 134.796471700000097, -5.82262 ], [ 134.790104, -5.821125099999961 ], [ 134.786998, -5.82357769999993 ], [ 134.7767119, -5.82304229999994 ], [ 134.775843200000054, -5.821176099999946 ], [ 134.769722000000115, -5.82458859999997 ], [ 134.766775400000029, -5.823682799999972 ], [ 134.765558500000111, -5.817463 ], [ 134.774374800000032, -5.808476799999937 ], [ 134.781915400000116, -5.805545299999949 ] ] ], [ [ [ 134.80851430000007, -5.806362399999955 ], [ 134.813099900000111, -5.815147 ], [ 134.813786600000071, -5.819933299999946 ], [ 134.804796800000076, -5.818969099999947 ], [ 134.80062, -5.816225399999951 ], [ 134.804165500000067, -5.807791 ], [ 134.80851430000007, -5.806362399999955 ] ] ], [ [ [ 134.774578600000041, -5.799980699999935 ], [ 134.775287400000025, -5.799265699999978 ], [ 134.775323800000024, -5.799941399999966 ], [ 134.774578600000041, -5.799980699999935 ] ] ], [ [ [ 134.783141200000046, -5.797326199999929 ], [ 134.783784900000114, -5.797156799999925 ], [ 134.783093200000053, -5.797413799999958 ], [ 134.783141200000046, -5.797326199999929 ] ] ], [ [ [ 134.782506, -5.797653899999943 ], [ 134.778955300000121, -5.797104099999956 ], [ 134.779975200000081, -5.794642199999942 ], [ 134.780720300000098, -5.794899699999974 ], [ 134.782506, -5.797653899999943 ] ] ], [ [ [ 134.780309300000113, -5.793382699999938 ], [ 134.7806931, -5.793546799999945 ], [ 134.780298, -5.793478799999946 ], [ 134.780309300000113, -5.793382699999938 ] ] ], [ [ [ 134.787699900000121, -5.775403099999949 ], [ 134.794387800000095, -5.77981 ], [ 134.796805, -5.792667899999969 ], [ 134.793916100000047, -5.788531 ], [ 134.793907000000104, -5.79021309999996 ], [ 134.787535800000114, -5.791545099999951 ], [ 134.778127300000051, -5.785754599999962 ], [ 134.782904, -5.776161699999932 ], [ 134.787699900000121, -5.775403099999949 ] ] ], [ [ [ 134.797287900000015, -5.776167 ], [ 134.797816200000057, -5.774586899999974 ], [ 134.798315400000092, -5.775859299999979 ], [ 134.797287900000015, -5.776167 ] ] ], [ [ [ 134.790276600000084, -5.764815899999974 ], [ 134.789490400000091, -5.768996699999946 ], [ 134.78439440000011, -5.770454899999947 ], [ 134.782526300000086, -5.765371799999969 ], [ 134.786591, -5.763118399999939 ], [ 134.790276600000084, -5.764815899999974 ] ] ], [ [ [ 134.814330200000086, -5.74049059999993 ], [ 134.812767100000087, -5.744095199999947 ], [ 134.808691600000088, -5.743262 ], [ 134.8090654, -5.745590499999935 ], [ 134.803256, -5.751218699999981 ], [ 134.782345100000043, -5.757460499999979 ], [ 134.784884200000079, -5.738939799999969 ], [ 134.788569100000018, -5.736813599999948 ], [ 134.786967900000036, -5.732854299999929 ], [ 134.792429700000071, -5.727904399999943 ], [ 134.807477300000073, -5.73122909999995 ], [ 134.811309500000107, -5.736680399999955 ], [ 134.813720800000056, -5.734946699999966 ], [ 134.812395700000025, -5.737633099999925 ], [ 134.814330200000086, -5.74049059999993 ] ] ], [ [ [ 134.804756500000053, -5.720988399999953 ], [ 134.804537700000083, -5.72124759999997 ], [ 134.804494, -5.721094199999925 ], [ 134.804756500000053, -5.720988399999953 ] ] ], [ [ [ 134.802336900000114, -5.720880099999931 ], [ 134.803475700000035, -5.720541399999945 ], [ 134.8029189, -5.721367399999963 ], [ 134.802336900000114, -5.720880099999931 ] ] ], [ [ [ 134.796501800000101, -5.718189499999937 ], [ 134.798506100000054, -5.718271799999968 ], [ 134.799961500000109, -5.719528099999934 ], [ 134.796456100000114, -5.72154409999996 ], [ 134.796501800000101, -5.718189499999937 ] ] ] ] } },
{ "type": "Feature", "properties": { "kab_kota": "Kepulauan Sula", "provinsi": "Maluku Utara", "regency_code": "id8203" }, "geometry": { "type": "MultiPolygon", "coordinates": [ [ [ [ 125.772786900000028, -1.929831799999931 ], [ 125.772062400000095, -1.928758399999936 ], [ 125.773274300000026, -1.92821239999995 ], [ 125.772786900000028, -1.929831799999931 ] ] ], [ [ [ 125.700048500000094, -1.928987199999938 ], [ 125.670396, -1.931476299999929 ], [ 125.639729700000089, -1.931016799999952 ], [ 125.633864200000062, -1.927107199999966 ], [ 125.631197, -1.930708099999947 ], [ 125.604356, -1.928213899999946 ], [ 125.593433300000015, -1.930342399999972 ], [ 125.578544500000021, -1.928924199999926 ], [ 125.572343100000012, -1.935541299999954 ], [ 125.562173500000085, -1.935504099999946 ], [ 125.529366500000037, -1.94819259999997 ], [ 125.515986000000112, -1.949114499999951 ], [ 125.513580200000092, -1.94730519999996 ], [ 125.510031300000037, -1.948727399999939 ], [ 125.505370500000026, -1.944560399999943 ], [ 125.505914, -1.942300299999943 ], [ 125.491812800000048, -1.934375099999954 ], [ 125.487891300000115, -1.935069799999951 ], [ 125.4854160000001, -1.938876099999959 ], [ 125.446809500000086, -1.947218699999951 ], [ 125.437474900000097, -1.946219399999961 ], [ 125.433566700000029, -1.949692899999945 ], [ 125.422719800000095, -1.950604299999952 ], [ 125.418761600000039, -1.948364799999979 ], [ 125.419824800000015, -1.943147599999975 ], [ 125.440651600000024, -1.927377499999977 ], [ 125.433137700000088, -1.915758299999936 ], [ 125.438830600000074, -1.900702099999933 ], [ 125.436212200000114, -1.897176799999954 ], [ 125.435750300000109, -1.888148899999976 ], [ 125.43156590000001, -1.884400899999946 ], [ 125.422136200000068, -1.883014299999957 ], [ 125.420367700000043, -1.878190199999949 ], [ 125.415455700000052, -1.876183899999944 ], [ 125.412345600000094, -1.879907499999945 ], [ 125.40699810000001, -1.877901799999961 ], [ 125.406262500000025, -1.86990069999996 ], [ 125.402847600000086, -1.869313399999953 ], [ 125.403230100000087, -1.867424099999937 ], [ 125.399870700000065, -1.873971799999936 ], [ 125.394345900000076, -1.874049099999979 ], [ 125.397633200000087, -1.867353299999934 ], [ 125.393803500000104, -1.864865099999975 ], [ 125.392450600000075, -1.859317899999951 ], [ 125.388934200000108, -1.867252599999972 ], [ 125.380426, -1.863015799999971 ], [ 125.378775100000098, -1.858416699999964 ], [ 125.377758100000051, -1.861992499999928 ], [ 125.374373000000105, -1.862842299999954 ], [ 125.372650900000053, -1.856506499999966 ], [ 125.374582600000053, -1.848283899999956 ], [ 125.370616900000073, -1.84613939999997 ], [ 125.365862900000025, -1.851914299999976 ], [ 125.367451700000061, -1.862248299999976 ], [ 125.365049900000031, -1.864579 ], [ 125.365551300000106, -1.86868069999997 ], [ 125.359813300000042, -1.884578799999929 ], [ 125.357912900000088, -1.886917799999935 ], [ 125.344797200000016, -1.888177 ], [ 125.332833600000072, -1.87563659999995 ], [ 125.328265900000019, -1.831207799999959 ], [ 125.3376594, -1.822611499999937 ], [ 125.34170250000011, -1.812972799999955 ], [ 125.346953, -1.810948199999928 ], [ 125.346554100000048, -1.806778 ], [ 125.349541900000077, -1.804585199999963 ], [ 125.354146900000046, -1.803927299999941 ], [ 125.356257500000083, -1.805900899999926 ], [ 125.355088300000034, -1.808111099999962 ], [ 125.361892500000067, -1.810493399999928 ], [ 125.375733100000048, -1.807138499999951 ], [ 125.376294600000051, -1.80214559999996 ], [ 125.373471300000119, -1.798582299999964 ], [ 125.361657300000047, -1.796225 ], [ 125.359923200000026, -1.799731399999928 ], [ 125.356230100000062, -1.795430099999976 ], [ 125.366646100000025, -1.779066 ], [ 125.375115900000083, -1.777284299999963 ], [ 125.385915700000055, -1.779203 ], [ 125.3911309, -1.78479619999996 ], [ 125.392740900000035, -1.778216199999974 ], [ 125.403298500000119, -1.775083699999925 ], [ 125.409924500000102, -1.77745989999994 ], [ 125.412525300000084, -1.796512799999959 ], [ 125.419712900000036, -1.799322399999937 ], [ 125.420529800000054, -1.806863799999974 ], [ 125.42634790000011, -1.809843699999931 ], [ 125.443313300000113, -1.797184299999969 ], [ 125.445615800000041, -1.800692899999945 ], [ 125.450146600000039, -1.799825099999964 ], [ 125.454095400000028, -1.781570899999963 ], [ 125.457374900000104, -1.777558399999975 ], [ 125.470532, -1.778627399999948 ], [ 125.474850400000037, -1.781438099999946 ], [ 125.480509400000074, -1.778353299999935 ], [ 125.488157000000115, -1.782574499999953 ], [ 125.488266600000088, -1.784822199999951 ], [ 125.480699, -1.795555299999933 ], [ 125.473597700000028, -1.79964549999994 ], [ 125.475599200000033, -1.803302 ], [ 125.478672900000106, -1.801350699999944 ], [ 125.483689, -1.802693899999952 ], [ 125.48272970000005, -1.806531299999961 ], [ 125.487864900000091, -1.809585399999946 ], [ 125.486198100000024, -1.814289099999939 ], [ 125.489171200000101, -1.819523899999979 ], [ 125.497613600000022, -1.806695799999943 ], [ 125.496750500000076, -1.816882799999973 ], [ 125.499970900000108, -1.821470099999942 ], [ 125.501940000000104, -1.821305799999948 ], [ 125.503479500000026, -1.812698699999942 ], [ 125.506196500000101, -1.813787499999933 ], [ 125.509454900000037, -1.808093699999972 ], [ 125.516746100000091, -1.817605199999946 ], [ 125.515216800000076, -1.80620579999993 ], [ 125.517897400000038, -1.800583199999949 ], [ 125.521159200000056, -1.801487799999961 ], [ 125.524530700000014, -1.809875399999953 ], [ 125.526513600000044, -1.811328199999934 ], [ 125.526065700000117, -1.797458399999925 ], [ 125.531389200000035, -1.793785499999956 ], [ 125.53338430000008, -1.78929009999996 ], [ 125.540072500000065, -1.786028199999976 ], [ 125.544047, -1.793292 ], [ 125.539440500000069, -1.803695 ], [ 125.542183100000102, -1.803872499999954 ], [ 125.541935500000022, -1.810050199999978 ], [ 125.550378900000055, -1.801487799999961 ], [ 125.554764600000112, -1.803872499999954 ], [ 125.562878100000034, -1.802200499999969 ], [ 125.585025800000039, -1.808888599999932 ], [ 125.589110000000119, -1.804722199999958 ], [ 125.588178, -1.811629699999969 ], [ 125.593162, -1.813959599999976 ], [ 125.598402100000044, -1.807847 ], [ 125.602376700000036, -1.811849 ], [ 125.600348300000064, -1.816466499999933 ], [ 125.604151500000057, -1.819282899999962 ], [ 125.616668000000118, -1.819982399999958 ], [ 125.618932600000107, -1.814061199999969 ], [ 125.622818100000018, -1.812190499999929 ], [ 125.629252700000052, -1.82271609999998 ], [ 125.628898400000026, -1.828267299999936 ], [ 125.638879200000019, -1.830004199999962 ], [ 125.647842, -1.821337099999937 ], [ 125.677011600000014, -1.826073299999962 ], [ 125.68874720000008, -1.822325499999977 ], [ 125.692427100000032, -1.829027399999973 ], [ 125.697278800000049, -1.829931899999963 ], [ 125.704520500000058, -1.819505699999979 ], [ 125.714896900000099, -1.816096499999958 ], [ 125.719172900000103, -1.822572199999968 ], [ 125.723479500000053, -1.822947699999929 ], [ 125.722153800000115, -1.827444399999933 ], [ 125.72399340000004, -1.828708899999924 ], [ 125.731550800000036, -1.824105399999951 ], [ 125.730057200000033, -1.815558799999963 ], [ 125.741437900000051, -1.811964799999942 ], [ 125.745512600000097, -1.805969799999957 ], [ 125.748690800000077, -1.806547099999932 ], [ 125.749527300000068, -1.815321099999949 ], [ 125.754051600000025, -1.814559599999939 ], [ 125.755102700000066, -1.807152 ], [ 125.757081300000095, -1.806473899999958 ], [ 125.762392400000067, -1.808253399999955 ], [ 125.766086100000052, -1.805570799999941 ], [ 125.767813100000012, -1.807670299999927 ], [ 125.770116200000075, -1.806302899999935 ], [ 125.769373300000098, -1.80986489999998 ], [ 125.772617, -1.812569599999961 ], [ 125.775232800000026, -1.809860199999946 ], [ 125.77485850000005, -1.805383899999924 ], [ 125.778795500000115, -1.809594199999935 ], [ 125.781372800000099, -1.807472399999938 ], [ 125.780192, -1.798049499999934 ], [ 125.786002100000019, -1.799480699999947 ], [ 125.783894300000043, -1.805003899999974 ], [ 125.789804100000083, -1.805475899999976 ], [ 125.792202800000041, -1.808294499999931 ], [ 125.796586600000069, -1.806387099999938 ], [ 125.801008800000091, -1.809347399999979 ], [ 125.815408500000103, -1.811174799999947 ], [ 125.82288410000001, -1.810054099999945 ], [ 125.825805500000115, -1.804570899999931 ], [ 125.832329900000104, -1.802366799999959 ], [ 125.83594810000011, -1.804303899999979 ], [ 125.842270800000051, -1.802330299999937 ], [ 125.849872700000105, -1.806862199999955 ], [ 125.853710200000023, -1.802549599999963 ], [ 125.863833800000066, -1.80609469999996 ], [ 125.875382800000011, -1.806496699999968 ], [ 125.8776487, -1.800429799999961 ], [ 125.882976400000075, -1.801216099999976 ], [ 125.884994700000107, -1.794691899999975 ], [ 125.906179800000018, -1.797341 ], [ 125.912705600000095, -1.79315889999998 ], [ 125.952031300000044, -1.797810899999945 ], [ 125.95732170000008, -1.795634 ], [ 126.057311200000072, -1.801826499999947 ], [ 126.088836100000094, -1.808611199999973 ], [ 126.127715900000112, -1.811179399999958 ], [ 126.146055900000079, -1.810469699999942 ], [ 126.1599347, -1.806568199999958 ], [ 126.161606800000072, -1.808459499999969 ], [ 126.176298800000041, -1.809638199999938 ], [ 126.179384400000117, -1.806684099999927 ], [ 126.183447200000046, -1.808559899999977 ], [ 126.19665550000002, -1.804840799999965 ], [ 126.20082530000002, -1.808256299999925 ], [ 126.203700500000082, -1.80818359999995 ], [ 126.205151800000067, -1.806826499999943 ], [ 126.205047, -1.813475599999947 ], [ 126.208060700000033, -1.815393799999924 ], [ 126.223161300000015, -1.81807809999998 ], [ 126.245350500000086, -1.816923599999939 ], [ 126.254955100000075, -1.818807599999957 ], [ 126.266862600000081, -1.815723799999944 ], [ 126.275171900000032, -1.821367299999963 ], [ 126.284267800000066, -1.820104899999933 ], [ 126.289384200000086, -1.826667499999928 ], [ 126.299892900000032, -1.821808499999975 ], [ 126.305168200000026, -1.82857759999996 ], [ 126.315491, -1.823428299999932 ], [ 126.315814500000101, -1.819029299999954 ], [ 126.314328700000033, -1.818521199999964 ], [ 126.312409000000116, -1.815746699999977 ], [ 126.316099400000098, -1.81856769999996 ], [ 126.324589800000012, -1.817368 ], [ 126.327745600000071, -1.815043 ], [ 126.327769400000079, -1.811885899999936 ], [ 126.340378300000111, -1.811008699999945 ], [ 126.352767800000038, -1.815092899999968 ], [ 126.345518800000036, -1.819865 ], [ 126.337437300000033, -1.819903 ], [ 126.325969700000087, -1.83284059999994 ], [ 126.320207, -1.84374669999994 ], [ 126.303217600000039, -1.847733299999959 ], [ 126.289852800000062, -1.855736699999966 ], [ 126.274214400000119, -1.85766289999998 ], [ 126.245731600000113, -1.879491399999949 ], [ 126.230336900000111, -1.879603 ], [ 126.21890140000005, -1.870554299999981 ], [ 126.206119600000079, -1.867131399999948 ], [ 126.196399800000108, -1.869375899999966 ], [ 126.186801, -1.876263 ], [ 126.177179200000069, -1.878340599999945 ], [ 126.16069020000009, -1.88637929999993 ], [ 126.138926100000049, -1.8914 ], [ 126.100533900000073, -1.881183 ], [ 126.097933700000112, -1.878626599999961 ], [ 126.089162200000032, -1.878865699999949 ], [ 126.079917500000079, -1.882944099999975 ], [ 126.058257, -1.884958899999958 ], [ 126.03853330000004, -1.895350099999973 ], [ 126.02742980000005, -1.896257499999933 ], [ 126.012048, -1.906551099999945 ], [ 125.999490700000024, -1.909166 ], [ 125.984226, -1.916791 ], [ 125.950333500000056, -1.920065299999976 ], [ 125.919950300000096, -1.938752099999931 ], [ 125.902465800000073, -1.93462379999994 ], [ 125.879867200000035, -1.913746799999956 ], [ 125.842707100000098, -1.89388189999994 ], [ 125.818585800000051, -1.902287799999954 ], [ 125.807869500000038, -1.907660599999929 ], [ 125.801946, -1.913783699999954 ], [ 125.794088400000078, -1.912508799999955 ], [ 125.789656500000092, -1.914659599999936 ], [ 125.784765000000107, -1.922352499999931 ], [ 125.784426800000119, -1.93314479999998 ], [ 125.778049600000031, -1.926948099999947 ], [ 125.774097400000073, -1.929126 ], [ 125.774912700000073, -1.923783499999956 ], [ 125.768087100000116, -1.920643899999959 ], [ 125.765363800000046, -1.920982199999969 ], [ 125.764800100000116, -1.92502369999994 ], [ 125.759847900000068, -1.929013199999929 ], [ 125.74865120000004, -1.926654199999973 ], [ 125.731982, -1.930045299999961 ], [ 125.700048500000094, -1.928987199999938 ] ] ], [ [ [ 125.420667600000115, -1.884507599999949 ], [ 125.419597700000054, -1.89180609999994 ], [ 125.416178100000025, -1.896169599999951 ], [ 125.412508200000048, -1.8954 ], [ 125.412044300000048, -1.890788599999951 ], [ 125.417720700000018, -1.884392199999979 ], [ 125.420667600000115, -1.884507599999949 ] ] ], [ [ [ 125.3882446, -1.880351399999938 ], [ 125.3872943, -1.891790799999967 ], [ 125.372200300000031, -1.889671 ], [ 125.375635700000089, -1.881374799999946 ], [ 125.38133710000011, -1.881265099999951 ], [ 125.38345680000009, -1.878487499999949 ], [ 125.3882446, -1.880351399999938 ] ] ], [ [ [ 125.623599300000024, -1.805180199999938 ], [ 125.62389040000005, -1.810493 ], [ 125.621520600000053, -1.811460299999965 ], [ 125.620495100000085, -1.806553899999926 ], [ 125.623599300000024, -1.805180199999938 ] ] ], [ [ [ 125.748394600000097, -1.800840199999925 ], [ 125.750542100000075, -1.801422699999932 ], [ 125.749712800000111, -1.803836699999977 ], [ 125.748467500000061, -1.803356699999938 ], [ 125.748394600000097, -1.800840199999925 ] ] ], [ [ [ 125.417830300000105, -1.797391399999981 ], [ 125.416373900000053, -1.79356439999998 ], [ 125.418418600000109, -1.792715099999953 ], [ 125.417830300000105, -1.797391399999981 ] ] ], [ [ [ 125.424362400000064, -1.767403599999966 ], [ 125.425390500000049, -1.76979179999995 ], [ 125.419766600000116, -1.774880799999949 ], [ 125.416961900000047, -1.769707899999958 ], [ 125.424362400000064, -1.767403599999966 ] ] ], [ [ [ 125.5428468, -1.756081199999926 ], [ 125.54299350000008, -1.766379399999948 ], [ 125.546980300000087, -1.772030199999961 ], [ 125.552297600000088, -1.774640399999953 ], [ 125.551466600000026, -1.778344699999934 ], [ 125.538444100000106, -1.780990599999939 ], [ 125.535806300000104, -1.780107299999941 ], [ 125.537972500000024, -1.776062499999966 ], [ 125.535671400000069, -1.77672119999994 ], [ 125.533720200000062, -1.771998799999949 ], [ 125.531291600000031, -1.774733199999957 ], [ 125.526608900000042, -1.771655399999929 ], [ 125.5224296, -1.776595099999952 ], [ 125.514148200000022, -1.779370399999948 ], [ 125.50775340000007, -1.778199299999926 ], [ 125.50823610000009, -1.773785299999929 ], [ 125.515323500000022, -1.770241399999975 ], [ 125.521856600000092, -1.76040839999996 ], [ 125.525876, -1.761746399999936 ], [ 125.527848400000039, -1.769549799999936 ], [ 125.531217300000094, -1.760930099999939 ], [ 125.538068400000043, -1.755563499999937 ], [ 125.5428468, -1.756081199999926 ] ] ], [ [ [ 125.6941792, -1.760914699999944 ], [ 125.687733700000081, -1.755332899999928 ], [ 125.6886766, -1.752540099999976 ], [ 125.694876200000067, -1.751533 ], [ 125.70115880000003, -1.75568949999996 ], [ 125.69769210000004, -1.760865299999978 ], [ 125.6941792, -1.760914699999944 ] ] ], [ [ [ 125.924274700000069, -2.272689899999932 ], [ 125.905316900000116, -2.242871399999956 ], [ 125.896925900000042, -2.236036 ], [ 125.880347300000039, -2.21257339999994 ], [ 125.879555500000038, -2.193956399999934 ], [ 125.887268400000039, -2.175156299999969 ], [ 125.880737900000099, -2.152082699999937 ], [ 125.880852000000118, -2.139190099999951 ], [ 125.867879700000117, -2.110526299999947 ], [ 125.862979600000017, -2.10573949999997 ], [ 125.859971400000063, -2.096463 ], [ 125.855919900000117, -2.091822 ], [ 125.857932700000106, -2.060214299999927 ], [ 125.871313500000042, -2.026547599999958 ], [ 125.880075100000113, -2.019044899999926 ], [ 125.889692600000103, -1.999709 ], [ 125.897849900000097, -1.995076499999925 ], [ 125.899608200000102, -1.982803399999966 ], [ 125.902935600000092, -1.982870899999966 ], [ 125.906690800000092, -1.976539299999956 ], [ 125.912422300000117, -1.973956299999941 ], [ 125.915776500000106, -1.975521299999969 ], [ 125.915072200000054, -1.980473199999949 ], [ 125.920823300000052, -1.976589799999942 ], [ 125.922633, -1.980497699999944 ], [ 125.92583860000002, -1.977695599999947 ], [ 125.925803700000074, -1.979448899999966 ], [ 125.928360500000053, -1.982031099999972 ], [ 125.933836300000053, -1.97896929999996 ], [ 125.936980700000049, -1.981230699999969 ], [ 125.938356000000113, -1.978861299999949 ], [ 125.935719800000015, -1.977301799999964 ], [ 125.937609600000087, -1.97707939999998 ], [ 125.944432100000085, -1.980227 ], [ 125.9429139, -1.981891399999938 ], [ 125.944486100000063, -1.98513429999997 ], [ 125.947332, -1.98374629999995 ], [ 125.946934900000088, -1.986128399999927 ], [ 125.951826300000107, -1.989913899999976 ], [ 125.952935900000057, -1.987465 ], [ 125.9561883, -1.987813399999936 ], [ 125.959415300000046, -1.995465899999942 ], [ 125.969100600000047, -1.999652099999935 ], [ 125.971251900000084, -2.004858299999967 ], [ 125.9754196, -2.003256199999953 ], [ 125.976696400000037, -2.008045899999956 ], [ 125.9871270000001, -2.015205599999945 ], [ 125.98794010000006, -2.021511399999952 ], [ 125.992314800000031, -2.025992 ], [ 125.99284630000011, -2.045411799999954 ], [ 125.988085200000114, -2.053399899999931 ], [ 125.981202300000064, -2.055969499999946 ], [ 125.983378700000117, -2.06475359999996 ], [ 125.978087900000105, -2.07333639999996 ], [ 125.960404700000026, -2.120287599999926 ], [ 125.957050700000082, -2.145381 ], [ 125.957717800000069, -2.158673 ], [ 125.967321800000036, -2.193975399999943 ], [ 125.973446400000057, -2.20376559999994 ], [ 125.981790500000102, -2.226111299999957 ], [ 126.000029400000017, -2.254625099999942 ], [ 126.000013700000068, -2.260140799999931 ], [ 126.005563700000039, -2.266723 ], [ 126.01994430000002, -2.299000599999943 ], [ 126.0213635, -2.313202499999932 ], [ 126.03867850000006, -2.34759269999995 ], [ 126.039183300000104, -2.359500099999934 ], [ 126.046941200000106, -2.367966399999943 ], [ 126.072412400000076, -2.420073799999955 ], [ 126.073475500000086, -2.441453099999933 ], [ 126.070558100000085, -2.450998599999934 ], [ 126.058098700000073, -2.470432899999935 ], [ 126.049535600000013, -2.477341099999933 ], [ 126.042461100000082, -2.475509099999954 ], [ 126.038990100000092, -2.47117019999996 ], [ 126.016993700000057, -2.459674599999971 ], [ 125.995937600000047, -2.444998899999973 ], [ 125.978509200000076, -2.421827499999949 ], [ 125.973861600000077, -2.412704199999951 ], [ 125.973002800000017, -2.402875799999947 ], [ 125.966570800000113, -2.396310799999981 ], [ 125.963485300000116, -2.38661129999997 ], [ 125.961769200000049, -2.366018899999972 ], [ 125.959499800000117, -2.362939 ], [ 125.961618300000055, -2.343658399999924 ], [ 125.95859930000006, -2.326038 ], [ 125.945937800000024, -2.303818299999932 ], [ 125.930804900000112, -2.287576499999943 ], [ 125.924274700000069, -2.272689899999932 ] ] ], [ [ [ 125.927804700000024, -1.980671699999959 ], [ 125.928284300000087, -1.981484799999976 ], [ 125.927614100000028, -1.980779699999971 ], [ 125.927804700000024, -1.980671699999959 ] ] ], [ [ [ 125.926261100000033, -1.97754 ], [ 125.927728500000057, -1.977463799999953 ], [ 125.927442600000063, -1.97828 ], [ 125.926261100000033, -1.97754 ] ] ], [ [ [ 125.928547900000012, -1.976476 ], [ 125.929135500000029, -1.978337199999942 ], [ 125.928090600000019, -1.977736899999968 ], [ 125.928547900000012, -1.976476 ] ] ], [ [ [ 125.932683800000063, -1.971735799999976 ], [ 125.9265646, -1.97557489999997 ], [ 125.928882700000031, -1.972236899999928 ], [ 125.932683800000063, -1.971735799999976 ] ] ], [ [ [ 125.785835, -1.94179349999996 ], [ 125.784598600000095, -1.94342249999994 ], [ 125.7827459, -1.941132299999936 ], [ 125.7838, -1.940660199999968 ], [ 125.785835, -1.94179349999996 ] ] ], [ [ [ 125.806681400000116, -1.915735099999949 ], [ 125.802006700000106, -1.92027969999998 ], [ 125.795611500000064, -1.921255199999962 ], [ 125.802657100000033, -1.913835699999936 ], [ 125.806698700000084, -1.912465399999974 ], [ 125.806681400000116, -1.915735099999949 ] ] ], [ [ [ 125.857989, -1.906355 ], [ 125.858215, -1.90607 ], [ 125.858209000000102, -1.906385 ], [ 125.857989, -1.906355 ] ] ], [ [ [ 125.796900500000106, -1.804944199999966 ], [ 125.796187900000064, -1.801716099999965 ], [ 125.798482300000046, -1.80015149999997 ], [ 125.799442400000089, -1.803735299999971 ], [ 125.796900500000106, -1.804944199999966 ] ] ], [ [ [ 125.94297610000001, -1.971585 ], [ 125.942644200000018, -1.97053139999997 ], [ 125.943237700000054, -1.970595299999957 ], [ 125.94297610000001, -1.971585 ] ] ], [ [ [ 126.477828, -1.835955 ], [ 126.478695, -1.836102 ], [ 126.478347, -1.83663 ], [ 126.477828, -1.835955 ] ] ], [ [ [ 126.338765500000022, -1.835495099999946 ], [ 126.3390094, -1.834763799999962 ], [ 126.339328300000034, -1.835424099999955 ], [ 126.338765500000022, -1.835495099999946 ] ] ], [ [ [ 126.337760100000082, -1.834969199999932 ], [ 126.338048800000024, -1.834378199999946 ], [ 126.338188100000025, -1.834788899999978 ], [ 126.337760100000082, -1.834969199999932 ] ] ], [ [ [ 126.33683730000007, -1.834464399999945 ], [ 126.337162800000101, -1.83390739999993 ], [ 126.337167800000088, -1.834483399999954 ], [ 126.33683730000007, -1.834464399999945 ] ] ], [ [ [ 126.336860000000115, -1.832862 ], [ 126.337127, -1.832594 ], [ 126.337233, -1.832852 ], [ 126.336860000000115, -1.832862 ] ] ], [ [ [ 126.351958, -1.823942 ], [ 126.352142, -1.823782 ], [ 126.352142, -1.823924 ], [ 126.351958, -1.823942 ] ] ], [ [ [ 126.349447, -1.823684 ], [ 126.349293000000102, -1.823438 ], [ 126.349496, -1.823475 ], [ 126.349447, -1.823684 ] ] ], [ [ [ 126.343171700000084, -1.820853399999976 ], [ 126.345858500000077, -1.82147729999997 ], [ 126.346330700000067, -1.822050599999955 ], [ 126.343959300000051, -1.822661599999947 ], [ 126.343171700000084, -1.820853399999976 ] ] ], [ [ [ 126.337646, -1.821168 ], [ 126.338544, -1.822316 ], [ 126.337347, -1.822166 ], [ 126.337646, -1.821168 ] ] ], [ [ [ 126.457721000000106, -1.801145899999938 ], [ 126.44953390000012, -1.806861 ], [ 126.464436, -1.80381129999995 ], [ 126.478898400000048, -1.805790499999944 ], [ 126.469969300000116, -1.808919499999945 ], [ 126.470272200000068, -1.810979299999929 ], [ 126.475603400000068, -1.812857299999962 ], [ 126.4634870000001, -1.819097199999931 ], [ 126.465970900000116, -1.821035799999947 ], [ 126.486657400000013, -1.820345799999927 ], [ 126.479682800000091, -1.833052099999975 ], [ 126.464334500000064, -1.837668699999938 ], [ 126.451881, -1.838086899999951 ], [ 126.438946000000101, -1.83478109999993 ], [ 126.432914900000014, -1.830592299999978 ], [ 126.412925100000052, -1.82812569999993 ], [ 126.401593400000024, -1.831223199999954 ], [ 126.395073600000046, -1.836025599999971 ], [ 126.384639400000083, -1.837278099999935 ], [ 126.382296900000028, -1.836389599999961 ], [ 126.383104700000104, -1.830008299999974 ], [ 126.376158, -1.830573699999945 ], [ 126.378338900000017, -1.826292599999931 ], [ 126.356125600000041, -1.829362099999969 ], [ 126.350148200000035, -1.826292599999931 ], [ 126.374542500000075, -1.82185 ], [ 126.382781600000044, -1.815387899999962 ], [ 126.390200700000037, -1.816385499999967 ], [ 126.405168000000117, -1.813070099999948 ], [ 126.425389400000086, -1.81224919999994 ], [ 126.432415200000037, -1.809145399999977 ], [ 126.4406484000001, -1.80138379999994 ], [ 126.457721000000106, -1.801145899999938 ] ] ], [ [ [ 126.266806, -1.814655 ], [ 126.267191, -1.814437 ], [ 126.267222, -1.814941 ], [ 126.266806, -1.814655 ] ] ], [ [ [ 126.203362700000071, -1.80716039999993 ], [ 126.203934100000083, -1.807865499999934 ], [ 126.20352180000009, -1.808003799999938 ], [ 126.203362700000071, -1.80716039999993 ] ] ] ] } },
{ "type": "Feature", "properties": { "kab_kota": "Kepulauan Tanimbar (Maluku Tenggara Barat)", "provinsi": "Maluku", "regency_code": "id8101" }, "geometry": { "type": "MultiPolygon", "coordinates": [ [ [ [ 130.820108600000026, -8.340994499999965 ], [ 130.785243600000058, -8.346456499999931 ], [ 130.786761600000091, -8.341122499999926 ], [ 130.779295600000069, -8.338030499999945 ], [ 130.774134600000025, -8.345249499999966 ], [ 130.767948600000068, -8.346677499999942 ], [ 130.757243600000038, -8.342667499999948 ], [ 130.755692600000089, -8.337783499999944 ], [ 130.765930600000047, -8.325001499999928 ], [ 130.78341260000002, -8.31761849999998 ], [ 130.79260760000011, -8.299167499999953 ], [ 130.798477600000069, -8.29848949999996 ], [ 130.79579160000003, -8.292351499999938 ], [ 130.79925860000003, -8.282882499999971 ], [ 130.805499600000076, -8.28017049999994 ], [ 130.816889600000081, -8.265725499999974 ], [ 130.820568600000115, -8.259231599999964 ], [ 130.818755600000031, -8.253481499999964 ], [ 130.826225600000043, -8.257878499999947 ], [ 130.829584600000089, -8.256724499999962 ], [ 130.872815600000081, -8.220355499999926 ], [ 130.883990600000061, -8.21711449999998 ], [ 130.898674600000049, -8.220666499999936 ], [ 130.908132600000044, -8.219885499999975 ], [ 130.921954600000049, -8.213720499999965 ], [ 130.928982500000075, -8.199210599999958 ], [ 130.927547600000025, -8.19254049999995 ], [ 130.919434600000045, -8.180543499999942 ], [ 130.920558600000049, -8.175295499999947 ], [ 130.915929600000027, -8.171570499999973 ], [ 130.917196600000011, -8.162575499999946 ], [ 130.91340260000004, -8.155486499999938 ], [ 130.9140996000001, -8.150788499999976 ], [ 130.916311600000085, -8.142492499999946 ], [ 130.923055600000112, -8.134548499999937 ], [ 130.936854600000061, -8.125628499999948 ], [ 130.939109600000052, -8.136965499999974 ], [ 130.943386600000053, -8.140542499999981 ], [ 130.9730336, -8.136740499999974 ], [ 130.9785726, -8.139295499999946 ], [ 130.979582600000072, -8.147164499999974 ], [ 130.98690160000001, -8.149263499999961 ], [ 130.990248600000086, -8.145361499999979 ], [ 130.997674600000096, -8.144987499999957 ], [ 131.003352600000085, -8.130887499999972 ], [ 130.996779600000082, -8.131675499999972 ], [ 130.985698600000092, -8.128422499999942 ], [ 130.985252600000081, -8.115843499999926 ], [ 131.000921600000083, -8.092263499999945 ], [ 131.017451600000072, -8.079246499999954 ], [ 131.03056760000004, -8.076862499999947 ], [ 131.033849700000019, -8.077765499999941 ], [ 131.044090600000118, -8.094191499999965 ], [ 131.06043360000001, -8.09810049999993 ], [ 131.069319600000085, -8.107513499999925 ], [ 131.075978600000099, -8.107275499999957 ], [ 131.0763296, -8.110257499999932 ], [ 131.081826600000113, -8.112337499999967 ], [ 131.087425600000074, -8.128119499999968 ], [ 131.081095600000026, -8.138126499999942 ], [ 131.064359700000068, -8.151211501999967 ], [ 131.067062600000099, -8.151488499999971 ], [ 131.064517600000045, -8.160570499999949 ], [ 131.066917600000011, -8.162341499999968 ], [ 131.080899600000066, -8.157323499999961 ], [ 131.107728300000076, -8.13807369999995 ], [ 131.112215400000082, -8.132507099999941 ], [ 131.110134900000048, -8.128331099999969 ], [ 131.126552800000013, -8.116019299999948 ], [ 131.131859300000087, -8.117598299999941 ], [ 131.147117700000081, -8.11518209999997 ], [ 131.167588400000113, -8.119362299999977 ], [ 131.167954400000099, -8.131925399999943 ], [ 131.143850200000088, -8.158276699999931 ], [ 131.128850900000089, -8.163845699999968 ], [ 131.117594300000064, -8.171744599999954 ], [ 131.113436800000045, -8.170714399999952 ], [ 131.106486500000074, -8.17391809999998 ], [ 131.10307570000009, -8.176139599999942 ], [ 131.104002, -8.177912499999934 ], [ 131.094376700000112, -8.181478899999945 ], [ 131.093663400000082, -8.183784299999957 ], [ 131.087583400000085, -8.182182699999942 ], [ 131.082640300000094, -8.184547799999962 ], [ 131.053697500000112, -8.20637279999994 ], [ 131.046170600000096, -8.20535719999998 ], [ 131.037913100000083, -8.200799599999925 ], [ 131.039183, -8.203003 ], [ 131.0317281, -8.210133499999927 ], [ 131.020289300000059, -8.210407 ], [ 131.018217100000015, -8.215572799999961 ], [ 131.0151532000001, -8.215883599999927 ], [ 131.014955800000052, -8.219474 ], [ 131.00218330000007, -8.22864009999995 ], [ 130.999947500000076, -8.226997799999936 ], [ 130.988266400000043, -8.236811399999965 ], [ 130.978020900000047, -8.237886699999933 ], [ 130.964711600000101, -8.229582499999935 ], [ 130.925575600000116, -8.229974499999969 ], [ 130.888870600000018, -8.24540849999994 ], [ 130.883036600000082, -8.254629499999965 ], [ 130.882011600000055, -8.261139499999956 ], [ 130.8832906, -8.263668499999937 ], [ 130.892867600000045, -8.265850499999942 ], [ 130.892646600000035, -8.273837499999956 ], [ 130.898724600000037, -8.286458499999981 ], [ 130.896218600000111, -8.290385499999957 ], [ 130.878745600000116, -8.300934499999926 ], [ 130.859237600000029, -8.305967499999952 ], [ 130.833811600000104, -8.320607499999937 ], [ 130.827001600000017, -8.321778499999937 ], [ 130.817214600000057, -8.336532499999976 ], [ 130.817141600000014, -8.340060499999936 ], [ 130.820108600000026, -8.340994499999965 ] ] ], [ [ [ 130.921489600000086, -8.260044499999935 ], [ 130.917878600000108, -8.262664499999971 ], [ 130.914539600000012, -8.262427499999944 ], [ 130.918624600000044, -8.257705499999929 ], [ 130.921082600000091, -8.257047499999942 ], [ 130.921489600000086, -8.260044499999935 ] ] ], [ [ [ 130.953390600000034, -7.745191499999976 ], [ 130.9549316, -7.750286499999959 ], [ 130.9488976, -7.773726499999952 ], [ 130.946349600000076, -7.776360499999953 ], [ 130.941641600000025, -7.775885499999958 ], [ 130.945422600000029, -7.775160599999936 ], [ 130.949893600000109, -7.765046499999926 ], [ 130.949729600000069, -7.761338499999965 ], [ 130.943598600000087, -7.755434499999978 ], [ 130.944699600000035, -7.746870499999943 ], [ 130.954836600000021, -7.737447499999973 ], [ 130.956306600000062, -7.739244499999927 ], [ 130.950635600000055, -7.744828499999926 ], [ 130.953390600000034, -7.745191499999976 ] ] ], [ [ [ 131.02774260000001, -7.750003 ], [ 131.027489600000081, -7.755459499999972 ], [ 131.02328440000008, -7.756056199999932 ], [ 131.022856600000068, -7.752994599999965 ], [ 131.025769600000103, -7.749999499999944 ], [ 131.02774260000001, -7.750003 ] ] ], [ [ [ 131.00813560000006, -7.742423499999973 ], [ 131.01328060000003, -7.743607499999939 ], [ 131.014338600000087, -7.746864599999981 ], [ 131.005059600000095, -7.760849499999949 ], [ 130.998864600000047, -7.75791049999998 ], [ 130.996856600000115, -7.745221499999957 ], [ 131.003843600000096, -7.736411499999974 ], [ 131.00646160000008, -7.737346499999944 ], [ 131.00813560000006, -7.742423499999973 ] ] ], [ [ [ 131.026789200000053, -7.704557 ], [ 131.025829600000066, -7.710880499999973 ], [ 131.035334600000056, -7.717505499999959 ], [ 131.041226600000073, -7.719072499999982 ], [ 131.040551600000072, -7.723909499999934 ], [ 131.032372600000031, -7.726662499999975 ], [ 131.029739600000084, -7.724743499999931 ], [ 131.020970600000055, -7.728238499999975 ], [ 131.017649600000027, -7.725202499999966 ], [ 131.01169260000006, -7.724929499999973 ], [ 131.008178600000065, -7.729745499999979 ], [ 131.003889600000093, -7.73115649999994 ], [ 131.002740600000038, -7.726225499999941 ], [ 131.000299600000062, -7.735409499999946 ], [ 130.991664600000036, -7.740274499999941 ], [ 130.987355600000114, -7.740394499999979 ], [ 130.982821600000079, -7.735637499999939 ], [ 130.970051600000033, -7.741902499999981 ], [ 130.965720600000054, -7.738411499999927 ], [ 130.963017600000057, -7.726859499999932 ], [ 130.968236600000068, -7.704879499999947 ], [ 130.962143600000104, -7.690268499999945 ], [ 130.970060600000011, -7.680764499999952 ], [ 131.012889600000108, -7.674203499999976 ], [ 131.024672600000031, -7.669660499999964 ], [ 131.044027600000049, -7.656154499999957 ], [ 131.046773600000051, -7.661960499999964 ], [ 131.04383160000009, -7.669323499999962 ], [ 131.044664600000033, -7.675723499999947 ], [ 131.048451600000021, -7.662888499999951 ], [ 131.053255600000057, -7.660386499999959 ], [ 131.060935600000107, -7.648961499999928 ], [ 131.065263600000094, -7.646527499999934 ], [ 131.073960600000078, -7.645752499999958 ], [ 131.077374600000098, -7.647577499999954 ], [ 131.080633600000056, -7.644477499999937 ], [ 131.096098600000118, -7.643854499999975 ], [ 131.098165600000016, -7.637232499999925 ], [ 131.095220600000061, -7.638239499999941 ], [ 131.096291600000086, -7.635397499999954 ], [ 131.10499660000005, -7.638797499999953 ], [ 131.124250600000096, -7.639770499999941 ], [ 131.117146600000069, -7.649816499999929 ], [ 131.115068600000086, -7.664204499999926 ], [ 131.11165660000006, -7.670099499999935 ], [ 131.114435600000093, -7.677577499999927 ], [ 131.1082096, -7.684391499999947 ], [ 131.106104600000094, -7.682963499999971 ], [ 131.105970100000036, -7.689779899999962 ], [ 131.102006600000095, -7.69572949999997 ], [ 131.097534600000017, -7.694474499999956 ], [ 131.092103600000087, -7.700474499999928 ], [ 131.087874600000077, -7.701050499999951 ], [ 131.088019600000052, -7.703858499999967 ], [ 131.079117600000018, -7.706976499999939 ], [ 131.05550960000005, -7.705836499999975 ], [ 131.053921600000081, -7.704035499999975 ], [ 131.059344600000031, -7.69430049999994 ], [ 131.055516600000033, -7.686472499999979 ], [ 131.061451600000055, -7.682983499999978 ], [ 131.060129600000096, -7.681453499999975 ], [ 131.050370600000065, -7.683024499999931 ], [ 131.042408600000044, -7.688452499999926 ], [ 131.035738600000059, -7.687576499999977 ], [ 131.0339576, -7.689390499999945 ], [ 131.035673600000109, -7.697655499999939 ], [ 131.032560600000011, -7.702272499999935 ], [ 131.026789200000053, -7.704557 ] ] ], [ [ [ 130.945163600000114, -7.646078499999931 ], [ 130.943741600000067, -7.641969499999959 ], [ 130.946102600000017, -7.639301499999931 ], [ 130.950738600000022, -7.640927499999975 ], [ 130.951109600000109, -7.644608499999947 ], [ 130.945163600000114, -7.646078499999931 ] ] ], [ [ [ 130.855335600000103, -7.495385499999941 ], [ 130.857619600000021, -7.50327249999998 ], [ 130.859356600000069, -7.501074499999959 ], [ 130.877759600000104, -7.508449499999927 ], [ 130.876637600000095, -7.515922499999931 ], [ 130.873823600000037, -7.517473499999937 ], [ 130.873417600000039, -7.518641499999944 ], [ 130.871843600000034, -7.519409499999938 ], [ 130.870925600000078, -7.52113449999996 ], [ 130.877742600000033, -7.51579849999996 ], [ 130.881021600000054, -7.517116299999941 ], [ 130.880267600000025, -7.514415499999927 ], [ 130.882611600000018, -7.51297349999993 ], [ 130.902861600000051, -7.517932499999972 ], [ 130.901419600000054, -7.515904499999976 ], [ 130.915480600000024, -7.521527499999934 ], [ 130.931228600000054, -7.52074749999997 ], [ 130.936603600000012, -7.523837499999956 ], [ 130.935947600000077, -7.53369749999996 ], [ 130.939726600000085, -7.526379499999962 ], [ 130.954742600000031, -7.525192499999946 ], [ 130.960656600000107, -7.518720499999972 ], [ 130.957089600000018, -7.517537499999946 ], [ 130.962429600000064, -7.515496499999927 ], [ 130.960719600000061, -7.512892499999964 ], [ 130.9659276000001, -7.508851499999935 ], [ 130.973620600000118, -7.507186499999932 ], [ 130.979999600000042, -7.508670499999937 ], [ 130.988654600000018, -7.515574499999957 ], [ 130.979000600000063, -7.519915499999968 ], [ 130.972696600000063, -7.514938499999971 ], [ 130.967197600000077, -7.516105499999981 ], [ 130.972062600000072, -7.516400499999975 ], [ 130.96978260000003, -7.518581499999925 ], [ 130.966829600000096, -7.519300499999929 ], [ 130.966434600000071, -7.519985499999962 ], [ 130.978583600000093, -7.521334499999966 ], [ 130.977035600000022, -7.527400499999942 ], [ 130.973177600000099, -7.532842499999958 ], [ 130.967419600000085, -7.536199499999952 ], [ 130.963908600000082, -7.533785499999965 ], [ 130.954452600000081, -7.542155499999978 ], [ 130.956560600000103, -7.548432499999933 ], [ 130.960013600000025, -7.546717499999943 ], [ 130.960688600000026, -7.549817499999961 ], [ 130.964611600000012, -7.54835049999997 ], [ 130.969794600000114, -7.550638499999934 ], [ 130.975257600000077, -7.55631649999998 ], [ 130.980436600000075, -7.557403499999964 ], [ 130.981972600000063, -7.561990499999979 ], [ 130.972049600000105, -7.565470499999947 ], [ 130.960200700000087, -7.558461499999964 ], [ 130.951460600000019, -7.55622349999993 ], [ 130.948654600000054, -7.546811499999933 ], [ 130.944497600000091, -7.545596499999931 ], [ 130.943490600000018, -7.542948499999966 ], [ 130.945097600000054, -7.549535499999934 ], [ 130.926959600000032, -7.568196499999942 ], [ 130.928553700000066, -7.570490399999926 ], [ 130.918936600000052, -7.570626499999946 ], [ 130.913198600000101, -7.575415499999963 ], [ 130.901811600000087, -7.575364499999978 ], [ 130.893727600000034, -7.577958499999966 ], [ 130.884350600000062, -7.575519499999928 ], [ 130.881092600000102, -7.57124749999997 ], [ 130.878671600000075, -7.572098499999981 ], [ 130.875057600000105, -7.566566499999965 ], [ 130.85851260000004, -7.566309499999932 ], [ 130.843739600000049, -7.561945499999979 ], [ 130.833052600000087, -7.553484499999968 ], [ 130.838521600000036, -7.543256499999927 ], [ 130.844428600000015, -7.543547499999931 ], [ 130.839710600000103, -7.53753949999998 ], [ 130.841830600000094, -7.520553499999949 ], [ 130.840305600000079, -7.505790499999932 ], [ 130.837576600000034, -7.502206499999943 ], [ 130.839204600000016, -7.499465499999928 ], [ 130.842118600000049, -7.502887499999929 ], [ 130.8448816, -7.501023499999974 ], [ 130.854655600000115, -7.501349499999947 ], [ 130.854475600000114, -7.497489499999972 ], [ 130.848272600000087, -7.497429499999953 ], [ 130.849422600000025, -7.495518499999946 ], [ 130.855335600000103, -7.495385499999941 ] ] ], [ [ [ 130.981665600000042, -7.520799499999953 ], [ 130.983900600000084, -7.523312499999975 ], [ 130.9868126, -7.523631499999965 ], [ 130.9895146, -7.522518499999933 ], [ 130.989961600000015, -7.526047499999947 ], [ 130.995512600000097, -7.52951349999995 ], [ 130.995228600000019, -7.532375499999944 ], [ 130.992651600000045, -7.532420499999944 ], [ 130.987612600000034, -7.538987499999962 ], [ 130.987160600000038, -7.54568949999998 ], [ 130.988832600000023, -7.546625499999948 ], [ 130.983330600000045, -7.54875149999998 ], [ 130.965689600000019, -7.538149499999975 ], [ 130.973608600000034, -7.533308499999976 ], [ 130.97701660000007, -7.528238499999929 ], [ 130.978624900000113, -7.53153889999993 ], [ 130.980624600000056, -7.531169499999976 ], [ 130.977661600000033, -7.526791499999945 ], [ 130.981665600000042, -7.520799499999953 ] ] ], [ [ [ 130.997021600000039, -7.529801499999962 ], [ 130.9970336, -7.529086499999949 ], [ 130.997411600000078, -7.529376499999955 ], [ 130.997021600000039, -7.529801499999962 ] ] ], [ [ [ 130.996099600000093, -7.529525499999977 ], [ 130.996424600000068, -7.527913499999954 ], [ 130.996788600000059, -7.529002499999933 ], [ 130.996099600000093, -7.529525499999977 ] ] ], [ [ [ 130.987175600000114, -7.523252499999955 ], [ 130.987453600000094, -7.522765499999934 ], [ 130.987568600000031, -7.522979499999963 ], [ 130.987175600000114, -7.523252499999955 ] ] ], [ [ [ 131.031208600000014, -7.516589499999952 ], [ 131.0295896, -7.514519499999949 ], [ 131.031519600000024, -7.513979499999948 ], [ 131.031208600000014, -7.516589499999952 ] ] ], [ [ [ 130.992969600000038, -7.513968499999976 ], [ 130.997053600000072, -7.515770499999974 ], [ 130.991263600000025, -7.51333649999998 ], [ 130.992969600000038, -7.513968499999976 ] ] ], [ [ [ 130.997364600000083, -7.508677499999976 ], [ 131.004279600000018, -7.508639499999958 ], [ 131.006479600000034, -7.515699499999926 ], [ 131.003528600000095, -7.520649499999934 ], [ 130.997546600000078, -7.516420499999981 ], [ 130.999130600000058, -7.512459499999977 ], [ 130.997364600000083, -7.508677499999976 ] ] ], [ [ [ 131.01164940000001, -7.503894299999956 ], [ 131.006979600000022, -7.504889499999933 ], [ 131.01034960000004, -7.498817499999973 ], [ 131.013180600000055, -7.499613499999953 ], [ 131.01164940000001, -7.503894299999956 ] ] ], [ [ [ 130.819131600000105, -7.491150499999947 ], [ 130.819295600000032, -7.491805499999941 ], [ 130.81882260000009, -7.491615499999966 ], [ 130.819131600000105, -7.491150499999947 ] ] ], [ [ [ 130.820681600000057, -7.479648499999939 ], [ 130.829549600000064, -7.48515649999996 ], [ 130.829319600000076, -7.488605499999949 ], [ 130.834131600000092, -7.496702499999969 ], [ 130.83681260000003, -7.497497499999952 ], [ 130.824436600000013, -7.496703499999967 ], [ 130.817326600000115, -7.48315249999996 ], [ 130.817311600000039, -7.484921499999928 ], [ 130.813888600000041, -7.482946499999969 ], [ 130.814831600000048, -7.486371499999962 ], [ 130.811329600000022, -7.484297499999968 ], [ 130.814008600000079, -7.480212499999936 ], [ 130.820681600000057, -7.479648499999939 ] ] ], [ [ [ 130.810770600000069, -7.484754499999951 ], [ 130.81437260000007, -7.488006499999926 ], [ 130.818469600000071, -7.48871749999995 ], [ 130.815874600000029, -7.489350499999944 ], [ 130.812468600000102, -7.487397499999929 ], [ 130.809603600000059, -7.483511499999963 ], [ 130.810267600000088, -7.480748499999947 ], [ 130.810770600000069, -7.484754499999951 ] ] ], [ [ [ 130.815868600000044, -7.479594499999962 ], [ 130.815824600000042, -7.479082499999947 ], [ 130.816753600000084, -7.479422499999941 ], [ 130.815868600000044, -7.479594499999962 ] ] ], [ [ [ 130.8115606, -7.479522499999973 ], [ 130.811836600000106, -7.47888649999993 ], [ 130.812327600000117, -7.479401499999938 ], [ 130.8115606, -7.479522499999973 ] ] ], [ [ [ 130.819359600000098, -7.478648499999963 ], [ 130.820551600000044, -7.478696499999955 ], [ 130.8206106, -7.478964499999961 ], [ 130.819359600000098, -7.478648499999963 ] ] ], [ [ [ 130.821343600000091, -7.479350499999953 ], [ 130.822079600000052, -7.478433499999937 ], [ 130.821674600000051, -7.479472499999929 ], [ 130.821343600000091, -7.479350499999953 ] ] ], [ [ [ 130.818029600000045, -7.478508499999975 ], [ 130.818429600000059, -7.478868499999976 ], [ 130.81789260000005, -7.478587499999946 ], [ 130.818029600000045, -7.478508499999975 ] ] ], [ [ [ 130.818875600000069, -7.478241499999967 ], [ 130.818830600000069, -7.477181499999972 ], [ 130.819303600000012, -7.477647499999932 ], [ 130.818875600000069, -7.478241499999967 ] ] ], [ [ [ 130.827207600000065, -7.478045499999951 ], [ 130.825149600000032, -7.476964499999951 ], [ 130.826416600000016, -7.47544849999997 ], [ 130.827207600000065, -7.478045499999951 ] ] ], [ [ [ 130.825797600000101, -7.47287549999993 ], [ 130.832365600000117, -7.481198499999948 ], [ 130.828684600000088, -7.480407499999956 ], [ 130.826781600000118, -7.47416149999998 ], [ 130.821855600000049, -7.472523499999966 ], [ 130.825797600000101, -7.47287549999993 ] ] ], [ [ [ 130.8249786, -7.477275499999962 ], [ 130.824134600000093, -7.476791499999933 ], [ 130.825050600000054, -7.476210499999979 ], [ 130.8249786, -7.477275499999962 ] ] ], [ [ [ 130.819057600000065, -7.475492499999973 ], [ 130.819085600000108, -7.476957499999969 ], [ 130.817256600000064, -7.477003499999967 ], [ 130.817192600000112, -7.476665499999967 ], [ 130.819057600000065, -7.475492499999973 ] ] ], [ [ [ 130.819057600000065, -7.474667499999953 ], [ 130.825647600000025, -7.475238499999932 ], [ 130.82395560000009, -7.47693049999998 ], [ 130.819057600000065, -7.474667499999953 ] ] ], [ [ [ 130.82072560000006, -7.473539499999958 ], [ 130.818214600000033, -7.473725499999944 ], [ 130.820626600000082, -7.472923499999979 ], [ 130.82072560000006, -7.473539499999958 ] ] ], [ [ [ 130.82081160000007, -7.472903499999973 ], [ 130.821473600000104, -7.473054499999932 ], [ 130.821234600000025, -7.473438499999929 ], [ 130.82081160000007, -7.472903499999973 ] ] ], [ [ [ 131.090076600000089, -8.090900499999975 ], [ 131.081270600000039, -8.091769499999941 ], [ 131.083105600000067, -8.08544749999993 ], [ 131.088104600000065, -8.080353499999944 ], [ 131.09084160000009, -8.088334499999974 ], [ 131.090076600000089, -8.090900499999975 ] ] ], [ [ [ 131.087139600000114, -8.011725499999955 ], [ 131.096508600000107, -8.01741149999998 ], [ 131.095519600000102, -8.032321499999966 ], [ 131.106131600000026, -8.037163499999963 ], [ 131.104605600000014, -8.047470499999974 ], [ 131.099852600000077, -8.051818499999968 ], [ 131.085088600000063, -8.045646499999975 ], [ 131.080790600000114, -8.034934499999963 ], [ 131.0816066000001, -8.020537499999932 ], [ 131.083783600000061, -8.016941499999973 ], [ 131.08137760000011, -8.012207499999931 ], [ 131.087139600000114, -8.011725499999955 ] ] ], [ [ [ 131.070950100000118, -8.012733199999957 ], [ 131.070343, -8.016713599999946 ], [ 131.065879600000017, -8.018733499999939 ], [ 131.066965600000117, -8.015076499999964 ], [ 131.070950100000118, -8.012733199999957 ] ] ], [ [ [ 131.100049600000034, -7.838109499999973 ], [ 131.100619600000073, -7.837459499999966 ], [ 131.100619600000073, -7.838099499999942 ], [ 131.100049600000034, -7.838109499999973 ] ] ], [ [ [ 131.095789600000103, -7.836909499999933 ], [ 131.096079600000053, -7.834059499999967 ], [ 131.097489600000017, -7.83683949999994 ], [ 131.095789600000103, -7.836909499999933 ] ] ], [ [ [ 131.097669600000017, -7.835739499999931 ], [ 131.097869600000081, -7.83501949999993 ], [ 131.097949600000106, -7.835078499999952 ], [ 131.097669600000017, -7.835739499999931 ] ] ], [ [ [ 131.072996100000069, -7.767102099999931 ], [ 131.067322700000091, -7.762999799999932 ], [ 131.064375500000097, -7.753815199999963 ], [ 131.0684635, -7.752873199999954 ], [ 131.076999600000022, -7.741932499999962 ], [ 131.081085600000051, -7.740622499999972 ], [ 131.0879106000001, -7.726945499999943 ], [ 131.092535600000019, -7.723626499999966 ], [ 131.092831600000068, -7.731136499999934 ], [ 131.09794260000001, -7.735943499999962 ], [ 131.097148600000082, -7.740002499999946 ], [ 131.09123360000001, -7.744979499999943 ], [ 131.091689600000109, -7.751020499999981 ], [ 131.082216600000038, -7.741622499999949 ], [ 131.07855660000007, -7.743581499999948 ], [ 131.086411600000019, -7.74818149999993 ], [ 131.087379600000077, -7.754589499999952 ], [ 131.080544300000042, -7.766758299999935 ], [ 131.072996100000069, -7.767102099999931 ] ] ], [ [ [ 131.104315200000087, -7.752435299999945 ], [ 131.104267700000037, -7.754955199999927 ], [ 131.101130300000023, -7.756179799999927 ], [ 131.104315200000087, -7.752435299999945 ] ] ], [ [ [ 131.111576300000024, -7.755543899999964 ], [ 131.111142600000107, -7.751852399999962 ], [ 131.113266700000054, -7.751917399999968 ], [ 131.111576300000024, -7.755543899999964 ] ] ], [ [ [ 131.11340650000011, -7.751987799999938 ], [ 131.115171200000077, -7.751499099999933 ], [ 131.113523800000053, -7.75329069999998 ], [ 131.11340650000011, -7.751987799999938 ] ] ], [ [ [ 131.114923, -7.750572699999964 ], [ 131.114505700000109, -7.749096899999927 ], [ 131.115539600000034, -7.749462 ], [ 131.114923, -7.750572699999964 ] ] ], [ [ [ 131.117233100000021, -7.750221499999952 ], [ 131.116353700000104, -7.748384499999929 ], [ 131.117637100000024, -7.748737799999958 ], [ 131.117233100000021, -7.750221499999952 ] ] ], [ [ [ 131.112788500000079, -7.750080199999957 ], [ 131.107167400000094, -7.75159919999993 ], [ 131.106276100000059, -7.751387299999976 ], [ 131.112562700000012, -7.74534639999996 ], [ 131.112788500000079, -7.750080199999957 ] ] ], [ [ [ 131.119238600000017, -7.73673649999995 ], [ 131.115726600000016, -7.742461499999933 ], [ 131.114458600000034, -7.742317499999956 ], [ 131.116421600000081, -7.733745499999941 ], [ 131.119238600000017, -7.73673649999995 ] ] ], [ [ [ 131.107177700000079, -7.734463699999935 ], [ 131.105433600000083, -7.734220499999935 ], [ 131.106522600000062, -7.732353499999931 ], [ 131.107177700000079, -7.734463699999935 ] ] ], [ [ [ 131.105720600000041, -7.729153499999939 ], [ 131.101798600000052, -7.734843499999954 ], [ 131.103520600000024, -7.728032499999927 ], [ 131.105720600000041, -7.729153499999939 ] ] ], [ [ [ 131.099587600000064, -7.731448499999942 ], [ 131.099560600000018, -7.730688499999928 ], [ 131.100008600000024, -7.731044499999939 ], [ 131.099587600000064, -7.731448499999942 ] ] ], [ [ [ 131.098678600000085, -7.730331499999977 ], [ 131.098984600000108, -7.729983499999946 ], [ 131.09886460000007, -7.730572499999937 ], [ 131.098678600000085, -7.730331499999977 ] ] ], [ [ [ 131.099799600000097, -7.730523499999947 ], [ 131.101993600000014, -7.724947499999928 ], [ 131.104224600000066, -7.723443499999973 ], [ 131.102729600000089, -7.730915499999981 ], [ 131.099799600000097, -7.730523499999947 ] ] ], [ [ [ 131.096176600000035, -7.727965499999925 ], [ 131.091862600000013, -7.721393499999976 ], [ 131.092563600000062, -7.720343499999956 ], [ 131.099229600000058, -7.723300499999937 ], [ 131.098223600000097, -7.727667499999939 ], [ 131.096176600000035, -7.727965499999925 ] ] ], [ [ [ 131.101760600000034, -7.72440649999993 ], [ 131.098576600000115, -7.721881499999938 ], [ 131.100788600000101, -7.717878499999927 ], [ 131.104400600000076, -7.720434399999931 ], [ 131.101760600000034, -7.72440649999993 ] ] ], [ [ [ 131.03679360000001, -7.710234299999968 ], [ 131.037365600000044, -7.715336499999978 ], [ 131.034974600000055, -7.715785499999981 ], [ 131.034199600000079, -7.709415499999977 ], [ 131.03679360000001, -7.710234299999968 ] ] ], [ [ [ 131.110214700000029, -7.693395199999941 ], [ 131.109049600000048, -7.690634499999931 ], [ 131.110996600000021, -7.689729499999942 ], [ 131.112370600000077, -7.693129499999941 ], [ 131.110214700000029, -7.693395199999941 ] ] ], [ [ [ 131.113621600000101, -7.685616399999958 ], [ 131.1150953, -7.682389199999932 ], [ 131.119112400000063, -7.684462099999962 ], [ 131.116821100000038, -7.688418899999931 ], [ 131.113621600000101, -7.685616399999958 ] ] ], [ [ [ 131.055745400000092, -7.650267199999973 ], [ 131.052949600000034, -7.658577499999978 ], [ 131.048229600000013, -7.660144499999944 ], [ 131.046073600000113, -7.655114499999968 ], [ 131.047811600000045, -7.652545499999974 ], [ 131.051643600000034, -7.652388499999972 ], [ 131.053077600000051, -7.64941349999998 ], [ 131.055745400000092, -7.650267199999973 ] ] ], [ [ [ 131.038879600000087, -7.520129499999939 ], [ 131.03798960000006, -7.518549499999949 ], [ 131.039649600000075, -7.518469499999981 ], [ 131.038879600000087, -7.520129499999939 ] ] ], [ [ [ 131.033369600000015, -7.512929499999927 ], [ 131.032159600000114, -7.512889499999972 ], [ 131.032089600000063, -7.512509499999965 ], [ 131.033369600000015, -7.512929499999927 ] ] ], [ [ [ 131.035369600000081, -7.510149499999955 ], [ 131.035039600000118, -7.513919499999929 ], [ 131.033009600000014, -7.51143959999996 ], [ 131.035369600000081, -7.510149499999955 ] ] ], [ [ [ 131.160523600000033, -7.405006499999956 ], [ 131.168591600000013, -7.416682499999979 ], [ 131.1692326000001, -7.425309499999969 ], [ 131.15839660000006, -7.433840499999974 ], [ 131.147696600000017, -7.434625499999981 ], [ 131.150263600000017, -7.441130499999929 ], [ 131.142152600000031, -7.446831499999973 ], [ 131.140802600000029, -7.445220499999948 ], [ 131.137011600000051, -7.446757499999933 ], [ 131.138987600000064, -7.452006499999925 ], [ 131.132517600000028, -7.459117499999934 ], [ 131.132532600000104, -7.467701499999976 ], [ 131.125975600000061, -7.471270499999946 ], [ 131.121834600000057, -7.464546499999926 ], [ 131.118490600000086, -7.476076499999976 ], [ 131.106094600000119, -7.47456649999998 ], [ 131.104977600000097, -7.479109499999936 ], [ 131.098617600000011, -7.480715499999974 ], [ 131.096345600000063, -7.487281499999938 ], [ 131.09249960000011, -7.489435499999956 ], [ 131.084878600000025, -7.480516499999965 ], [ 131.086975600000073, -7.492844499999933 ], [ 131.079164600000013, -7.496398499999941 ], [ 131.076309600000059, -7.504589499999952 ], [ 131.068939600000022, -7.508679499999971 ], [ 131.059819600000083, -7.523849499999926 ], [ 131.047749600000088, -7.519679499999938 ], [ 131.04299960000003, -7.514889499999981 ], [ 131.040399600000114, -7.516659499999946 ], [ 131.036329600000045, -7.513699499999973 ], [ 131.038539600000036, -7.505219499999953 ], [ 131.045389600000021, -7.505429499999934 ], [ 131.045049600000084, -7.502449499999955 ], [ 131.048229600000013, -7.500359499999945 ], [ 131.049339600000053, -7.504869499999927 ], [ 131.054505600000084, -7.498574499999961 ], [ 131.055890600000112, -7.501229499999965 ], [ 131.061540600000058, -7.499076499999944 ], [ 131.061361600000055, -7.493601499999954 ], [ 131.060488600000099, -7.496175499999936 ], [ 131.059232600000087, -7.495089499999949 ], [ 131.059230600000092, -7.483967499999949 ], [ 131.048897600000032, -7.486228499999982 ], [ 131.045352600000115, -7.489605499999925 ], [ 131.048879600000078, -7.491033499999958 ], [ 131.047836600000096, -7.493885499999976 ], [ 131.039213600000039, -7.493348499999968 ], [ 131.033769600000028, -7.495511499999964 ], [ 131.033083600000055, -7.499032499999942 ], [ 131.02890960000002, -7.501089499999978 ], [ 131.012824600000044, -7.496916499999941 ], [ 131.009908600000017, -7.497904499999947 ], [ 131.003679600000055, -7.504279499999939 ], [ 130.990158600000086, -7.49766649999998 ], [ 130.98982060000003, -7.500508499999967 ], [ 130.987789600000042, -7.495598499999971 ], [ 130.983852600000091, -7.497968499999956 ], [ 130.977097600000093, -7.497411499999941 ], [ 130.97090060000005, -7.489787499999977 ], [ 130.969060600000034, -7.490441499999974 ], [ 130.971992600000021, -7.471252499999935 ], [ 130.970799600000078, -7.458315499999969 ], [ 130.980729600000018, -7.436329499999943 ], [ 130.98933860000011, -7.429535499999929 ], [ 131.001464600000077, -7.427641499999936 ], [ 131.013400600000068, -7.422423499999979 ], [ 131.0265276, -7.421161499999926 ], [ 131.038862600000016, -7.424785499999928 ], [ 131.061496600000055, -7.42004849999995 ], [ 131.080481600000098, -7.41911749999997 ], [ 131.088141600000085, -7.422045499999967 ], [ 131.091480600000068, -7.418006499999933 ], [ 131.111189600000102, -7.415492499999971 ], [ 131.143574600000079, -7.406375499999967 ], [ 131.160523600000033, -7.405006499999956 ] ] ], [ [ [ 131.207120600000053, -8.049343499999964 ], [ 131.215621600000077, -8.050680499999942 ], [ 131.216253600000073, -8.052620499999932 ], [ 131.208811600000104, -8.070951499999978 ], [ 131.210837600000104, -8.07231349999995 ], [ 131.194222600000103, -8.08084249999996 ], [ 131.1910176, -8.079771499999936 ], [ 131.204085600000099, -8.052436499999942 ], [ 131.207120600000053, -8.049343499999964 ] ] ], [ [ [ 131.291846600000099, -8.031533499999966 ], [ 131.280380600000058, -8.057260499999927 ], [ 131.284204600000066, -8.054681499999958 ], [ 131.280897700000082, -8.06216349999994 ], [ 131.280648600000063, -8.060157499999946 ], [ 131.274268600000028, -8.061431499999969 ], [ 131.273624600000062, -8.058421499999952 ], [ 131.268056600000023, -8.060209499999928 ], [ 131.274845600000049, -8.050544499999944 ], [ 131.280045600000108, -8.034705499999973 ], [ 131.288265600000045, -8.034511499999951 ], [ 131.28534460000003, -8.037775499999952 ], [ 131.287004600000046, -8.040844499999935 ], [ 131.291846600000099, -8.031533499999966 ] ] ], [ [ [ 131.194351700000084, -8.030320499999959 ], [ 131.192970600000081, -8.034420499999953 ], [ 131.19080190000011, -8.036162299999944 ], [ 131.192079600000056, -8.030306499999938 ], [ 131.194351700000084, -8.030320499999959 ] ] ], [ [ [ 131.254801800000109, -7.988124899999946 ], [ 131.2582006, -7.996668899999975 ], [ 131.25435020000009, -8.000387699999976 ], [ 131.251593100000036, -7.988313199999936 ], [ 131.254801800000109, -7.988124899999946 ] ] ], [ [ [ 131.334106200000065, -7.95165929999996 ], [ 131.329933700000083, -7.954939099999933 ], [ 131.339677400000028, -7.970260199999927 ], [ 131.343024900000046, -7.987593499999946 ], [ 131.340887200000111, -7.987495499999966 ], [ 131.34130330000005, -7.99200959999996 ], [ 131.331344100000024, -7.991510099999971 ], [ 131.324084200000016, -7.995673699999941 ], [ 131.315589300000056, -8.009757899999954 ], [ 131.2980248, -8.022514299999955 ], [ 131.292154100000062, -8.031081 ], [ 131.290573600000016, -8.028009699999927 ], [ 131.293574300000046, -8.019896 ], [ 131.291007300000047, -8.01420029999997 ], [ 131.286634, -8.017683599999941 ], [ 131.288226500000064, -8.012282199999959 ], [ 131.285754600000018, -8.002914799999928 ], [ 131.288238400000068, -7.997136499999954 ], [ 131.285505100000023, -7.996265699999981 ], [ 131.290294300000028, -7.995159399999977 ], [ 131.293966400000045, -7.987239199999976 ], [ 131.29422790000001, -7.984379399999966 ], [ 131.290044700000067, -7.984320599999933 ], [ 131.292423500000041, -7.98161 ], [ 131.290080400000079, -7.980201499999964 ], [ 131.290199200000075, -7.978977499999928 ], [ 131.295778, -7.981662799999981 ], [ 131.30694, -7.96253379999996 ], [ 131.305668400000059, -7.957673 ], [ 131.300938600000109, -7.95609589999998 ], [ 131.3043374, -7.956496 ], [ 131.302836700000057, -7.950837599999943 ], [ 131.30510240000001, -7.943098599999928 ], [ 131.298101, -7.939594399999976 ], [ 131.29137460000004, -7.941877799999929 ], [ 131.295167600000013, -7.927521499999955 ], [ 131.292814600000042, -7.92399869999997 ], [ 131.284643100000039, -7.924492399999963 ], [ 131.274939800000084, -7.935896299999968 ], [ 131.269492500000069, -7.944740699999954 ], [ 131.270918900000083, -7.949927399999979 ], [ 131.273794200000111, -7.951301599999965 ], [ 131.271883900000034, -7.960431299999925 ], [ 131.261727200000109, -7.966015399999947 ], [ 131.262559, -7.971241 ], [ 131.251094, -7.988501499999927 ], [ 131.245467900000108, -7.988915399999939 ], [ 131.237262100000066, -8.002990499999953 ], [ 131.228650600000037, -8.008592199999953 ], [ 131.223264400000062, -8.004244399999948 ], [ 131.213239600000065, -8.005427899999972 ], [ 131.200709, -8.002759 ], [ 131.184820100000024, -7.99415149999993 ], [ 131.17561000000012, -7.998616499999969 ], [ 131.169447800000057, -7.995008499999926 ], [ 131.156874800000082, -7.995913599999938 ], [ 131.139037700000017, -8.003386099999943 ], [ 131.109619300000077, -7.999063599999943 ], [ 131.102404800000045, -7.994944799999928 ], [ 131.103094100000021, -7.983214399999952 ], [ 131.10757430000001, -7.979928 ], [ 131.103415, -7.975903 ], [ 131.102309700000092, -7.967052599999931 ], [ 131.108725100000015, -7.955397 ], [ 131.110248200000115, -7.945573099999933 ], [ 131.1133618, -7.942159899999979 ], [ 131.120587300000011, -7.919154799999944 ], [ 131.118697700000098, -7.903228799999965 ], [ 131.115845600000057, -7.897861199999966 ], [ 131.107454700000062, -7.896364199999937 ], [ 131.107787500000086, -7.892903399999966 ], [ 131.104317400000014, -7.890925799999934 ], [ 131.106693600000085, -7.884276599999964 ], [ 131.104850600000077, -7.877294799999959 ], [ 131.101091600000018, -7.878402499999936 ], [ 131.102899500000035, -7.872764299999972 ], [ 131.096929600000067, -7.87498949999997 ], [ 131.095596600000022, -7.878920499999936 ], [ 131.098146600000064, -7.883909499999959 ], [ 131.101484600000049, -7.883411499999966 ], [ 131.09881960000007, -7.888822499999947 ], [ 131.102657600000043, -7.893724499999962 ], [ 131.096395600000051, -7.892448499999944 ], [ 131.090596600000026, -7.886740499999974 ], [ 131.085239600000023, -7.884951499999943 ], [ 131.080835600000114, -7.878379499999937 ], [ 131.0785896000001, -7.868919499999947 ], [ 131.083449600000108, -7.850169499999936 ], [ 131.082098600000108, -7.847549499999957 ], [ 131.0924496, -7.836639499999933 ], [ 131.097229600000105, -7.837408499999981 ], [ 131.098869600000057, -7.835748499999966 ], [ 131.099729600000046, -7.838429499999961 ], [ 131.102677600000106, -7.839076499999976 ], [ 131.099669600000084, -7.830239499999948 ], [ 131.1020496000001, -7.827089499999943 ], [ 131.106449700000098, -7.828359499999976 ], [ 131.10622960000012, -7.825809499999934 ], [ 131.110069600000088, -7.825459499999965 ], [ 131.106968600000073, -7.82283949999993 ], [ 131.112629600000105, -7.824798499999929 ], [ 131.121629600000119, -7.836359499999958 ], [ 131.137939600000095, -7.837309499999947 ], [ 131.14257960000009, -7.832249499999932 ], [ 131.147929600000111, -7.81048949999996 ], [ 131.145149600000082, -7.802959499999929 ], [ 131.130999600000109, -7.793099499999926 ], [ 131.123849600000085, -7.794308499999943 ], [ 131.124869600000011, -7.798929499999929 ], [ 131.11929960000009, -7.798859499999935 ], [ 131.114819600000033, -7.794699499999979 ], [ 131.1175396000001, -7.791818499999977 ], [ 131.126299600000038, -7.790800499999932 ], [ 131.129309600000056, -7.788679499999944 ], [ 131.126949600000103, -7.787320499999964 ], [ 131.131330600000069, -7.785789499999964 ], [ 131.137519600000019, -7.789998499999967 ], [ 131.135869600000092, -7.786629499999947 ], [ 131.137808600000085, -7.783019499999966 ], [ 131.130279600000108, -7.780429499999968 ], [ 131.130529700000011, -7.784539399999971 ], [ 131.125899600000025, -7.785069499999963 ], [ 131.123149600000033, -7.788969499999951 ], [ 131.118748600000117, -7.788439499999981 ], [ 131.115588600000024, -7.78397949999993 ], [ 131.115809600000034, -7.787459499999954 ], [ 131.11346960000003, -7.788109499999962 ], [ 131.111459600000103, -7.783159499999954 ], [ 131.11931960000004, -7.778888499999937 ], [ 131.122629600000096, -7.779499499999929 ], [ 131.12198960000012, -7.776069499999949 ], [ 131.124489600000061, -7.774839499999928 ], [ 131.129069600000093, -7.773729499999945 ], [ 131.137579600000095, -7.776019499999961 ], [ 131.139594200000033, -7.770765499999925 ], [ 131.131360400000062, -7.769972399999972 ], [ 131.131075200000055, -7.763095799999974 ], [ 131.134117500000116, -7.757632099999967 ], [ 131.137112300000013, -7.758927399999948 ], [ 131.135979900000052, -7.761087399999951 ], [ 131.142424800000072, -7.760280799999975 ], [ 131.146500600000081, -7.755677499999933 ], [ 131.145341900000062, -7.750060599999927 ], [ 131.150452, -7.749801599999955 ], [ 131.144866600000114, -7.742642 ], [ 131.139899100000093, -7.74214749999993 ], [ 131.140849600000024, -7.739369499999952 ], [ 131.144462500000031, -7.73840279999996 ], [ 131.139625600000045, -7.735352199999966 ], [ 131.135098, -7.740145599999948 ], [ 131.136939600000119, -7.745429499999943 ], [ 131.127439600000116, -7.747289499999965 ], [ 131.124109600000111, -7.754749499999946 ], [ 131.114633800000092, -7.758114899999953 ], [ 131.115509600000109, -7.752699499999949 ], [ 131.123301600000104, -7.745973499999934 ], [ 131.121720600000117, -7.739585499999976 ], [ 131.12568060000001, -7.734189499999957 ], [ 131.118708600000105, -7.723770499999944 ], [ 131.111012600000095, -7.72313349999996 ], [ 131.112985600000115, -7.738972499999932 ], [ 131.106577600000037, -7.743521499999929 ], [ 131.105802600000061, -7.738927499999932 ], [ 131.109543600000052, -7.734525499999961 ], [ 131.10660960000007, -7.730073499999946 ], [ 131.106348100000105, -7.705096899999944 ], [ 131.1128347, -7.69912249999993 ], [ 131.111957600000096, -7.696540499999969 ], [ 131.116896600000018, -7.692955499999925 ], [ 131.121689600000082, -7.682756499999925 ], [ 131.128159600000117, -7.68145949999996 ], [ 131.135469600000079, -7.686319499999968 ], [ 131.139309600000047, -7.696059499999933 ], [ 131.150219600000014, -7.705270499999926 ], [ 131.162309600000071, -7.710939499999938 ], [ 131.170193600000061, -7.723119799999949 ], [ 131.181824100000085, -7.724801199999945 ], [ 131.190592300000048, -7.722049899999945 ], [ 131.200515500000051, -7.729209699999956 ], [ 131.19823370000006, -7.725347199999931 ], [ 131.208418300000062, -7.727160699999956 ], [ 131.208097400000042, -7.72466419999995 ], [ 131.230448900000056, -7.719149 ], [ 131.236574300000029, -7.730235199999981 ], [ 131.242695400000116, -7.730801499999927 ], [ 131.24673590000009, -7.728622899999948 ], [ 131.246802700000103, -7.71879569999993 ], [ 131.237822900000083, -7.724878199999978 ], [ 131.240347800000109, -7.718991599999981 ], [ 131.238189900000066, -7.712877499999934 ], [ 131.221173500000077, -7.708918299999937 ], [ 131.208742900000061, -7.699897299999975 ], [ 131.19784530000004, -7.703877899999952 ], [ 131.185141300000055, -7.704537399999936 ], [ 131.179437, -7.69448 ], [ 131.179722200000015, -7.685976899999957 ], [ 131.173827800000026, -7.677779899999962 ], [ 131.165081200000031, -7.67250359999997 ], [ 131.157950800000094, -7.67382269999996 ], [ 131.15609690000008, -7.671372899999938 ], [ 131.167101500000058, -7.656108899999936 ], [ 131.184364100000039, -7.651771 ], [ 131.1753347, -7.651567499999942 ], [ 131.172221100000115, -7.64527789999994 ], [ 131.18225120000011, -7.602829699999972 ], [ 131.187812800000074, -7.600992 ], [ 131.188252600000055, -7.594442599999979 ], [ 131.194674500000019, -7.592412699999954 ], [ 131.195183600000064, -7.589553099999932 ], [ 131.188074300000039, -7.593394199999977 ], [ 131.18633920000002, -7.599401799999953 ], [ 131.183748500000092, -7.589471499999945 ], [ 131.192060900000115, -7.583691099999953 ], [ 131.200102, -7.563824099999977 ], [ 131.203636300000085, -7.563961499999948 ], [ 131.208861900000102, -7.55754909999996 ], [ 131.220234000000119, -7.536754099999939 ], [ 131.22777090000011, -7.516633099999979 ], [ 131.226602, -7.493258099999935 ], [ 131.236691900000096, -7.476157099999966 ], [ 131.241810900000019, -7.471013099999936 ], [ 131.249892900000077, -7.470454099999927 ], [ 131.249333900000011, -7.465635099999929 ], [ 131.253038, -7.46440309999997 ], [ 131.252140900000086, -7.461834099999976 ], [ 131.25753, -7.458935099999962 ], [ 131.261190900000088, -7.453097099999979 ], [ 131.265133600000013, -7.455592499999966 ], [ 131.270006200000012, -7.452164899999957 ], [ 131.2713490000001, -7.458201 ], [ 131.273339600000099, -7.455649899999969 ], [ 131.2787743, -7.45604979999996 ], [ 131.278845600000068, -7.453905199999951 ], [ 131.282731700000113, -7.452609 ], [ 131.276112300000023, -7.451124299999947 ], [ 131.278025600000092, -7.445585899999969 ], [ 131.282375100000081, -7.443241 ], [ 131.286600600000043, -7.444387499999948 ], [ 131.289321600000108, -7.437646499999971 ], [ 131.296375600000033, -7.433901499999934 ], [ 131.301084600000081, -7.43408949999997 ], [ 131.302396600000066, -7.441347499999949 ], [ 131.3048596000001, -7.440811499999938 ], [ 131.304662600000029, -7.438387499999976 ], [ 131.312198600000102, -7.432784499999968 ], [ 131.311801600000081, -7.423961499999962 ], [ 131.317862600000012, -7.42028149999993 ], [ 131.32696460000011, -7.420136499999956 ], [ 131.323937700000101, -7.426562499999932 ], [ 131.328991600000109, -7.442876499999954 ], [ 131.344007600000054, -7.447314499999948 ], [ 131.342620600000032, -7.44467949999995 ], [ 131.353488600000105, -7.430426499999953 ], [ 131.348037600000112, -7.420240499999977 ], [ 131.352318600000103, -7.416101499999968 ], [ 131.350183600000037, -7.410923499999967 ], [ 131.357298600000036, -7.406336499999952 ], [ 131.358171600000105, -7.402469499999938 ], [ 131.355423600000108, -7.395728499999962 ], [ 131.357630600000107, -7.394727499999931 ], [ 131.359147600000028, -7.39840849999996 ], [ 131.361339600000065, -7.397889499999962 ], [ 131.364427700000078, -7.403063599999939 ], [ 131.368278600000053, -7.404322499999978 ], [ 131.377924600000028, -7.40103449999998 ], [ 131.383616600000096, -7.393932499999949 ], [ 131.375156600000082, -7.385842499999967 ], [ 131.371828600000072, -7.377603499999964 ], [ 131.365770800000064, -7.373113299999943 ], [ 131.366775600000096, -7.368054499999971 ], [ 131.37232860000006, -7.36734649999994 ], [ 131.376607600000057, -7.373534499999948 ], [ 131.380742600000076, -7.373405499999933 ], [ 131.378909600000043, -7.366316499999925 ], [ 131.380426600000078, -7.362317499999961 ], [ 131.385810600000013, -7.359245499999929 ], [ 131.393991600000049, -7.359276499999964 ], [ 131.38930460000006, -7.355615499999942 ], [ 131.3800496, -7.353614499999935 ], [ 131.379396600000064, -7.351731499999971 ], [ 131.38479360000008, -7.34920649999998 ], [ 131.384324600000014, -7.34536449999996 ], [ 131.38674960000003, -7.344272499999931 ], [ 131.388050600000042, -7.347090499999979 ], [ 131.404108600000086, -7.335429699999963 ], [ 131.409919800000011, -7.338335099999938 ], [ 131.415659800000071, -7.336466899999948 ], [ 131.415867500000104, -7.342002599999944 ], [ 131.419028800000092, -7.343656399999929 ], [ 131.424352800000065, -7.340544699999953 ], [ 131.423497200000043, -7.337338799999941 ], [ 131.425588800000014, -7.334792899999968 ], [ 131.428726100000063, -7.335735799999952 ], [ 131.431712200000106, -7.345407 ], [ 131.443343400000117, -7.343114199999945 ], [ 131.448239600000079, -7.347734499999945 ], [ 131.452137500000049, -7.346438 ], [ 131.453135800000041, -7.343585699999949 ], [ 131.445387500000038, -7.336419399999954 ], [ 131.444327900000076, -7.329002699999933 ], [ 131.438643300000081, -7.327725599999951 ], [ 131.439201800000092, -7.323494 ], [ 131.432249700000057, -7.31597389999996 ], [ 131.43533960000002, -7.311895499999935 ], [ 131.440645300000028, -7.310715899999934 ], [ 131.437031500000103, -7.300519099999974 ], [ 131.444542200000114, -7.293257899999958 ], [ 131.446253500000012, -7.284581899999978 ], [ 131.443401300000119, -7.287411099999929 ], [ 131.44416190000004, -7.281752799999936 ], [ 131.449676100000033, -7.277980599999978 ], [ 131.452528200000074, -7.28759969999993 ], [ 131.458422700000028, -7.285713599999951 ], [ 131.455570500000022, -7.282507199999941 ], [ 131.458414500000117, -7.272698099999957 ], [ 131.463218, -7.264434499999936 ], [ 131.469180600000072, -7.266074299999957 ], [ 131.471986400000105, -7.264572099999953 ], [ 131.469133100000022, -7.254875099999936 ], [ 131.473927500000059, -7.241010499999959 ], [ 131.481438200000071, -7.241393599999981 ], [ 131.483174, -7.238983099999928 ], [ 131.481164900000067, -7.235711199999969 ], [ 131.483660500000042, -7.233659899999964 ], [ 131.493393500000025, -7.230960099999947 ], [ 131.4967507, -7.235233699999981 ], [ 131.499240400000076, -7.229981599999974 ], [ 131.502199500000074, -7.23646569999994 ], [ 131.506786700000021, -7.240108599999928 ], [ 131.512999100000116, -7.234805799999947 ], [ 131.524949600000014, -7.237508699999978 ], [ 131.532313400000021, -7.234667899999977 ], [ 131.528059, -7.233536099999981 ], [ 131.529473100000018, -7.227651899999955 ], [ 131.537354600000072, -7.226593699999967 ], [ 131.531172600000104, -7.21967159999997 ], [ 131.529592, -7.202234199999964 ], [ 131.522758700000054, -7.200842899999941 ], [ 131.519437200000084, -7.197435599999949 ], [ 131.529223600000023, -7.191973699999949 ], [ 131.519918500000017, -7.187127699999962 ], [ 131.517826900000045, -7.180654699999934 ], [ 131.51963330000001, -7.178438 ], [ 131.519466900000111, -7.162296099999935 ], [ 131.523602500000038, -7.15345259999998 ], [ 131.529677800000059, -7.147290599999963 ], [ 131.539562700000033, -7.140523099999939 ], [ 131.543840900000077, -7.140428699999973 ], [ 131.544316200000026, -7.144437899999957 ], [ 131.549830400000019, -7.147739599999966 ], [ 131.549164900000051, -7.150405899999953 ], [ 131.554964300000051, -7.147315099999958 ], [ 131.565653500000053, -7.147736299999963 ], [ 131.569296300000019, -7.144626599999981 ], [ 131.574335100000098, -7.147020299999951 ], [ 131.574477700000102, -7.144437899999957 ], [ 131.570541100000014, -7.141587199999947 ], [ 131.572576400000116, -7.132975899999963 ], [ 131.576807, -7.128530599999976 ], [ 131.584198800000081, -7.129874899999948 ], [ 131.582344900000066, -7.126360899999952 ], [ 131.584270100000026, -7.125511899999935 ], [ 131.59883990000003, -7.126679299999978 ], [ 131.59691470000007, -7.13408469999996 ], [ 131.600304600000072, -7.13541129999993 ], [ 131.60217630000011, -7.139998299999945 ], [ 131.604358400000024, -7.132606099999975 ], [ 131.60228440000003, -7.127231699999925 ], [ 131.605207800000017, -7.125604399999929 ], [ 131.627052500000104, -7.126087499999926 ], [ 131.634408900000039, -7.123968699999978 ], [ 131.638615900000104, -7.118308399999933 ], [ 131.642616700000076, -7.120225099999971 ], [ 131.643203100000051, -7.118190499999969 ], [ 131.654825600000095, -7.118402799999956 ], [ 131.658889900000077, -7.122648 ], [ 131.658236300000112, -7.149073699999974 ], [ 131.652151700000104, -7.160629299999925 ], [ 131.640154600000074, -7.166753299999925 ], [ 131.637667100000044, -7.17283679999997 ], [ 131.639031800000112, -7.175863399999969 ], [ 131.648396400000024, -7.179377 ], [ 131.666329300000029, -7.173776399999952 ], [ 131.680738600000041, -7.173399099999926 ], [ 131.682325100000071, -7.167462299999954 ], [ 131.679009400000041, -7.166507199999955 ], [ 131.674826300000063, -7.15841839999996 ], [ 131.679776, -7.152658299999928 ], [ 131.710151400000086, -7.143054099999972 ], [ 131.70984420000002, -7.15259 ], [ 131.69089340000005, -7.157557599999961 ], [ 131.689567, -7.165695599999935 ], [ 131.691440100000023, -7.163134899999932 ], [ 131.697940600000038, -7.161944 ], [ 131.704779800000097, -7.162728099999981 ], [ 131.70767950000004, -7.166147599999931 ], [ 131.71180030000005, -7.161488599999927 ], [ 131.718401800000038, -7.164654499999926 ], [ 131.717232400000057, -7.175828799999977 ], [ 131.72174120000011, -7.176227399999959 ], [ 131.727540600000111, -7.182783099999938 ], [ 131.722968700000024, -7.18687319999998 ], [ 131.7209262, -7.181393 ], [ 131.718264, -7.189316899999938 ], [ 131.735051200000044, -7.198110699999972 ], [ 131.747054, -7.212659699999961 ], [ 131.742039, -7.222586699999965 ], [ 131.731628700000101, -7.226665899999944 ], [ 131.716227000000117, -7.22619439999994 ], [ 131.711116900000093, -7.232324899999981 ], [ 131.697462300000097, -7.233869299999981 ], [ 131.685257400000069, -7.230874799999981 ], [ 131.675476900000035, -7.234199399999966 ], [ 131.673242800000025, -7.230356099999938 ], [ 131.673920100000032, -7.224779599999977 ], [ 131.671020500000054, -7.22423729999997 ], [ 131.66799, -7.227550199999939 ], [ 131.666754100000048, -7.225887799999953 ], [ 131.662392700000055, -7.229967 ], [ 131.660253600000033, -7.228080699999964 ], [ 131.659683200000018, -7.230910199999926 ], [ 131.656118000000106, -7.230344299999956 ], [ 131.652053600000045, -7.234022599999946 ], [ 131.651293100000089, -7.239257 ], [ 131.653491600000052, -7.242534399999954 ], [ 131.649783800000023, -7.249254199999939 ], [ 131.645862100000045, -7.252225 ], [ 131.640989700000091, -7.250551 ], [ 131.635570600000051, -7.25239 ], [ 131.631149800000117, -7.259086099999934 ], [ 131.630413, -7.267573899999945 ], [ 131.638803, -7.280493899999954 ], [ 131.63908820000006, -7.29016 ], [ 131.634762500000079, -7.291126599999927 ], [ 131.638208800000029, -7.299401699999976 ], [ 131.636972900000046, -7.30675709999997 ], [ 131.640870800000016, -7.311660599999925 ], [ 131.644863900000018, -7.309680399999934 ], [ 131.650425500000097, -7.313994499999978 ], [ 131.648880600000098, -7.316917799999942 ], [ 131.650354200000038, -7.324390799999946 ], [ 131.658411600000022, -7.335753299999965 ], [ 131.651958600000057, -7.343697499999962 ], [ 131.651221600000099, -7.351912099999936 ], [ 131.66038930000002, -7.355025099999978 ], [ 131.661161700000093, -7.359881 ], [ 131.658107600000108, -7.367777599999954 ], [ 131.677371500000049, -7.368237199999953 ], [ 131.680627700000059, -7.371843699999943 ], [ 131.680152300000032, -7.377783699999952 ], [ 131.682196400000066, -7.379091899999935 ], [ 131.6772883000001, -7.391725799999961 ], [ 131.657944400000019, -7.390836699999966 ], [ 131.655968500000085, -7.393187099999977 ], [ 131.648695500000031, -7.394059199999958 ], [ 131.645855200000028, -7.399716099999978 ], [ 131.646045, -7.40440719999998 ], [ 131.65291430000002, -7.405785299999934 ], [ 131.657620300000076, -7.403286899999955 ], [ 131.6627304000001, -7.405196099999955 ], [ 131.657335100000068, -7.435552799999925 ], [ 131.663681100000076, -7.424829199999976 ], [ 131.669361700000081, -7.420268599999929 ], [ 131.670954100000017, -7.421105299999965 ], [ 131.66746020000005, -7.430367799999942 ], [ 131.670247, -7.437438199999974 ], [ 131.681887, -7.427492399999949 ], [ 131.690752400000065, -7.425960499999974 ], [ 131.692737, -7.420580899999948 ], [ 131.696560100000056, -7.424973699999953 ], [ 131.700663100000043, -7.417493499999978 ], [ 131.703132, -7.421573899999942 ], [ 131.706625900000063, -7.422098299999959 ], [ 131.704076800000053, -7.432515599999931 ], [ 131.697757200000069, -7.438911799999971 ], [ 131.692944200000056, -7.437285599999939 ], [ 131.687465700000075, -7.442411599999957 ], [ 131.685279100000116, -7.441139 ], [ 131.682177400000114, -7.447761499999956 ], [ 131.667583900000068, -7.451573499999938 ], [ 131.673252500000103, -7.458455 ], [ 131.672361200000068, -7.460022199999969 ], [ 131.67610470000011, -7.46211969999996 ], [ 131.669870600000081, -7.481358499999942 ], [ 131.66777900000011, -7.482448399999953 ], [ 131.668420800000035, -7.49147389999996 ], [ 131.671439300000088, -7.492510699999968 ], [ 131.671843300000091, -7.496234 ], [ 131.6667433, -7.503391499999964 ], [ 131.653908600000022, -7.499055699999928 ], [ 131.648823600000014, -7.505688499999962 ], [ 131.650804600000015, -7.510059499999954 ], [ 131.658506300000113, -7.508399599999962 ], [ 131.667331000000104, -7.511062299999935 ], [ 131.667259700000045, -7.512982799999975 ], [ 131.660862700000052, -7.524373699999956 ], [ 131.658135300000026, -7.538484899999958 ], [ 131.654962300000079, -7.540994299999966 ], [ 131.658622600000058, -7.550431 ], [ 131.654962300000079, -7.555496699999935 ], [ 131.646500900000092, -7.558441899999934 ], [ 131.646036500000037, -7.562941199999955 ], [ 131.649066900000093, -7.564402 ], [ 131.649280800000042, -7.569632599999977 ], [ 131.640890800000079, -7.582284499999957 ], [ 131.640581800000064, -7.590283099999965 ], [ 131.636933400000089, -7.590000399999951 ], [ 131.634354600000052, -7.594064399999979 ], [ 131.636089600000105, -7.601379599999973 ], [ 131.629678200000058, -7.605844 ], [ 131.629087, -7.614098299999966 ], [ 131.631493500000033, -7.615612 ], [ 131.631677700000068, -7.622361299999966 ], [ 131.625759500000072, -7.630700799999943 ], [ 131.619955600000026, -7.648601 ], [ 131.609899500000097, -7.652745699999969 ], [ 131.60849660000008, -7.647514 ], [ 131.599948400000017, -7.644485699999962 ], [ 131.598182900000097, -7.654416899999944 ], [ 131.59201250000001, -7.657775 ], [ 131.589842700000077, -7.661828299999968 ], [ 131.589420700000119, -7.659407 ], [ 131.585045500000092, -7.659115299999939 ], [ 131.583419800000115, -7.665975699999933 ], [ 131.589282500000081, -7.667336099999943 ], [ 131.588968400000113, -7.67033559999993 ], [ 131.585431500000027, -7.669446 ], [ 131.58100550000006, -7.672001 ], [ 131.578174300000114, -7.679804699999977 ], [ 131.570104400000105, -7.687956199999974 ], [ 131.571311900000069, -7.692470199999946 ], [ 131.569040400000063, -7.695906099999945 ], [ 131.562895300000037, -7.698607299999935 ], [ 131.564700500000072, -7.706432599999971 ], [ 131.560037900000111, -7.714500699999974 ], [ 131.554323300000078, -7.713114499999961 ], [ 131.553710300000034, -7.723676499999954 ], [ 131.5458317, -7.725690399999962 ], [ 131.541862500000093, -7.72186389999996 ], [ 131.536829300000022, -7.722515499999929 ], [ 131.531987400000048, -7.72588 ], [ 131.53143230000012, -7.731562 ], [ 131.519133800000077, -7.73168389999995 ], [ 131.519490400000109, -7.725873199999967 ], [ 131.516987300000096, -7.725768199999948 ], [ 131.508374000000117, -7.732702699999948 ], [ 131.498259700000062, -7.732015599999954 ], [ 131.494983900000079, -7.727679699999953 ], [ 131.483985, -7.730807199999958 ], [ 131.483281600000055, -7.735501 ], [ 131.478047300000071, -7.742654099999982 ], [ 131.476112400000034, -7.741912899999932 ], [ 131.485003200000051, -7.753341599999942 ], [ 131.482229400000051, -7.76462719999995 ], [ 131.477728700000057, -7.769455199999925 ], [ 131.480609800000025, -7.775984799999947 ], [ 131.47912430000008, -7.783249699999942 ], [ 131.474168700000064, -7.784592 ], [ 131.468511900000067, -7.782507899999928 ], [ 131.464138600000069, -7.779799799999978 ], [ 131.464637800000105, -7.775725699999953 ], [ 131.460478400000056, -7.772487699999942 ], [ 131.452326, -7.77590239999995 ], [ 131.450923700000089, -7.780412 ], [ 131.454429400000095, -7.782119399999942 ], [ 131.462438200000065, -7.799209099999928 ], [ 131.460774400000105, -7.801116499999978 ], [ 131.462450000000104, -7.807686299999943 ], [ 131.460239600000023, -7.810935799999982 ], [ 131.431542600000057, -7.814393799999948 ], [ 131.417387500000018, -7.828085699999974 ], [ 131.415283300000056, -7.839029399999959 ], [ 131.401510700000017, -7.839218899999935 ], [ 131.391563800000085, -7.842819399999939 ], [ 131.375687, -7.857599899999968 ], [ 131.375339300000064, -7.864953899999932 ], [ 131.3640186, -7.87010609999993 ], [ 131.360384100000033, -7.878253799999925 ], [ 131.360063300000093, -7.887936399999944 ], [ 131.365357600000038, -7.89355409999996 ], [ 131.3685392000001, -7.891552499999932 ], [ 131.380661800000098, -7.895096 ], [ 131.372021500000074, -7.904796099999942 ], [ 131.367944200000011, -7.905960199999981 ], [ 131.369228600000042, -7.907986299999948 ], [ 131.362693900000068, -7.911682299999939 ], [ 131.359929900000111, -7.908058 ], [ 131.354522600000109, -7.909294 ], [ 131.352181500000029, -7.906822099999943 ], [ 131.35228840000002, -7.908681899999976 ], [ 131.350220600000057, -7.906610199999932 ], [ 131.34288140000001, -7.908522299999959 ], [ 131.337424500000111, -7.92482549999994 ], [ 131.330172800000014, -7.930192 ], [ 131.326670800000102, -7.934824499999934 ], [ 131.327260500000079, -7.938190799999973 ], [ 131.330842300000086, -7.941393499999947 ], [ 131.345667, -7.934004799999968 ], [ 131.355363700000112, -7.933246599999961 ], [ 131.344454200000087, -7.950489599999969 ], [ 131.342588400000068, -7.951960799999938 ], [ 131.338362300000085, -7.95009639999995 ], [ 131.337130900000034, -7.952831499999945 ], [ 131.334106200000065, -7.95165929999996 ] ] ], [ [ [ 131.339789700000097, -7.95575649999995 ], [ 131.338637, -7.957204199999978 ], [ 131.335386800000038, -7.955817199999956 ], [ 131.336698600000091, -7.954163499999936 ], [ 131.339789700000097, -7.95575649999995 ] ] ], [ [ [ 131.364419200000043, -7.932375599999943 ], [ 131.361567100000116, -7.933034699999951 ], [ 131.356171800000084, -7.932587499999954 ], [ 131.3612581000001, -7.929880299999979 ], [ 131.36323080000011, -7.930021499999953 ], [ 131.364419200000043, -7.932375599999943 ] ] ], [ [ [ 131.118587600000069, -7.744157499999972 ], [ 131.12023360000012, -7.742415499999936 ], [ 131.120912600000111, -7.742416499999933 ], [ 131.12041760000011, -7.744011499999942 ], [ 131.118587600000069, -7.744157499999972 ] ] ], [ [ [ 131.121738600000072, -7.738991499999941 ], [ 131.121194600000081, -7.738069499999938 ], [ 131.121789600000056, -7.738166499999977 ], [ 131.121738600000072, -7.738991499999941 ] ] ], [ [ [ 131.1393561000001, -7.515900899999963 ], [ 131.150454300000092, -7.524003099999959 ], [ 131.15330270000004, -7.534285799999964 ], [ 131.156836700000099, -7.537026499999968 ], [ 131.154563100000018, -7.544200299999943 ], [ 131.135289700000044, -7.54276219999997 ], [ 131.126687400000037, -7.531616499999927 ], [ 131.128722400000015, -7.521441599999946 ], [ 131.131817500000011, -7.518244599999946 ], [ 131.1393561000001, -7.515900899999963 ] ] ], [ [ [ 131.162780500000054, -7.525255899999934 ], [ 131.163823100000059, -7.529552099999933 ], [ 131.158591300000012, -7.531850099999929 ], [ 131.152856600000064, -7.526869199999965 ], [ 131.15601550000008, -7.520956199999944 ], [ 131.162780500000054, -7.525255899999934 ] ] ], [ [ [ 131.194726500000115, -7.430613699999981 ], [ 131.19876540000007, -7.42562369999996 ], [ 131.207986800000072, -7.423079199999961 ], [ 131.198339500000088, -7.434082399999966 ], [ 131.194726500000115, -7.430613699999981 ] ] ], [ [ [ 131.174315600000114, -7.409512599999971 ], [ 131.177702700000054, -7.400464199999931 ], [ 131.185566100000074, -7.399815 ], [ 131.186254500000018, -7.406186199999979 ], [ 131.181412, -7.41310569999996 ], [ 131.177929100000028, -7.413682 ], [ 131.174315600000114, -7.409512599999971 ] ] ], [ [ [ 131.33070720000012, -7.393722499999967 ], [ 131.327664900000059, -7.402584899999965 ], [ 131.331277600000021, -7.407298799999978 ], [ 131.328425500000094, -7.407110299999943 ], [ 131.327474800000118, -7.415595199999927 ], [ 131.318347900000049, -7.410315699999956 ], [ 131.317397200000073, -7.395231 ], [ 131.325002900000072, -7.387877099999969 ], [ 131.33070720000012, -7.393722499999967 ] ] ], [ [ [ 131.25975290000008, -7.313413799999978 ], [ 131.264365600000019, -7.320093499999928 ], [ 131.274450600000023, -7.325216499999954 ], [ 131.272853600000076, -7.326793499999951 ], [ 131.27723960000003, -7.332619499999964 ], [ 131.28795260000004, -7.334834499999943 ], [ 131.289013600000089, -7.329481499999929 ], [ 131.280520600000045, -7.321306499999935 ], [ 131.289325600000097, -7.323117499999967 ], [ 131.29874360000008, -7.330802499999947 ], [ 131.30245560000003, -7.339084499999956 ], [ 131.301364600000056, -7.341235499999925 ], [ 131.292789600000106, -7.339980499999967 ], [ 131.283098600000017, -7.346705499999928 ], [ 131.277745600000117, -7.342405499999927 ], [ 131.272298600000113, -7.344983499999955 ], [ 131.268246600000111, -7.356480499999975 ], [ 131.260750600000051, -7.358259499999974 ], [ 131.259315600000036, -7.362731499999938 ], [ 131.261548600000083, -7.366547499999967 ], [ 131.2739696000001, -7.373934499999962 ], [ 131.274174600000038, -7.377267499999959 ], [ 131.26947460000008, -7.380124499999965 ], [ 131.264266600000042, -7.37920349999996 ], [ 131.255945600000018, -7.373215499999958 ], [ 131.24423360000003, -7.369206499999962 ], [ 131.235838600000079, -7.373275499999977 ], [ 131.230384600000093, -7.366484499999956 ], [ 131.222068600000057, -7.365017499999965 ], [ 131.218750600000021, -7.367929499999946 ], [ 131.215883600000097, -7.361843499999964 ], [ 131.207792600000062, -7.358375499999966 ], [ 131.208175600000118, -7.353479499999935 ], [ 131.212187600000107, -7.350534499999981 ], [ 131.223764600000095, -7.352502499999957 ], [ 131.226704600000062, -7.350421499999925 ], [ 131.222810600000116, -7.335768499999972 ], [ 131.22546960000011, -7.33084649999995 ], [ 131.232929600000034, -7.338337499999966 ], [ 131.242139600000087, -7.339369499999975 ], [ 131.240888600000062, -7.336163499999941 ], [ 131.244561600000111, -7.333440499999938 ], [ 131.245296600000074, -7.330884499999968 ], [ 131.242738600000052, -7.328297499999962 ], [ 131.24587560000009, -7.322402499999953 ], [ 131.238096600000063, -7.314842499999941 ], [ 131.238724600000069, -7.312232499999936 ], [ 131.244193600000017, -7.31327349999998 ], [ 131.248303600000099, -7.308026499999926 ], [ 131.256668600000012, -7.303518499999939 ], [ 131.261898600000109, -7.306910499999958 ], [ 131.25975290000008, -7.313413799999978 ] ] ], [ [ [ 131.229147600000033, -7.326536499999975 ], [ 131.229541600000061, -7.326237499999934 ], [ 131.229494600000066, -7.326606499999968 ], [ 131.229147600000033, -7.326536499999975 ] ] ], [ [ [ 131.227829600000064, -7.325784499999941 ], [ 131.227348600000028, -7.325773499999968 ], [ 131.227274600000101, -7.325676499999929 ], [ 131.227829600000064, -7.325784499999941 ] ] ], [ [ [ 131.232458600000086, -7.323284499999943 ], [ 131.231050600000117, -7.326332499999978 ], [ 131.228221600000097, -7.324492499999963 ], [ 131.228603600000042, -7.323264499999937 ], [ 131.232458600000086, -7.323284499999943 ] ] ], [ [ [ 131.375677600000017, -7.242513499999973 ], [ 131.374077600000078, -7.243706499999973 ], [ 131.373426600000016, -7.241814499999975 ], [ 131.375677600000017, -7.242513499999973 ] ] ], [ [ [ 131.446367, -7.847401899999966 ], [ 131.453509300000064, -7.843775799999946 ], [ 131.457288500000118, -7.844388 ], [ 131.452011900000116, -7.850192 ], [ 131.446367, -7.847401899999966 ] ] ], [ [ [ 131.435873400000105, -7.839996699999972 ], [ 131.440204700000095, -7.843246 ], [ 131.44214820000002, -7.850874799999929 ], [ 131.435802100000046, -7.849732899999935 ], [ 131.428303300000039, -7.841115199999933 ], [ 131.435873400000105, -7.839996699999972 ] ] ], [ [ [ 131.386378600000057, -7.280787499999974 ], [ 131.390911600000095, -7.28448949999995 ], [ 131.390431600000056, -7.286590499999932 ], [ 131.382218600000101, -7.289902499999926 ], [ 131.381003600000099, -7.285729499999945 ], [ 131.382990600000085, -7.282225499999981 ], [ 131.386378600000057, -7.280787499999974 ] ] ], [ [ [ 131.399683600000117, -7.246456499999965 ], [ 131.409165600000051, -7.253079499999956 ], [ 131.404510600000094, -7.25601649999993 ], [ 131.404196600000091, -7.265951499999971 ], [ 131.401666600000112, -7.263955499999952 ], [ 131.401070600000025, -7.254838499999948 ], [ 131.394983600000046, -7.252255499999933 ], [ 131.395703600000047, -7.250024499999938 ], [ 131.401105600000051, -7.249812499999962 ], [ 131.399683600000117, -7.246456499999965 ] ] ], [ [ [ 131.470877100000052, -7.23280589999996 ], [ 131.471328700000072, -7.246646399999975 ], [ 131.462249300000053, -7.247966799999972 ], [ 131.454144400000018, -7.239219299999945 ], [ 131.45775720000006, -7.237333 ], [ 131.457008500000029, -7.234739299999944 ], [ 131.467561400000022, -7.232452199999955 ], [ 131.470877100000052, -7.23280589999996 ] ] ], [ [ [ 131.480149500000039, -7.236796599999934 ], [ 131.4778559, -7.239001199999961 ], [ 131.475122600000077, -7.238134599999967 ], [ 131.477998500000012, -7.236183499999981 ], [ 131.480149500000039, -7.236796599999934 ] ] ], [ [ [ 131.398471600000107, -7.221709499999974 ], [ 131.402107600000022, -7.22300649999994 ], [ 131.405862600000091, -7.232679499999961 ], [ 131.40175760000011, -7.239767499999971 ], [ 131.3995016, -7.235967499999958 ], [ 131.400182600000107, -7.226936499999965 ], [ 131.39689060000012, -7.224872499999947 ], [ 131.37987360000011, -7.240930499999934 ], [ 131.3722596, -7.23884849999996 ], [ 131.364915600000018, -7.232411499999955 ], [ 131.38034760000005, -7.225913499999933 ], [ 131.382469600000036, -7.220636499999955 ], [ 131.380521600000066, -7.217720499999928 ], [ 131.386272600000098, -7.217806499999938 ], [ 131.383973600000104, -7.207809499999939 ], [ 131.386526600000025, -7.200374499999953 ], [ 131.391212600000017, -7.201455499999952 ], [ 131.398471600000107, -7.221709499999974 ] ] ], [ [ [ 131.404104600000096, -7.220968499999969 ], [ 131.405098600000088, -7.218676499999958 ], [ 131.404361600000016, -7.221212499999979 ], [ 131.404104600000096, -7.220968499999969 ] ] ], [ [ [ 131.467171200000053, -7.211189199999978 ], [ 131.459375300000033, -7.202606 ], [ 131.452815400000077, -7.201285499999926 ], [ 131.452815400000077, -7.196380799999929 ], [ 131.466489900000056, -7.18952319999994 ], [ 131.470007800000076, -7.185419799999977 ], [ 131.472052, -7.179995699999949 ], [ 131.468081600000119, -7.178638699999965 ], [ 131.474432300000103, -7.168248099999971 ], [ 131.487694800000099, -7.163673199999948 ], [ 131.49126, -7.172209899999928 ], [ 131.48817710000003, -7.191187399999933 ], [ 131.492650400000116, -7.198833199999967 ], [ 131.490939200000071, -7.207227799999941 ], [ 131.47563260000004, -7.212792599999943 ], [ 131.467171200000053, -7.211189199999978 ] ] ], [ [ [ 131.502334500000075, -7.184335 ], [ 131.499743600000102, -7.180255099999954 ], [ 131.500908400000071, -7.179005199999949 ], [ 131.503570600000103, -7.181552199999942 ], [ 131.502334500000075, -7.184335 ] ] ], [ [ [ 131.500482, -7.128881899999953 ], [ 131.4951062, -7.136328899999967 ], [ 131.493518000000108, -7.136098599999968 ], [ 131.496441400000094, -7.128481 ], [ 131.500482, -7.128881899999953 ] ] ], [ [ [ 131.482148600000073, -7.12040849999994 ], [ 131.481293600000072, -7.127199499999961 ], [ 131.475147600000014, -7.125220499999955 ], [ 131.47887860000003, -7.118895499999951 ], [ 131.482148600000073, -7.12040849999994 ] ] ], [ [ [ 131.444205600000032, -7.097162499999968 ], [ 131.453845600000022, -7.10500049999996 ], [ 131.454027600000018, -7.124131499999976 ], [ 131.447785600000088, -7.127731499999925 ], [ 131.446820600000024, -7.139866499999926 ], [ 131.434371600000077, -7.141283499999929 ], [ 131.431833600000118, -7.126168499999949 ], [ 131.435198600000035, -7.117520499999955 ], [ 131.436321600000042, -7.103309499999966 ], [ 131.444205600000032, -7.097162499999968 ] ] ], [ [ [ 131.46649560000003, -7.098067499999956 ], [ 131.462254600000051, -7.102696499999979 ], [ 131.464103600000044, -7.097060499999941 ], [ 131.46649560000003, -7.098067499999956 ] ] ], [ [ [ 131.439710600000012, -7.072924499999942 ], [ 131.447885600000063, -7.085159499999975 ], [ 131.446541600000046, -7.093247499999961 ], [ 131.434710600000017, -7.091987499999959 ], [ 131.429745600000047, -7.083537499999977 ], [ 131.429336600000056, -7.07004749999993 ], [ 131.431720600000062, -7.068454499999973 ], [ 131.439710600000012, -7.072924499999942 ] ] ], [ [ [ 131.456789600000093, -6.91333949999995 ], [ 131.467559600000072, -6.898059499999931 ], [ 131.468729600000074, -6.879309499999977 ], [ 131.472998600000096, -6.872529499999928 ], [ 131.478458600000067, -6.874319499999956 ], [ 131.483579600000098, -6.868159499999933 ], [ 131.489619600000083, -6.866859499999975 ], [ 131.507269600000086, -6.86931949999996 ], [ 131.512409600000069, -6.873419499999954 ], [ 131.514249600000085, -6.879089499999964 ], [ 131.512699600000019, -6.885109499999942 ], [ 131.509709600000065, -6.885979499999962 ], [ 131.509829600000103, -6.889949499999943 ], [ 131.505729600000109, -6.895899499999928 ], [ 131.498709600000097, -6.899739499999953 ], [ 131.495369600000117, -6.908809499999961 ], [ 131.485869600000115, -6.92157949999995 ], [ 131.479299600000104, -6.924549499999955 ], [ 131.471059600000103, -6.919629499999928 ], [ 131.462799600000039, -6.919979499999954 ], [ 131.456969600000093, -6.91694949999993 ], [ 131.456789600000093, -6.91333949999995 ] ] ], [ [ [ 131.536325500000089, -6.81365169999998 ], [ 131.5270408, -6.831413299999952 ], [ 131.520616200000063, -6.832314799999949 ], [ 131.507066500000064, -6.829380599999979 ], [ 131.516991300000086, -6.815995799999939 ], [ 131.535911200000101, -6.810182 ], [ 131.536325500000089, -6.81365169999998 ] ] ], [ [ [ 131.538222, -6.811446899999964 ], [ 131.53823460000001, -6.814455299999963 ], [ 131.537536100000011, -6.815328399999942 ], [ 131.538222, -6.811446899999964 ] ] ], [ [ [ 131.526264600000104, -6.802800499999933 ], [ 131.519979600000056, -6.796769499999925 ], [ 131.522919600000023, -6.790710499999932 ], [ 131.522199600000022, -6.778559499999972 ], [ 131.518209600000091, -6.779909499999974 ], [ 131.517039600000089, -6.768310499999927 ], [ 131.514489600000047, -6.767399499999954 ], [ 131.513450600000056, -6.761609499999963 ], [ 131.521309600000109, -6.744349499999942 ], [ 131.52823960000012, -6.741589499999975 ], [ 131.533899600000041, -6.73089049999993 ], [ 131.535289600000056, -6.733749499999931 ], [ 131.536720600000081, -6.726719499999945 ], [ 131.546219600000086, -6.716339499999947 ], [ 131.55074060000004, -6.713149499999929 ], [ 131.555053600000065, -6.713737499999979 ], [ 131.562749600000075, -6.704819499999928 ], [ 131.563790600000061, -6.697669499999961 ], [ 131.558270600000014, -6.688070499999981 ], [ 131.562619600000062, -6.680259499999977 ], [ 131.570577600000092, -6.675119499999937 ], [ 131.575579600000083, -6.668410499999936 ], [ 131.606779600000095, -6.677229499999953 ], [ 131.620870600000103, -6.67696049999995 ], [ 131.624089600000048, -6.678820499999972 ], [ 131.624710600000071, -6.684349499999939 ], [ 131.622170600000118, -6.688118499999973 ], [ 131.624339600000098, -6.696540499999969 ], [ 131.621059600000081, -6.703970499999969 ], [ 131.61800960000005, -6.707770499999981 ], [ 131.614209600000095, -6.707350499999961 ], [ 131.60814060000007, -6.711090499999955 ], [ 131.59852960000012, -6.721638499999926 ], [ 131.596249600000078, -6.724410499999976 ], [ 131.600630600000045, -6.726230499999929 ], [ 131.59997060000012, -6.72917949999993 ], [ 131.593909600000075, -6.729969499999982 ], [ 131.5938006, -6.726649499999951 ], [ 131.586069600000087, -6.722119499999962 ], [ 131.586539600000037, -6.717529499999955 ], [ 131.575749600000108, -6.71119049999993 ], [ 131.563510600000086, -6.722319499999969 ], [ 131.562260600000059, -6.73009049999996 ], [ 131.55997960000002, -6.730619499999932 ], [ 131.560419600000046, -6.736419499999954 ], [ 131.557579600000054, -6.740170499999977 ], [ 131.554312400000072, -6.740048799999954 ], [ 131.556670600000075, -6.740739499999961 ], [ 131.55550960000005, -6.744580499999927 ], [ 131.560259600000109, -6.749730499999941 ], [ 131.557419600000117, -6.753029499999968 ], [ 131.561330600000019, -6.751930499999958 ], [ 131.5599396, -6.75595949999996 ], [ 131.5630096000001, -6.755609499999935 ], [ 131.563229600000113, -6.759620499999926 ], [ 131.564780600000063, -6.759059499999978 ], [ 131.563980600000036, -6.762989499999946 ], [ 131.567039600000044, -6.760919499999943 ], [ 131.567289600000095, -6.756840499999953 ], [ 131.57248160000006, -6.758962499999939 ], [ 131.582509600000094, -6.75295049999994 ], [ 131.591899600000033, -6.756930499999953 ], [ 131.588120600000025, -6.76125049999996 ], [ 131.583629600000108, -6.77587049999994 ], [ 131.562269600000036, -6.79110049999997 ], [ 131.560079600000108, -6.78522049999998 ], [ 131.562079600000061, -6.783809499999961 ], [ 131.557229600000028, -6.783400499999971 ], [ 131.552089600000045, -6.791269499999942 ], [ 131.54771960000005, -6.791849499999955 ], [ 131.54263960000003, -6.798150499999963 ], [ 131.53807960000006, -6.795950499999947 ], [ 131.535199600000055, -6.797480499999949 ], [ 131.533059600000115, -6.80336049999994 ], [ 131.526264600000104, -6.802800499999933 ] ] ], [ [ [ 131.909900900000025, -7.226623299999972 ], [ 131.900892200000044, -7.208359599999937 ], [ 131.902146100000095, -7.184293699999955 ], [ 131.896845400000075, -7.178728099999944 ], [ 131.880705800000101, -7.175025499999947 ], [ 131.863045, -7.166110799999956 ], [ 131.847071800000094, -7.164224099999956 ], [ 131.845110800000043, -7.162207699999954 ], [ 131.818964200000096, -7.160993099999928 ], [ 131.81028230000004, -7.16168289999996 ], [ 131.805766100000028, -7.166494099999966 ], [ 131.808357000000115, -7.175503099999958 ], [ 131.8054452, -7.174654099999941 ], [ 131.803579300000024, -7.169854799999939 ], [ 131.778514200000018, -7.164849099999969 ], [ 131.764917900000114, -7.171334699999932 ], [ 131.763586800000098, -7.182330399999955 ], [ 131.756747100000098, -7.18146969999998 ], [ 131.751202800000101, -7.177348499999937 ], [ 131.753960100000086, -7.174884 ], [ 131.753342100000054, -7.171122399999945 ], [ 131.736921700000039, -7.172624399999961 ], [ 131.731038700000113, -7.17790709999997 ], [ 131.725660800000014, -7.174693899999966 ], [ 131.723260100000061, -7.163851199999954 ], [ 131.716614, -7.161158399999977 ], [ 131.713670800000045, -7.155655799999977 ], [ 131.71373, -7.15091659999996 ], [ 131.716772500000047, -7.150273 ], [ 131.717913400000043, -7.136977799999954 ], [ 131.739263800000117, -7.120654099999967 ], [ 131.754975500000114, -7.115795299999945 ], [ 131.773689800000056, -7.11923859999996 ], [ 131.810097300000052, -7.11441549999995 ], [ 131.824238, -7.1143 ], [ 131.828996300000085, -7.11685319999998 ], [ 131.840875600000118, -7.113679299999944 ], [ 131.849931900000115, -7.114486199999931 ], [ 131.858497600000078, -7.11019669999996 ], [ 131.880687, -7.106833599999959 ], [ 131.910978900000032, -7.110740399999941 ], [ 131.915046700000062, -7.102667199999928 ], [ 131.9205204000001, -7.104029899999944 ], [ 131.921269100000018, -7.107961399999965 ], [ 131.929165800000078, -7.111750899999947 ], [ 131.933919400000036, -7.117788599999926 ], [ 131.939697300000034, -7.137517699999933 ], [ 131.955595700000117, -7.157220699999925 ], [ 131.959127100000046, -7.169373499999949 ], [ 131.974030700000071, -7.175646799999981 ], [ 131.977572400000099, -7.194937699999969 ], [ 131.973127500000032, -7.20566759999997 ], [ 131.97712080000008, -7.206681599999968 ], [ 131.976582800000074, -7.211504899999966 ], [ 131.985440100000119, -7.20962929999996 ], [ 131.986783100000025, -7.21444 ], [ 131.980056300000115, -7.225110499999971 ], [ 131.981506300000092, -7.219061899999929 ], [ 131.979390800000033, -7.221915199999955 ], [ 131.977560500000095, -7.227987299999938 ], [ 131.979854300000056, -7.230522199999939 ], [ 131.974411, -7.243656499999929 ], [ 131.965652600000112, -7.250616199999968 ], [ 131.955431700000076, -7.253209899999945 ], [ 131.950440100000037, -7.253115599999944 ], [ 131.948562300000049, -7.246513299999947 ], [ 131.936219300000062, -7.245424799999967 ], [ 131.936178300000051, -7.240370699999971 ], [ 131.928263, -7.231245099999967 ], [ 131.911232, -7.230301899999972 ], [ 131.908855100000096, -7.229358699999977 ], [ 131.909900900000025, -7.226623299999972 ] ] ], [ [ [ 131.614189700000111, -7.122225599999979 ], [ 131.611639600000103, -7.12135509999996 ], [ 131.612335, -7.117649 ], [ 131.61430160000009, -7.118336299999953 ], [ 131.614189700000111, -7.122225599999979 ] ] ], [ [ [ 131.65365810000003, -7.085647 ], [ 131.647097700000018, -7.090977899999928 ], [ 131.651994200000104, -7.081070899999929 ], [ 131.654751500000089, -7.080080199999941 ], [ 131.65365810000003, -7.085647 ] ] ], [ [ [ 131.932746900000097, -7.077479599999947 ], [ 131.913574100000119, -7.08250449999997 ], [ 131.9092008, -7.080806299999949 ], [ 131.906639800000107, -7.065247299999953 ], [ 131.911156300000016, -7.055251399999975 ], [ 131.940384300000119, -7.03230949999994 ], [ 131.948157800000104, -7.030450599999938 ], [ 131.954645, -7.017023499999937 ], [ 131.971091000000115, -7.00289319999996 ], [ 131.996267300000113, -6.987715 ], [ 132.005941100000086, -6.986302599999931 ], [ 132.008260300000074, -6.98847319999993 ], [ 132.005971600000066, -6.991234499999962 ], [ 131.979323400000112, -7.012671699999942 ], [ 131.976701700000035, -7.020797899999934 ], [ 131.967642700000056, -7.032384599999943 ], [ 131.960919800000056, -7.054954599999974 ], [ 131.95305570000005, -7.058935899999938 ], [ 131.932746900000097, -7.077479599999947 ] ] ], [ [ [ 131.557616900000085, -7.058466799999962 ], [ 131.562601700000073, -7.051076699999953 ], [ 131.561428600000113, -7.04939 ], [ 131.562838600000077, -7.049265699999978 ], [ 131.563090700000089, -7.054734499999938 ], [ 131.557616900000085, -7.058466799999962 ] ] ], [ [ [ 131.592238300000076, -6.981067699999926 ], [ 131.591527, -6.986080499999957 ], [ 131.587425, -6.984811199999967 ], [ 131.590098900000044, -6.980554499999926 ], [ 131.592238300000076, -6.981067699999926 ] ] ], [ [ [ 131.584470200000055, -6.981891899999937 ], [ 131.578215900000032, -6.988363699999979 ], [ 131.574274100000025, -6.982075 ], [ 131.575429500000041, -6.977511399999969 ], [ 131.584470200000055, -6.981891899999937 ] ] ], [ [ [ 131.605074400000035, -6.983778599999937 ], [ 131.602234100000032, -6.984300899999937 ], [ 131.600251800000024, -6.982534199999975 ], [ 131.601586500000053, -6.980875899999944 ], [ 131.605074400000035, -6.983778599999937 ] ] ], [ [ [ 131.592828600000075, -6.972384 ], [ 131.596127100000103, -6.969872599999974 ], [ 131.597307300000011, -6.977033099999971 ], [ 131.59491340000011, -6.976355299999966 ], [ 131.592828600000075, -6.972384 ] ] ], [ [ [ 131.589160600000014, -6.659174499999949 ], [ 131.587130600000023, -6.656083499999966 ], [ 131.588763600000107, -6.653446499999973 ], [ 131.595194600000013, -6.655936499999939 ], [ 131.593378600000051, -6.659978499999966 ], [ 131.589160600000014, -6.659174499999949 ] ] ] ] } },
{ "type": "Feature", "properties": { "kab_kota": "Kota Ambon", "provinsi": "Maluku", "regency_code": "id8171" }, "geometry": { "type": "Polygon", "coordinates": [ [ [ 128.096717900000044, -3.79347249999995 ], [ 128.089523, -3.792170799999951 ], [ 128.091255600000068, -3.786103 ], [ 128.104645100000084, -3.771285599999942 ], [ 128.123404300000061, -3.762437699999964 ], [ 128.129618100000016, -3.755973199999971 ], [ 128.131629400000065, -3.751739799999939 ], [ 128.13020680000011, -3.745077299999934 ], [ 128.1547561000001, -3.707099199999959 ], [ 128.162851200000091, -3.701188499999944 ], [ 128.168143800000053, -3.70332389999993 ], [ 128.17174620000003, -3.701899099999935 ], [ 128.174706400000105, -3.695087399999977 ], [ 128.186522100000047, -3.683290599999964 ], [ 128.189011900000082, -3.67549379999997 ], [ 128.194167000000107, -3.673010199999965 ], [ 128.199756900000011, -3.663685199999975 ], [ 128.203459200000111, -3.663347599999952 ], [ 128.216172400000119, -3.654129799999964 ], [ 128.224334200000044, -3.655325599999969 ], [ 128.232188400000041, -3.650030499999957 ], [ 128.23419350000006, -3.644606 ], [ 128.2449808, -3.638406299999929 ], [ 128.240122900000074, -3.634726699999931 ], [ 128.239407700000015, -3.63024889999997 ], [ 128.232399700000087, -3.628151299999956 ], [ 128.224124400000051, -3.634238299999936 ], [ 128.224868800000081, -3.635672199999931 ], [ 128.212521700000025, -3.632577199999957 ], [ 128.195598100000097, -3.640653099999952 ], [ 128.19310130000008, -3.64483759999996 ], [ 128.193962100000022, -3.648304199999927 ], [ 128.198850600000014, -3.653586599999926 ], [ 128.198875, -3.657784699999979 ], [ 128.201662700000043, -3.658819 ], [ 128.188777100000038, -3.662943299999938 ], [ 128.177827200000024, -3.661053299999935 ], [ 128.166575900000112, -3.665834599999926 ], [ 128.15829030000009, -3.666026099999954 ], [ 128.1229340000001, -3.68631709999994 ], [ 128.1173463, -3.68603289999993 ], [ 128.105864600000018, -3.694411 ], [ 128.105601300000103, -3.700198099999966 ], [ 128.099379500000055, -3.713988099999938 ], [ 128.084324400000014, -3.722706699999947 ], [ 128.085879400000067, -3.715555299999949 ], [ 128.077445100000091, -3.706340599999976 ], [ 128.070426400000088, -3.706654299999968 ], [ 128.062037600000053, -3.698055499999953 ], [ 128.050326500000097, -3.693419099999971 ], [ 128.045010700000034, -3.693851 ], [ 128.034041100000081, -3.68421189999998 ], [ 128.03276, -3.673757799999976 ], [ 128.028209700000048, -3.666473199999928 ], [ 128.035553800000116, -3.659584699999925 ], [ 128.039433800000097, -3.648368299999959 ], [ 128.04430590000004, -3.643429199999957 ], [ 128.049464100000023, -3.642668399999934 ], [ 128.056214200000113, -3.647765799999945 ], [ 128.060626900000102, -3.64795289999995 ], [ 128.061822200000051, -3.651074 ], [ 128.065291000000116, -3.65095 ], [ 128.073712600000022, -3.648358199999961 ], [ 128.079952200000093, -3.641191699999979 ], [ 128.096174800000085, -3.633060099999966 ], [ 128.103792200000044, -3.631840299999965 ], [ 128.1091202, -3.635241099999973 ], [ 128.118213400000059, -3.633847199999934 ], [ 128.120675600000027, -3.630980099999931 ], [ 128.127988600000094, -3.632772699999975 ], [ 128.143566100000044, -3.623566099999948 ], [ 128.182413700000097, -3.623121399999945 ], [ 128.18593850000002, -3.628729399999941 ], [ 128.188810400000079, -3.629255099999966 ], [ 128.195410700000025, -3.619623599999954 ], [ 128.193005600000106, -3.614420099999961 ], [ 128.194711200000029, -3.607393 ], [ 128.198047600000109, -3.606375 ], [ 128.197619700000018, -3.602603399999964 ], [ 128.200464400000101, -3.598925799999961 ], [ 128.206025400000044, -3.600281299999949 ], [ 128.207934300000034, -3.590503099999978 ], [ 128.215861, -3.586543 ], [ 128.217378100000019, -3.580069699999967 ], [ 128.22588380000002, -3.578237899999976 ], [ 128.231956, -3.581619599999954 ], [ 128.238619800000038, -3.572988799999962 ], [ 128.250055, -3.577868399999943 ], [ 128.251213900000039, -3.583259 ], [ 128.270331200000101, -3.599378499999943 ], [ 128.268033200000104, -3.616139199999964 ], [ 128.271331600000053, -3.618191599999932 ], [ 128.261230900000101, -3.618393699999956 ], [ 128.256865900000093, -3.630149599999925 ], [ 128.260773600000107, -3.632020499999953 ], [ 128.266705100000081, -3.640636599999937 ], [ 128.282848100000024, -3.650233699999944 ], [ 128.295568700000103, -3.664315599999952 ], [ 128.301077900000109, -3.680533099999934 ], [ 128.298842, -3.694864499999937 ], [ 128.29563840000003, -3.697017599999981 ], [ 128.294122300000026, -3.695246699999927 ], [ 128.288493200000062, -3.695849199999941 ], [ 128.274498900000026, -3.700858499999981 ], [ 128.269945100000086, -3.706067299999972 ], [ 128.271471600000041, -3.712968799999942 ], [ 128.266293900000051, -3.715313599999945 ], [ 128.264478, -3.729400699999928 ], [ 128.252238700000021, -3.733348699999965 ], [ 128.248261, -3.738453899999968 ], [ 128.24104740000007, -3.737711299999944 ], [ 128.241281700000059, -3.74408539999996 ], [ 128.232472200000075, -3.744128599999954 ], [ 128.2267, -3.748376599999972 ], [ 128.222771400000056, -3.746832 ], [ 128.219688900000051, -3.748487599999976 ], [ 128.215909900000042, -3.745069699999931 ], [ 128.212996700000076, -3.748340799999937 ], [ 128.206932200000097, -3.747161099999971 ], [ 128.204067200000054, -3.750153499999954 ], [ 128.19858940000006, -3.74957569999998 ], [ 128.194312600000103, -3.75207249999994 ], [ 128.191929800000025, -3.745249 ], [ 128.186621, -3.748000799999943 ], [ 128.182836700000053, -3.743968399999972 ], [ 128.170858200000112, -3.750645499999962 ], [ 128.159629400000085, -3.749420499999928 ], [ 128.155999700000052, -3.751852799999938 ], [ 128.152183100000116, -3.761099499999943 ], [ 128.153371800000059, -3.766914199999974 ], [ 128.151331100000107, -3.771444299999928 ], [ 128.127363900000091, -3.776953099999957 ], [ 128.096717900000044, -3.79347249999995 ] ] ] } },
{ "type": "Feature", "properties": { "kab_kota": "Kota Ternate", "provinsi": "Maluku Utara", "regency_code": "id8271" }, "geometry": { "type": "MultiPolygon", "coordinates": [ [ [ [ 127.338057, 0.753214100000037 ], [ 127.31613440000001, 0.757399900000053 ], [ 127.314471400000116, 0.755956500000025 ], [ 127.306185200000073, 0.764819200000034 ], [ 127.292655400000058, 0.797556200000031 ], [ 127.295119100000079, 0.804465100000073 ], [ 127.293824200000017, 0.817922900000042 ], [ 127.302103500000044, 0.841026900000031 ], [ 127.313461300000085, 0.847592 ], [ 127.31834420000007, 0.853362 ], [ 127.318528300000025, 0.863883500000043 ], [ 127.32039420000001, 0.862245100000052 ], [ 127.322421, 0.86585290000005 ], [ 127.326953700000104, 0.867577900000072 ], [ 127.3314669, 0.863396900000055 ], [ 127.341141300000118, 0.86358430000007 ], [ 127.386352700000089, 0.833316600000046 ], [ 127.390192800000023, 0.817726900000025 ], [ 127.386390700000106, 0.800710600000059 ], [ 127.39120800000012, 0.789350100000036 ], [ 127.38647190000006, 0.776993900000036 ], [ 127.381664200000046, 0.773466100000064 ], [ 127.379833800000029, 0.774373600000047 ], [ 127.376305800000068, 0.763763600000061 ], [ 127.370393, 0.760058900000047 ], [ 127.352134700000079, 0.759452300000021 ], [ 127.338057, 0.753214100000037 ] ] ], [ [ [ 127.324124900000015, 0.883759400000031 ], [ 127.318236400000046, 0.881304500000056 ], [ 127.314447200000018, 0.882357200000058 ], [ 127.302813, 0.897640800000033 ], [ 127.305408100000022, 0.902833200000032 ], [ 127.310359500000118, 0.904425200000048 ], [ 127.314390700000104, 0.913428400000043 ], [ 127.3170589, 0.908789200000058 ], [ 127.324339800000075, 0.906092300000068 ], [ 127.329920100000095, 0.90082220000005 ], [ 127.331429400000047, 0.892009100000053 ], [ 127.324124900000015, 0.883759400000031 ] ] ], [ [ [ 127.31033960000002, 0.913602400000059 ], [ 127.309687200000099, 0.912302100000034 ], [ 127.308980800000086, 0.912793500000021 ], [ 127.31033960000002, 0.913602400000059 ] ] ], [ [ [ 126.147592100000111, 0.963455400000043 ], [ 126.150846000000115, 0.961366800000064 ], [ 126.150553, 0.964584800000068 ], [ 126.156442300000094, 0.963745 ], [ 126.161530800000037, 0.961088700000062 ], [ 126.161986600000091, 0.95784070000002 ], [ 126.15350890000002, 0.956252 ], [ 126.141779, 0.962256500000024 ], [ 126.13693150000006, 0.971571700000027 ], [ 126.129188200000044, 0.97518690000004 ], [ 126.127285500000085, 0.980717 ], [ 126.13439720000008, 0.981641300000035 ], [ 126.154638400000067, 0.977105900000026 ], [ 126.156345000000101, 0.973590700000045 ], [ 126.154224500000055, 0.968985800000041 ], [ 126.149419500000022, 0.972607500000038 ], [ 126.14480530000003, 0.97160150000002 ], [ 126.148808300000042, 0.966344200000037 ], [ 126.147592100000111, 0.963455400000043 ] ] ], [ [ [ 126.148971300000085, 0.988636900000074 ], [ 126.15176120000001, 0.986593200000073 ], [ 126.152347300000088, 0.985733 ], [ 126.150184500000023, 0.984595 ], [ 126.145023700000024, 0.987145400000031 ], [ 126.148971300000085, 0.988636900000074 ] ] ], [ [ [ 126.400325900000098, 1.318222400000025 ], [ 126.398295600000097, 1.285910800000067 ], [ 126.394045300000016, 1.280033500000059 ], [ 126.393769200000065, 1.284938 ], [ 126.388129900000081, 1.293448400000045 ], [ 126.386137300000087, 1.292733200000043 ], [ 126.383572800000024, 1.300773400000026 ], [ 126.377313500000014, 1.30632 ], [ 126.376566100000105, 1.311989600000061 ], [ 126.365181900000039, 1.319370700000036 ], [ 126.357793500000071, 1.318970500000034 ], [ 126.357614900000044, 1.330746500000032 ], [ 126.364434300000084, 1.341934800000047 ], [ 126.381457800000021, 1.353127200000074 ], [ 126.384942600000045, 1.35098720000002 ], [ 126.383809500000098, 1.348844400000075 ], [ 126.387551600000052, 1.348615400000028 ], [ 126.387765200000104, 1.345603700000026 ], [ 126.395035700000108, 1.34128620000007 ], [ 126.413311100000101, 1.337102500000071 ], [ 126.416302500000029, 1.333331700000031 ], [ 126.416250300000115, 1.329015200000072 ], [ 126.400325900000098, 1.318222400000025 ] ] ], [ [ [ 127.419316900000013, 0.432989900000052 ], [ 127.398992600000042, 0.433115300000054 ], [ 127.39106, 0.440649 ], [ 127.391411800000014, 0.438802 ], [ 127.388063500000044, 0.439777 ], [ 127.383667500000115, 0.446769500000073 ], [ 127.381681700000058, 0.454493 ], [ 127.385656500000096, 0.470715100000064 ], [ 127.394119, 0.477074800000025 ], [ 127.405285900000081, 0.480952600000023 ], [ 127.41782180000007, 0.479510800000071 ], [ 127.420622800000046, 0.473988700000064 ], [ 127.425218800000039, 0.472198500000047 ], [ 127.434300200000052, 0.461883900000032 ], [ 127.434504300000071, 0.456717900000058 ], [ 127.439161200000058, 0.452133900000035 ], [ 127.439751900000033, 0.448162100000047 ], [ 127.4333679, 0.446433400000046 ], [ 127.43316070000003, 0.442279600000063 ], [ 127.430884800000058, 0.442208100000073 ], [ 127.428013800000031, 0.436598300000071 ], [ 127.419316900000013, 0.432989900000052 ] ] ] ] } },
{ "type": "Feature", "properties": { "kab_kota": "Kota Tidore Kepulauan", "provinsi": "Maluku Utara", "regency_code": "id8272" }, "geometry": { "type": "MultiPolygon", "coordinates": [ [ [ [ 127.40584130000002, 0.567826500000024 ], [ 127.391488600000116, 0.561910600000033 ], [ 127.385333700000047, 0.564880600000038 ], [ 127.381970100000103, 0.558298300000047 ], [ 127.379431400000044, 0.56268330000006 ], [ 127.381659400000103, 0.569637500000056 ], [ 127.39359740000009, 0.586707400000023 ], [ 127.399180100000081, 0.583481500000062 ], [ 127.401961700000015, 0.585406800000044 ], [ 127.408024100000034, 0.58459380000005 ], [ 127.410723700000062, 0.580957400000045 ], [ 127.410907200000111, 0.573641 ], [ 127.40584130000002, 0.567826500000024 ] ] ], [ [ [ 127.412773200000061, 0.622359 ], [ 127.401998200000094, 0.621864400000049 ], [ 127.388475300000096, 0.62496550000003 ], [ 127.378468000000112, 0.630268200000046 ], [ 127.366744400000016, 0.646839700000044 ], [ 127.362010600000076, 0.678325500000028 ], [ 127.368211, 0.693581100000074 ], [ 127.378701700000079, 0.70562190000004 ], [ 127.380371900000114, 0.715023300000041 ], [ 127.386648, 0.725409200000058 ], [ 127.384309500000086, 0.73428750000005 ], [ 127.386889800000063, 0.740487300000041 ], [ 127.385477100000116, 0.747656200000051 ], [ 127.389433700000041, 0.752227900000037 ], [ 127.394605, 0.751778300000069 ], [ 127.399214200000074, 0.757286900000054 ], [ 127.405622200000039, 0.759001300000023 ], [ 127.405491700000084, 0.751306800000066 ], [ 127.408445300000039, 0.74807050000004 ], [ 127.417060900000024, 0.752621400000066 ], [ 127.432262800000103, 0.747722 ], [ 127.448452300000099, 0.745911800000044 ], [ 127.455027500000028, 0.731591 ], [ 127.454974000000107, 0.722447700000032 ], [ 127.460515500000042, 0.715613700000063 ], [ 127.454018400000109, 0.682113600000037 ], [ 127.456742900000108, 0.678416100000049 ], [ 127.456438100000014, 0.673048600000072 ], [ 127.45082560000003, 0.6648 ], [ 127.447666800000093, 0.654026200000033 ], [ 127.432148600000119, 0.636054100000024 ], [ 127.428689, 0.62894840000007 ], [ 127.412773200000061, 0.622359 ] ] ], [ [ [ 127.374916300000109, 0.72491610000003 ], [ 127.369356300000049, 0.723691100000053 ], [ 127.363159100000075, 0.729543500000034 ], [ 127.362502, 0.733576200000073 ], [ 127.367723800000022, 0.741326300000026 ], [ 127.37396380000007, 0.740526200000033 ], [ 127.379083100000116, 0.735401600000046 ], [ 127.379136100000096, 0.729182700000024 ], [ 127.374916300000109, 0.72491610000003 ] ] ], [ [ [ 127.47457780000002, 0.584007700000029 ], [ 127.476150500000017, 0.581160300000022 ], [ 127.473949800000014, 0.581238800000051 ], [ 127.473870500000089, 0.583967900000061 ], [ 127.475009200000045, 0.587330200000054 ], [ 127.47713130000011, 0.587370300000032 ], [ 127.477368, 0.583810600000049 ], [ 127.47457780000002, 0.584007700000029 ] ] ], [ [ [ 127.470711500000107, 0.593893600000058 ], [ 127.468941900000118, 0.59820430000002 ], [ 127.471064700000056, 0.595950400000049 ], [ 127.47267480000005, 0.599708400000054 ], [ 127.470711500000107, 0.593893600000058 ] ] ], [ [ [ 127.551976800000034, 0.694940600000052 ], [ 127.547855300000037, 0.704253100000074 ], [ 127.550170500000036, 0.719916900000044 ], [ 127.5473895, 0.727493300000049 ], [ 127.548466300000086, 0.731327900000053 ], [ 127.57458250000002, 0.753676 ], [ 127.588450400000056, 0.755647500000066 ], [ 127.596946200000048, 0.760051400000066 ], [ 127.597787800000106, 0.758183300000042 ], [ 127.601370700000075, 0.758753700000057 ], [ 127.596331300000088, 0.755031900000063 ], [ 127.596159600000078, 0.750775 ], [ 127.599230100000113, 0.749800200000038 ], [ 127.599270100000012, 0.755796600000053 ], [ 127.60190010000008, 0.757493900000043 ], [ 127.604170900000099, 0.764136700000051 ], [ 127.601382500000113, 0.765014400000041 ], [ 127.605586100000096, 0.76567620000003 ], [ 127.602481900000043, 0.768424700000025 ], [ 127.6027348, 0.771355400000061 ], [ 127.60046710000006, 0.770358600000066 ], [ 127.598936700000081, 0.772745900000075 ], [ 127.602546900000107, 0.77923560000005 ], [ 127.610645500000032, 0.779847400000051 ], [ 127.615263100000107, 0.782760800000062 ], [ 127.618256700000074, 0.790220600000055 ], [ 127.62433830000009, 0.786148600000047 ], [ 127.62102440000001, 0.782028400000058 ], [ 127.621605800000111, 0.778399900000068 ], [ 127.628938800000014, 0.777329700000053 ], [ 127.638517600000114, 0.768494600000054 ], [ 127.648030100000028, 0.76950080000006 ], [ 127.647994200000085, 0.774050800000055 ], [ 127.651511300000038, 0.776132700000062 ], [ 127.65681810000001, 0.773107400000072 ], [ 127.657621500000118, 0.775843100000031 ], [ 127.66092540000011, 0.776118300000064 ], [ 127.663681400000087, 0.771552200000031 ], [ 127.66718190000006, 0.77049820000002 ], [ 127.667171400000029, 0.767658600000061 ], [ 127.672673100000111, 0.771188800000061 ], [ 127.681338700000083, 0.75910790000006 ], [ 127.692283, 0.756299300000023 ], [ 127.700284300000021, 0.756255400000043 ], [ 127.702122100000111, 0.76249260000003 ], [ 127.713545700000054, 0.761447900000064 ], [ 127.716780700000072, 0.765035500000067 ], [ 127.735885, 0.755809800000065 ], [ 127.750897400000099, 0.757693700000061 ], [ 127.757591300000058, 0.751368 ], [ 127.757310400000051, 0.74249930000002 ], [ 127.767254600000115, 0.730948900000044 ], [ 127.765959, 0.721595 ], [ 127.768016200000034, 0.707130100000029 ], [ 127.783, 0.692341100000021 ], [ 127.780906200000118, 0.684236300000066 ], [ 127.782154900000023, 0.672275200000058 ], [ 127.788189700000089, 0.66363 ], [ 127.787914700000101, 0.656086500000072 ], [ 127.792496300000039, 0.646859200000051 ], [ 127.791859700000032, 0.631284100000073 ], [ 127.797793900000102, 0.623154500000055 ], [ 127.806834, 0.618628600000022 ], [ 127.809948700000064, 0.614541600000052 ], [ 127.810216100000048, 0.597852300000056 ], [ 127.820714400000043, 0.592056100000036 ], [ 127.824935600000117, 0.582844800000032 ], [ 127.831570100000022, 0.575573600000041 ], [ 127.830158700000084, 0.57009510000006 ], [ 127.822765000000118, 0.567253300000061 ], [ 127.821178200000077, 0.560546600000066 ], [ 127.825319, 0.550715 ], [ 127.825867, 0.54244140000003 ], [ 127.815943100000027, 0.537226400000065 ], [ 127.806555100000082, 0.526147500000036 ], [ 127.812284100000056, 0.521664200000032 ], [ 127.812768500000061, 0.518234500000062 ], [ 127.803575500000079, 0.508117200000072 ], [ 127.80635790000008, 0.502563400000042 ], [ 127.806044900000074, 0.490069100000028 ], [ 127.800281300000051, 0.480953400000033 ], [ 127.795634100000029, 0.482263900000021 ], [ 127.793115900000089, 0.486728500000027 ], [ 127.784479600000054, 0.488349200000073 ], [ 127.779456900000014, 0.485507200000029 ], [ 127.775376, 0.47623980000003 ], [ 127.779564800000117, 0.467912800000022 ], [ 127.775994800000035, 0.466671 ], [ 127.768620900000087, 0.454337800000076 ], [ 127.774343200000089, 0.443951 ], [ 127.772292800000059, 0.429631900000061 ], [ 127.775104200000101, 0.412851 ], [ 127.79013180000004, 0.397436400000061 ], [ 127.790212400000087, 0.387943900000039 ], [ 127.798546000000101, 0.385671 ], [ 127.806546, 0.373654400000021 ], [ 127.801382000000103, 0.368059100000039 ], [ 127.800735, 0.361931800000036 ], [ 127.807226, 0.339978900000062 ], [ 127.801949100000115, 0.330994900000064 ], [ 127.798555800000031, 0.317434700000035 ], [ 127.803577200000063, 0.296932300000037 ], [ 127.817321500000048, 0.279577900000049 ], [ 127.819521100000088, 0.272591800000043 ], [ 127.811597700000107, 0.269584 ], [ 127.807340100000033, 0.256791 ], [ 127.797265300000049, 0.248489400000039 ], [ 127.801288400000089, 0.236763100000076 ], [ 127.814388300000019, 0.23050980000005 ], [ 127.81279070000005, 0.221416600000055 ], [ 127.823669900000027, 0.209353700000065 ], [ 127.821633, 0.207676900000024 ], [ 127.8219209, 0.20132250000006 ], [ 127.809536300000104, 0.195919700000047 ], [ 127.804811700000073, 0.19036310000007 ], [ 127.787713900000085, 0.154647500000067 ], [ 127.791049, 0.135076900000058 ], [ 127.788769900000034, 0.125592500000039 ], [ 127.792347600000085, 0.117360500000075 ], [ 127.790024300000027, 0.087471100000073 ], [ 127.796929500000033, 0.081741800000032 ], [ 127.794221600000014, 0.07446340000007 ], [ 127.795305400000075, 0.070573700000068 ], [ 127.798564600000077, 0.06995610000007 ], [ 127.79506, 0.06129 ], [ 127.796565700000087, 0.05371370000006 ], [ 127.805961600000046, 0.048022600000024 ], [ 127.807357400000114, 0.042355600000064 ], [ 127.814483200000041, 0.038219 ], [ 127.817259400000012, 0.031386700000041 ], [ 127.810157300000014, 0.018111400000066 ], [ 127.802418800000055, 0.02149490000005 ], [ 127.795731700000033, 0.012626600000033 ], [ 127.792020600000114, 0.012048900000025 ], [ 127.785336700000016, 0.005275200000028 ], [ 127.770115700000019, 0.004082500000038 ], [ 127.768103600000018, 0.02551 ], [ 127.753872300000012, 0.019965100000036 ], [ 127.748086200000103, 0.023511600000063 ], [ 127.737711200000035, 0.018559100000061 ], [ 127.732822100000021, 0.004802300000051 ], [ 127.727435700000115, 0.003230300000041 ], [ 127.725565600000095, 0.007314600000029 ], [ 127.723037100000056, 0.00167730000004 ], [ 127.712909400000058, 0.003220900000031 ], [ 127.710227600000053, -0.007976399999961 ], [ 127.699450100000035, -0.010028699999964 ], [ 127.69720570000004, -0.002649 ], [ 127.69936030000008, 0.016002800000024 ], [ 127.708092800000031, 0.027830900000026 ], [ 127.712825700000053, 0.039764400000024 ], [ 127.711035400000014, 0.042077300000074 ], [ 127.713473900000054, 0.041178 ], [ 127.716579300000035, 0.044200900000021 ], [ 127.7148922, 0.047833200000071 ], [ 127.7205523, 0.060285 ], [ 127.721772700000088, 0.072361400000034 ], [ 127.716874800000028, 0.078280900000038 ], [ 127.716743700000052, 0.08520580000004 ], [ 127.7135995000001, 0.088076600000022 ], [ 127.71221730000002, 0.10259 ], [ 127.707529800000088, 0.103852 ], [ 127.704645100000107, 0.100937300000055 ], [ 127.691313300000047, 0.100120400000037 ], [ 127.68784810000011, 0.097602 ], [ 127.684569200000055, 0.09844970000006 ], [ 127.689923200000067, 0.10395740000007 ], [ 127.6902344, 0.111986300000069 ], [ 127.696743600000104, 0.115818700000034 ], [ 127.696351800000116, 0.118485600000042 ], [ 127.70180460000006, 0.125108300000022 ], [ 127.70039410000004, 0.13581460000006 ], [ 127.693996200000015, 0.140244800000062 ], [ 127.691898400000014, 0.146114500000067 ], [ 127.695998500000087, 0.159102400000052 ], [ 127.694420600000058, 0.167599800000062 ], [ 127.695975700000076, 0.185229400000026 ], [ 127.701410500000065, 0.195284700000059 ], [ 127.70024930000011, 0.19883660000005 ], [ 127.707962600000087, 0.210671900000023 ], [ 127.706497500000069, 0.222325 ], [ 127.714797100000055, 0.242435800000067 ], [ 127.717294800000104, 0.256543300000033 ], [ 127.715877800000044, 0.264191800000049 ], [ 127.724393100000043, 0.27502880000003 ], [ 127.733967200000052, 0.301958600000034 ], [ 127.734272600000054, 0.311252600000046 ], [ 127.721484600000053, 0.341552800000045 ], [ 127.709503900000072, 0.352943100000061 ], [ 127.693896700000096, 0.345281300000067 ], [ 127.688944100000072, 0.349934400000052 ], [ 127.685555, 0.34825920000003 ], [ 127.676829200000043, 0.350001600000041 ], [ 127.661263700000063, 0.342219300000068 ], [ 127.657263, 0.344750100000056 ], [ 127.648731600000019, 0.357723800000031 ], [ 127.638041900000076, 0.358880300000067 ], [ 127.634681000000114, 0.357068200000072 ], [ 127.622077900000022, 0.359887900000047 ], [ 127.617991900000106, 0.374882600000035 ], [ 127.622851, 0.386010800000065 ], [ 127.622230900000091, 0.396131800000035 ], [ 127.6165856, 0.397262300000023 ], [ 127.616500600000109, 0.400474600000052 ], [ 127.609046100000114, 0.396977100000072 ], [ 127.602866300000073, 0.399506100000053 ], [ 127.601373800000033, 0.402982400000042 ], [ 127.595495500000084, 0.40102150000007 ], [ 127.593929300000013, 0.407929700000068 ], [ 127.584909, 0.408935100000065 ], [ 127.578591300000085, 0.414913300000023 ], [ 127.578933600000028, 0.418411700000036 ], [ 127.585622200000103, 0.422942700000021 ], [ 127.581479200000103, 0.423217700000066 ], [ 127.580923, 0.428701200000035 ], [ 127.573086500000045, 0.428465800000026 ], [ 127.574953400000027, 0.432549 ], [ 127.572635300000115, 0.435491500000069 ], [ 127.574890500000038, 0.439004900000043 ], [ 127.573072800000091, 0.440671100000031 ], [ 127.576844300000062, 0.443796700000064 ], [ 127.571617600000081, 0.445679100000063 ], [ 127.574776400000019, 0.450570700000071 ], [ 127.568869800000016, 0.454730200000029 ], [ 127.570211900000118, 0.458329 ], [ 127.568099500000017, 0.468704 ], [ 127.569987300000093, 0.471511700000065 ], [ 127.566783900000019, 0.478378500000019 ], [ 127.568083400000091, 0.488315 ], [ 127.564741, 0.495721900000035 ], [ 127.561901200000079, 0.515921100000071 ], [ 127.558548, 0.52170760000007 ], [ 127.539359500000046, 0.533360800000025 ], [ 127.536642800000095, 0.542682300000024 ], [ 127.526900200000114, 0.554363 ], [ 127.536801200000014, 0.573952800000029 ], [ 127.529483500000083, 0.612869 ], [ 127.541011100000105, 0.632084300000031 ], [ 127.539299800000094, 0.636683600000026 ], [ 127.54144, 0.643494300000043 ], [ 127.540037100000063, 0.654717300000073 ], [ 127.545538700000066, 0.660709200000042 ], [ 127.551171, 0.682424600000047 ], [ 127.551976800000034, 0.694940600000052 ] ] ], [ [ [ 127.479660500000023, 0.712478100000055 ], [ 127.4805536, 0.713264300000048 ], [ 127.480333700000074, 0.712278100000049 ], [ 127.479660500000023, 0.712478100000055 ] ] ], [ [ [ 127.564437200000043, 0.782460700000058 ], [ 127.562546400000087, 0.782959 ], [ 127.563838800000099, 0.784339800000055 ], [ 127.564437200000043, 0.782460700000058 ] ] ], [ [ [ 127.621386, 0.357032200000049 ], [ 127.623689800000079, 0.353458100000068 ], [ 127.619411300000024, 0.352192400000035 ], [ 127.621386, 0.357032200000049 ] ] ], [ [ [ 127.638534500000105, 0.357651900000064 ], [ 127.645719400000075, 0.355392600000073 ], [ 127.637647800000082, 0.355283600000064 ], [ 127.638534500000105, 0.357651900000064 ] ] ], [ [ [ 127.595024200000012, 0.380565400000023 ], [ 127.59104190000005, 0.381999500000063 ], [ 127.594853, 0.383947500000033 ], [ 127.595024200000012, 0.380565400000023 ] ] ], [ [ [ 127.60937540000009, 0.387766200000044 ], [ 127.60299150000003, 0.382791300000065 ], [ 127.6008068000001, 0.383834800000045 ], [ 127.602942900000016, 0.388081700000043 ], [ 127.60937540000009, 0.387766200000044 ] ] ], [ [ [ 127.588033800000062, 0.392904500000043 ], [ 127.587010400000054, 0.387429900000029 ], [ 127.584424900000045, 0.388351600000021 ], [ 127.588033800000062, 0.392904500000043 ] ] ], [ [ [ 127.57891, 0.399340800000061 ], [ 127.586562200000117, 0.398816600000032 ], [ 127.584004800000116, 0.393577700000037 ], [ 127.579005500000108, 0.396479100000022 ], [ 127.57891, 0.399340800000061 ] ] ], [ [ [ 127.597379, 0.771145400000023 ], [ 127.59485230000007, 0.772806400000036 ], [ 127.596702500000106, 0.774636300000054 ], [ 127.597379, 0.771145400000023 ] ] ], [ [ [ 127.698845800000072, 0.10033640000006 ], [ 127.700859100000116, 0.100276300000075 ], [ 127.7009792, 0.099735400000043 ], [ 127.699957600000062, 0.099074300000041 ], [ 127.698845800000072, 0.10033640000006 ] ] ] ] } },
{ "type": "Feature", "properties": { "kab_kota": "Kota Tual", "provinsi": "Maluku", "regency_code": "id8172" }, "geometry": { "type": "MultiPolygon", "coordinates": [ [ [ [ 132.197559600000091, -5.719735699999944 ], [ 132.198928500000079, -5.739174599999956 ], [ 132.196685900000034, -5.757786199999941 ], [ 132.19297680000011, -5.763351499999942 ], [ 132.183192800000029, -5.767445199999941 ], [ 132.173048000000108, -5.754380399999945 ], [ 132.169672800000058, -5.739492 ], [ 132.170743600000037, -5.737659299999962 ], [ 132.171372100000099, -5.732331399999964 ], [ 132.173488300000031, -5.726747299999943 ], [ 132.176917300000014, -5.726162099999954 ], [ 132.182105200000024, -5.720269599999938 ], [ 132.194604700000014, -5.716516299999967 ], [ 132.197559600000091, -5.719735699999944 ] ] ], [ [ [ 132.169870800000012, -5.738250299999947 ], [ 132.170198700000014, -5.738008299999933 ], [ 132.170111200000065, -5.738360099999966 ], [ 132.169870800000012, -5.738250299999947 ] ] ], [ [ [ 132.167951500000072, -5.738283799999977 ], [ 132.167752200000109, -5.73796509999994 ], [ 132.1681115, -5.737958899999967 ], [ 132.167951500000072, -5.738283799999977 ] ] ], [ [ [ 132.170493, -5.735698499999955 ], [ 132.170746800000074, -5.735685599999954 ], [ 132.170587, -5.735784 ], [ 132.170493, -5.735698499999955 ] ] ], [ [ [ 132.170318800000018, -5.735146799999939 ], [ 132.170293100000094, -5.73501959999993 ], [ 132.170391700000096, -5.735057899999958 ], [ 132.170318800000018, -5.735146799999939 ] ] ], [ [ [ 132.25158440000007, -5.699566 ], [ 132.235951500000056, -5.706278599999962 ], [ 132.234797100000037, -5.706182299999966 ], [ 132.241783300000066, -5.700947599999949 ], [ 132.25158440000007, -5.699566 ] ] ], [ [ [ 131.938586300000111, -5.659966499999939 ], [ 131.940803800000026, -5.669834699999967 ], [ 131.935592200000087, -5.674593499999958 ], [ 131.93282360000012, -5.665008299999954 ], [ 131.934295300000031, -5.661501399999963 ], [ 131.938586300000111, -5.659966499999939 ] ] ], [ [ [ 132.245352500000081, -5.616719699999976 ], [ 132.251320400000054, -5.620755 ], [ 132.251853900000015, -5.625716699999941 ], [ 132.24896990000002, -5.628295799999933 ], [ 132.247376500000087, -5.626823 ], [ 132.247668400000066, -5.62892439999996 ], [ 132.246448200000032, -5.629343399999925 ], [ 132.241857800000048, -5.619935399999974 ], [ 132.245352500000081, -5.616719699999976 ] ] ], [ [ [ 132.244658500000014, -5.593462199999976 ], [ 132.24541320000003, -5.594074599999942 ], [ 132.244583700000021, -5.593530699999974 ], [ 132.244658500000014, -5.593462199999976 ] ] ], [ [ [ 132.248100900000054, -5.593682899999976 ], [ 132.247264600000108, -5.593845299999941 ], [ 132.247106300000041, -5.593690799999933 ], [ 132.248100900000054, -5.593682899999976 ] ] ], [ [ [ 132.006481700000109, -5.595866799999953 ], [ 132.007957300000044, -5.591738299999975 ], [ 132.007553, -5.59684649999997 ], [ 132.002303, -5.597546899999941 ], [ 131.994379500000036, -5.589402499999949 ], [ 132.001606500000094, -5.572530799999981 ], [ 132.004570700000045, -5.574680199999932 ], [ 132.007891, -5.585917099999961 ], [ 132.006481700000109, -5.595866799999953 ] ] ], [ [ [ 132.011981600000013, -5.586713499999973 ], [ 132.010806900000034, -5.586547399999972 ], [ 132.011121500000058, -5.585546699999952 ], [ 132.011981600000013, -5.586713499999973 ] ] ], [ [ [ 131.927471700000069, -5.58092309999995 ], [ 131.926607300000114, -5.575979199999949 ], [ 131.929935200000045, -5.573481299999969 ], [ 131.932212400000026, -5.578509099999962 ], [ 131.927471700000069, -5.58092309999995 ] ] ], [ [ [ 131.986278700000071, -5.378831399999967 ], [ 131.976926700000035, -5.388455 ], [ 131.972577900000033, -5.389303299999938 ], [ 131.9604395, -5.37285739999993 ], [ 131.969497700000034, -5.337425 ], [ 131.990371900000014, -5.31072649999993 ], [ 131.9976378, -5.313259 ], [ 132.015346, -5.305365299999949 ], [ 132.021812100000034, -5.313072399999953 ], [ 132.023370500000055, -5.323870199999931 ], [ 132.020749900000055, -5.341812199999936 ], [ 132.012615, -5.356968799999947 ], [ 132.010123500000077, -5.37078589999993 ], [ 131.991529300000025, -5.378993099999946 ], [ 131.986278700000071, -5.378831399999967 ] ] ], [ [ [ 132.02660190000006, -5.166252199999974 ], [ 132.023492800000099, -5.187713 ], [ 132.018715300000054, -5.187106299999925 ], [ 132.014236600000118, -5.183622399999933 ], [ 132.011970200000064, -5.176292 ], [ 132.023871900000017, -5.158289699999955 ], [ 132.02660190000006, -5.166252199999974 ] ] ], [ [ [ 132.0235834, -5.156367 ], [ 132.022700900000018, -5.146551899999963 ], [ 132.024774600000114, -5.14666219999998 ], [ 132.0235834, -5.156367 ] ] ], [ [ [ 132.024401, -5.134765 ], [ 132.015621100000089, -5.136390899999981 ], [ 132.011282200000096, -5.131909499999949 ], [ 132.012872900000048, -5.130199199999936 ], [ 132.024346800000103, -5.131567399999938 ], [ 132.024401, -5.134765 ] ] ], [ [ [ 132.266546800000015, -5.712196699999936 ], [ 132.266025500000069, -5.701035 ], [ 132.27061690000005, -5.693491499999936 ], [ 132.274700100000018, -5.693525099999931 ], [ 132.27531440000007, -5.696676 ], [ 132.269900500000062, -5.70704939999996 ], [ 132.269988100000091, -5.71322379999998 ], [ 132.266546800000015, -5.712196699999936 ] ] ], [ [ [ 132.26046220000012, -5.634700699999939 ], [ 132.262513, -5.639926199999934 ], [ 132.262283100000104, -5.640396499999952 ], [ 132.26046220000012, -5.634700699999939 ] ] ], [ [ [ 132.247975800000063, -5.629922 ], [ 132.247792000000118, -5.62957659999995 ], [ 132.248226700000032, -5.629466599999944 ], [ 132.247975800000063, -5.629922 ] ] ], [ [ [ 132.261704, -5.581452 ], [ 132.264207400000032, -5.581266 ], [ 132.262700000000109, -5.584070699999927 ], [ 132.276362200000108, -5.583236899999974 ], [ 132.2795992, -5.593363 ], [ 132.284758, -5.596721499999944 ], [ 132.306938500000115, -5.590502499999957 ], [ 132.307244100000048, -5.597143899999935 ], [ 132.303186400000072, -5.606372199999953 ], [ 132.304062800000111, -5.611630399999967 ], [ 132.29975120000006, -5.616033 ], [ 132.304223100000058, -5.615947899999981 ], [ 132.306361600000059, -5.61097419999993 ], [ 132.310399400000051, -5.611130599999967 ], [ 132.319491800000037, -5.628670799999952 ], [ 132.3173144000001, -5.634608199999946 ], [ 132.294993400000067, -5.655114199999957 ], [ 132.2918644, -5.654381599999965 ], [ 132.285922500000083, -5.635583599999961 ], [ 132.285553500000105, -5.613427599999966 ], [ 132.282563500000037, -5.612877699999956 ], [ 132.285440400000084, -5.606959099999926 ], [ 132.283839900000089, -5.600568499999952 ], [ 132.2777843, -5.598073 ], [ 132.269260700000018, -5.600862799999959 ], [ 132.262136500000111, -5.600096 ], [ 132.257255100000066, -5.592093599999941 ], [ 132.252178800000024, -5.592002299999933 ], [ 132.256967800000098, -5.591364499999941 ], [ 132.257198, -5.586631599999976 ], [ 132.255158700000038, -5.584843499999977 ], [ 132.25295390000008, -5.587278899999944 ], [ 132.253322400000116, -5.585752199999945 ], [ 132.261704, -5.581452 ] ] ], [ [ [ 132.7197460000001, -5.614776799999959 ], [ 132.716586600000028, -5.615681099999961 ], [ 132.718441100000064, -5.612779099999955 ], [ 132.7197460000001, -5.614776799999959 ] ] ], [ [ [ 132.319864200000097, -5.613142699999969 ], [ 132.313204800000108, -5.612549799999954 ], [ 132.314834500000075, -5.608429499999943 ], [ 132.316826400000082, -5.608494699999937 ], [ 132.313450800000055, -5.606931199999963 ], [ 132.321321200000057, -5.599872 ], [ 132.334385500000053, -5.60715179999994 ], [ 132.336436900000081, -5.612427 ], [ 132.330002300000046, -5.619644299999948 ], [ 132.319864200000097, -5.613142699999969 ] ] ], [ [ [ 132.249925900000108, -5.596328599999936 ], [ 132.250506400000063, -5.59562939999995 ], [ 132.25082830000008, -5.59560369999997 ], [ 132.249925900000108, -5.596328599999936 ] ] ], [ [ [ 132.248621600000092, -5.595407299999977 ], [ 132.2487178, -5.595012499999939 ], [ 132.249075200000107, -5.594947799999943 ], [ 132.248621600000092, -5.595407299999977 ] ] ], [ [ [ 132.248539700000038, -5.587926399999958 ], [ 132.248362400000019, -5.588649099999941 ], [ 132.247471100000098, -5.589648199999942 ], [ 132.248539700000038, -5.587926399999958 ] ] ], [ [ [ 132.250559900000098, -5.588116099999979 ], [ 132.251513600000067, -5.587178799999947 ], [ 132.253149, -5.588751799999955 ], [ 132.250559900000098, -5.588116099999979 ] ] ], [ [ [ 132.674765200000024, -5.576724599999977 ], [ 132.680817600000069, -5.582488399999932 ], [ 132.678342900000075, -5.590882499999964 ], [ 132.673695700000053, -5.592557299999953 ], [ 132.672527, -5.591098599999953 ], [ 132.677734700000087, -5.590133899999955 ], [ 132.678943700000104, -5.585530299999959 ], [ 132.676641100000097, -5.579243199999951 ], [ 132.673521900000082, -5.577257799999927 ], [ 132.672524, -5.576082 ], [ 132.674765200000024, -5.576724599999977 ] ] ], [ [ [ 132.670692800000097, -5.578279799999962 ], [ 132.66785260000006, -5.579387799999949 ], [ 132.66744360000007, -5.578984399999968 ], [ 132.669955400000049, -5.576401899999951 ], [ 132.670692800000097, -5.578279799999962 ] ] ], [ [ [ 132.292977400000041, -5.575677699999972 ], [ 132.292934800000012, -5.574462799999935 ], [ 132.293059, -5.574279299999944 ], [ 132.292977400000041, -5.575677699999972 ] ] ], [ [ [ 132.356436900000062, -5.575963599999966 ], [ 132.338646900000072, -5.58385439999995 ], [ 132.331857900000045, -5.583491199999969 ], [ 132.323514700000032, -5.579846699999962 ], [ 132.321349, -5.57073639999993 ], [ 132.316798700000049, -5.571232499999951 ], [ 132.316686900000036, -5.566770599999927 ], [ 132.3222048, -5.563807399999973 ], [ 132.324421400000119, -5.565670699999941 ], [ 132.325481400000058, -5.563322899999946 ], [ 132.323485900000037, -5.560478699999976 ], [ 132.320811, -5.561927499999967 ], [ 132.316335400000071, -5.548331 ], [ 132.304153900000074, -5.536516899999981 ], [ 132.302437200000099, -5.529963099999975 ], [ 132.308264700000109, -5.525759699999981 ], [ 132.310744500000055, -5.521331299999929 ], [ 132.3190571, -5.520893699999931 ], [ 132.325521500000036, -5.530019299999935 ], [ 132.331815300000017, -5.533052199999929 ], [ 132.343757600000117, -5.528678899999932 ], [ 132.342841500000077, -5.546419199999946 ], [ 132.346511, -5.550952199999927 ], [ 132.3552965, -5.553391 ], [ 132.362717100000054, -5.551130899999976 ], [ 132.375444500000071, -5.540421599999945 ], [ 132.375542200000041, -5.53572749999995 ], [ 132.377239100000111, -5.535781399999962 ], [ 132.378557200000046, -5.553059599999926 ], [ 132.365896400000111, -5.55979259999998 ], [ 132.359105900000031, -5.567417899999953 ], [ 132.356436900000062, -5.575963599999966 ] ] ], [ [ [ 132.300009500000101, -5.535714899999959 ], [ 132.299451700000077, -5.535640399999977 ], [ 132.300103200000081, -5.535397799999942 ], [ 132.300009500000101, -5.535714899999959 ] ] ], [ [ [ 132.300622500000031, -5.527639799999974 ], [ 132.301471400000082, -5.528476199999943 ], [ 132.300840200000039, -5.529903899999965 ], [ 132.300622500000031, -5.527639799999974 ] ] ], [ [ [ 132.3040400000001, -5.528601099999946 ], [ 132.304199400000016, -5.528523699999937 ], [ 132.304154700000026, -5.528641 ], [ 132.3040400000001, -5.528601099999946 ] ] ], [ [ [ 132.303341800000112, -5.526591699999926 ], [ 132.303272600000014, -5.527010299999972 ], [ 132.3031711000001, -5.52698689999994 ], [ 132.303341800000112, -5.526591699999926 ] ] ], [ [ [ 132.301083200000107, -5.526418499999977 ], [ 132.3015593, -5.527118399999949 ], [ 132.300899400000048, -5.526825699999961 ], [ 132.301083200000107, -5.526418499999977 ] ] ], [ [ [ 132.302586200000064, -5.524888899999951 ], [ 132.302634600000033, -5.524143099999947 ], [ 132.303047800000058, -5.524699899999973 ], [ 132.302586200000064, -5.524888899999951 ] ] ], [ [ [ 132.309294400000113, -5.522457 ], [ 132.309632100000044, -5.523138499999959 ], [ 132.309193300000061, -5.523145799999952 ], [ 132.309294400000113, -5.522457 ] ] ], [ [ [ 132.704663700000083, -5.439924799999972 ], [ 132.708175800000049, -5.441645799999947 ], [ 132.70318020000002, -5.440174199999944 ], [ 132.702558, -5.440837099999953 ], [ 132.710081200000104, -5.443959399999926 ], [ 132.708946400000059, -5.445596199999954 ], [ 132.712643700000058, -5.448060699999928 ], [ 132.700021600000014, -5.456062699999961 ], [ 132.698562100000117, -5.452885899999956 ], [ 132.703089700000078, -5.449432599999966 ], [ 132.697667, -5.452594099999942 ], [ 132.698975500000074, -5.443118699999957 ], [ 132.700355900000091, -5.44090639999996 ], [ 132.70248760000004, -5.441912399999978 ], [ 132.701887, -5.43980339999996 ], [ 132.704663700000083, -5.439924799999972 ] ] ], [ [ [ 132.700074100000052, -5.440404799999953 ], [ 132.700591300000042, -5.439318599999979 ], [ 132.700289100000077, -5.440357799999958 ], [ 132.700074100000052, -5.440404799999953 ] ] ], [ [ [ 132.701752600000077, -5.439544499999954 ], [ 132.70219950000012, -5.438982899999928 ], [ 132.701918800000044, -5.439687599999957 ], [ 132.701752600000077, -5.439544499999954 ] ] ], [ [ [ 132.752583800000025, -5.662940599999956 ], [ 132.761779, -5.669420399999979 ], [ 132.757798500000035, -5.677597299999945 ], [ 132.752522100000078, -5.673616899999956 ], [ 132.74909700000012, -5.665439899999967 ], [ 132.752641100000119, -5.665860899999927 ], [ 132.752583800000025, -5.662940599999956 ] ] ], [ [ [ 132.78883, -5.675676 ], [ 132.778608600000098, -5.685837099999958 ], [ 132.772698900000023, -5.687977899999964 ], [ 132.769171200000073, -5.686168799999962 ], [ 132.761949800000025, -5.671846799999969 ], [ 132.762854400000037, -5.665560099999936 ], [ 132.756733600000075, -5.662288699999976 ], [ 132.759196300000099, -5.658804 ], [ 132.7677781000001, -5.654827099999977 ], [ 132.765899900000022, -5.651203599999974 ], [ 132.767228300000056, -5.646388199999933 ], [ 132.760885300000041, -5.639430899999979 ], [ 132.756789300000037, -5.644931399999962 ], [ 132.760125500000072, -5.657767 ], [ 132.756840200000056, -5.659906299999932 ], [ 132.754098800000065, -5.653766399999938 ], [ 132.749016900000015, -5.654129799999964 ], [ 132.750546100000065, -5.660783 ], [ 132.748701300000107, -5.663027299999953 ], [ 132.741404500000044, -5.638945899999953 ], [ 132.74369850000005, -5.630092399999967 ], [ 132.740091500000062, -5.613221799999963 ], [ 132.747477900000035, -5.611265199999934 ], [ 132.7508610000001, -5.604997499999968 ], [ 132.751001200000019, -5.593350399999963 ], [ 132.747741400000109, -5.59489549999995 ], [ 132.752935600000114, -5.583314899999948 ], [ 132.751308000000108, -5.581396099999949 ], [ 132.753655900000012, -5.579576399999951 ], [ 132.755007700000078, -5.581285199999968 ], [ 132.766944400000057, -5.568935899999929 ], [ 132.788077, -5.533045899999934 ], [ 132.798756, -5.527805299999955 ], [ 132.800733600000058, -5.530870599999957 ], [ 132.798612400000025, -5.554860899999937 ], [ 132.795406800000023, -5.555955499999925 ], [ 132.791201800000067, -5.576948099999925 ], [ 132.793596900000011, -5.577753499999972 ], [ 132.798966, -5.573880299999928 ], [ 132.809011100000021, -5.554079099999967 ], [ 132.816565300000093, -5.551166 ], [ 132.811033, -5.57087219999994 ], [ 132.80903980000005, -5.57048709999998 ], [ 132.807454200000052, -5.573703599999931 ], [ 132.809696600000052, -5.576421699999969 ], [ 132.797126800000115, -5.612764099999936 ], [ 132.800587700000051, -5.633869199999936 ], [ 132.809923400000116, -5.653899599999932 ], [ 132.814453700000058, -5.681667499999946 ], [ 132.798900600000024, -5.694219299999929 ], [ 132.791362700000036, -5.690993 ], [ 132.791121500000031, -5.685912499999972 ], [ 132.799684600000091, -5.674846799999955 ], [ 132.7944533000001, -5.666027499999927 ], [ 132.796925700000088, -5.653906499999948 ], [ 132.795371800000112, -5.65247039999997 ], [ 132.792915600000015, -5.653002 ], [ 132.7892974, -5.66177609999994 ], [ 132.78883, -5.675676 ] ] ], [ [ [ 132.727209900000048, -5.633349 ], [ 132.73714, -5.641624799999931 ], [ 132.737088500000027, -5.645925299999931 ], [ 132.734437200000116, -5.646146099999953 ], [ 132.725527200000101, -5.636494899999946 ], [ 132.72040590000006, -5.635470599999962 ], [ 132.71586990000003, -5.629398299999934 ], [ 132.716967400000044, -5.626252299999976 ], [ 132.714187200000083, -5.624496499999964 ], [ 132.723039700000072, -5.62493539999997 ], [ 132.725600400000076, -5.622960099999943 ], [ 132.727209900000048, -5.633349 ] ] ], [ [ [ 132.725641500000052, -5.601114499999937 ], [ 132.724457200000074, -5.598706299999947 ], [ 132.726679600000011, -5.599671599999965 ], [ 132.725641500000052, -5.601114499999937 ] ] ], [ [ [ 132.730481400000031, -5.582228099999952 ], [ 132.733322300000054, -5.59582869999997 ], [ 132.729184900000064, -5.595296 ], [ 132.728397700000073, -5.587730499999964 ], [ 132.718432700000108, -5.594135 ], [ 132.713521200000059, -5.586409899999978 ], [ 132.719194500000071, -5.578639899999928 ], [ 132.727564500000085, -5.573477599999933 ], [ 132.73168, -5.575947299999939 ], [ 132.730481400000031, -5.582228099999952 ] ] ], [ [ [ 132.722573800000077, -5.551978399999939 ], [ 132.722000700000081, -5.555133199999943 ], [ 132.720372700000098, -5.55637059999998 ], [ 132.720139100000097, -5.551945099999955 ], [ 132.722573800000077, -5.551978399999939 ] ] ], [ [ [ 132.757640700000024, -5.548260299999981 ], [ 132.752742600000033, -5.547229899999934 ], [ 132.755534900000043, -5.538552899999956 ], [ 132.757854300000076, -5.543160499999942 ], [ 132.757640700000024, -5.548260299999981 ] ] ], [ [ [ 132.752025400000093, -5.541967 ], [ 132.74727990000008, -5.548823899999945 ], [ 132.740245600000094, -5.549725599999931 ], [ 132.737239700000032, -5.552990099999931 ], [ 132.732723100000044, -5.554087299999935 ], [ 132.722392900000045, -5.549967399999957 ], [ 132.704509600000051, -5.55533319999995 ], [ 132.68655, -5.540955199999928 ], [ 132.689174500000036, -5.535105299999941 ], [ 132.692088900000044, -5.534490199999937 ], [ 132.699138500000117, -5.539057399999933 ], [ 132.705943900000079, -5.531481799999938 ], [ 132.719493700000044, -5.532276699999954 ], [ 132.737911, -5.528457699999933 ], [ 132.749919700000078, -5.534051499999975 ], [ 132.752025400000093, -5.541967 ] ] ], [ [ [ 132.750000000000114, -5.516666699999973 ], [ 132.749407800000085, -5.5139 ], [ 132.749600400000077, -5.513479799999971 ], [ 132.750000000000114, -5.516666699999973 ] ] ], [ [ [ 132.735698500000012, -5.491358399999967 ], [ 132.74261080000008, -5.494027699999947 ], [ 132.743831500000056, -5.500113099999965 ], [ 132.732295800000088, -5.50919209999995 ], [ 132.731044600000018, -5.49631409999995 ], [ 132.735698500000012, -5.491358399999967 ] ] ], [ [ [ 132.750957300000096, -5.487179399999945 ], [ 132.757686400000011, -5.478913899999952 ], [ 132.7652395, -5.476969299999951 ], [ 132.765712600000029, -5.482546899999932 ], [ 132.7603262, -5.497644499999979 ], [ 132.753810700000031, -5.504985899999951 ], [ 132.748775300000034, -5.505399799999964 ], [ 132.746227100000056, -5.499217099999953 ], [ 132.750957300000096, -5.487179399999945 ] ] ], [ [ [ 132.735357100000101, -5.467457499999966 ], [ 132.736040100000082, -5.469788199999925 ], [ 132.734608, -5.470574099999965 ], [ 132.735357100000101, -5.467457499999966 ] ] ], [ [ [ 132.730416200000036, -5.445679199999972 ], [ 132.730477700000051, -5.44442719999995 ], [ 132.730986600000051, -5.443148399999927 ], [ 132.730416200000036, -5.445679199999972 ] ] ], [ [ [ 132.720842300000072, -5.433970299999942 ], [ 132.725913700000092, -5.447134299999959 ], [ 132.72265040000002, -5.450873399999978 ], [ 132.718239700000026, -5.447150299999976 ], [ 132.717303800000082, -5.441204599999935 ], [ 132.714253900000017, -5.439970099999925 ], [ 132.717494800000054, -5.432247 ], [ 132.720842300000072, -5.433970299999942 ] ] ] ] } },
{ "type": "Feature", "properties": { "kab_kota": "Maluku Barat Daya", "provinsi": "Maluku", "regency_code": "id8108" }, "geometry": { "type": "MultiPolygon", "coordinates": [ [ [ [ 127.228697500000067, -8.104731499999957 ], [ 127.172018700000081, -8.107444099999952 ], [ 127.147462700000119, -8.102161699999954 ], [ 127.143322400000102, -8.098021399999936 ], [ 127.143322400000102, -8.091454099999964 ], [ 127.147891, -8.088884299999961 ], [ 127.147751700000072, -8.081006199999933 ], [ 127.14248960000009, -8.068992 ], [ 127.135755700000118, -8.037604499999929 ], [ 127.158987400000115, -8.020297699999958 ], [ 127.160495, -8.015624 ], [ 127.178888, -8.013061 ], [ 127.188084500000059, -8.015021 ], [ 127.196608400000059, -8.013413699999944 ], [ 127.203300700000113, -8.016090599999927 ], [ 127.205828800000063, -8.019808499999954 ], [ 127.207018600000083, -8.030813499999965 ], [ 127.214706200000023, -8.035203599999932 ], [ 127.21342130000005, -8.066327 ], [ 127.216660600000068, -8.077633399999968 ], [ 127.220702500000016, -8.084315699999934 ], [ 127.229696800000056, -8.087884899999949 ], [ 127.2326921, -8.092095799999981 ], [ 127.232409400000051, -8.09873529999993 ], [ 127.228697500000067, -8.104731499999957 ] ] ], [ [ [ 125.733970000000113, -7.96643 ], [ 125.74533, -7.98122 ], [ 125.74403, -7.9833 ], [ 125.74621, -7.98649 ], [ 125.75804, -7.99217 ], [ 125.76221, -7.99763 ], [ 125.76062, -8.00681 ], [ 125.76379, -8.01524 ], [ 125.76062, -8.01764 ], [ 125.758920000000103, -8.02429 ], [ 125.75498, -8.02641 ], [ 125.74903, -8.03764 ], [ 125.749820000000113, -8.04094 ], [ 125.74603, -8.0429 ], [ 125.73855, -8.05909 ], [ 125.73511, -8.05895 ], [ 125.73208000000011, -8.04775 ], [ 125.73207, -8.02218 ], [ 125.72742, -8.00869 ], [ 125.72988, -7.99828 ], [ 125.72858, -7.98685 ], [ 125.722490000000107, -7.98106 ], [ 125.72842, -7.97809 ], [ 125.72736, -7.97354 ], [ 125.72976, -7.96813 ], [ 125.733970000000113, -7.96643 ] ] ], [ [ [ 125.748290000000111, -7.98466 ], [ 125.748920000000112, -7.98374 ], [ 125.74989, -7.98447 ], [ 125.748290000000111, -7.98466 ] ] ], [ [ [ 125.75592, -7.98041 ], [ 125.757480000000101, -7.97913 ], [ 125.757520000000113, -7.9798 ], [ 125.75592, -7.98041 ] ] ], [ [ [ 125.74598, -7.96699 ], [ 125.75379, -7.9702 ], [ 125.75019, -7.97106 ], [ 125.74835, -7.97533 ], [ 125.75146, -7.974 ], [ 125.75462, -7.97819 ], [ 125.749, -7.98116 ], [ 125.75218, -7.98177 ], [ 125.75507, -7.98672 ], [ 125.74608, -7.98171 ], [ 125.74511, -7.9788 ], [ 125.74598, -7.96699 ] ] ], [ [ [ 125.75517, -7.97362 ], [ 125.75398, -7.9722 ], [ 125.75406, -7.9716 ], [ 125.75517, -7.97362 ] ] ], [ [ [ 125.736803500000065, -7.934385199999952 ], [ 125.741877100000011, -7.921906799999931 ], [ 125.746439400000099, -7.921479099999942 ], [ 125.746439400000099, -7.940942199999938 ], [ 125.743006200000082, -7.946751499999948 ], [ 125.736643300000082, -7.945160299999941 ], [ 125.736803500000065, -7.934385199999952 ] ] ], [ [ [ 125.928180000000111, -7.93539 ], [ 125.925120000000106, -7.94248 ], [ 125.921110000000112, -7.94104 ], [ 125.90977, -7.9429 ], [ 125.90577, -7.94735 ], [ 125.88616, -7.95241 ], [ 125.8739, -7.9641 ], [ 125.86913, -7.97674 ], [ 125.85687, -7.97815 ], [ 125.85106, -7.98422 ], [ 125.83504, -7.98815 ], [ 125.833487600000012, -7.993059399999936 ], [ 125.828172600000016, -7.991357499999935 ], [ 125.81654, -7.99502 ], [ 125.8081, -8.00373 ], [ 125.80668, -8.01424 ], [ 125.7987, -8.01612 ], [ 125.78894, -8.00736 ], [ 125.79235, -7.99038 ], [ 125.8034, -7.98113 ], [ 125.818490000000111, -7.9586 ], [ 125.82261, -7.94183 ], [ 125.824030000000107, -7.91974 ], [ 125.82686, -7.91592 ], [ 125.82546, -7.9044 ], [ 125.81774, -7.89718 ], [ 125.81913, -7.89174 ], [ 125.80894, -7.86795 ], [ 125.81231, -7.87077 ], [ 125.81356, -7.87057 ], [ 125.80659, -7.86148 ], [ 125.81652, -7.85188 ], [ 125.82751, -7.85457 ], [ 125.829930000000104, -7.85082 ], [ 125.8281, -7.84499 ], [ 125.83888, -7.8357 ], [ 125.84291, -7.83607 ], [ 125.86322, -7.81694 ], [ 125.87062, -7.8152 ], [ 125.875900000000115, -7.79682 ], [ 125.87255, -7.79155 ], [ 125.8576, -7.78069 ], [ 125.86138, -7.77501 ], [ 125.862300000000118, -7.76767 ], [ 125.87489, -7.76617 ], [ 125.88062, -7.76209 ], [ 125.89375, -7.75821 ], [ 125.89937, -7.75006 ], [ 125.91528, -7.74443 ], [ 125.91552, -7.74115 ], [ 125.91812, -7.74029 ], [ 125.91545, -7.74025 ], [ 125.911472100000083, -7.73393909999993 ], [ 125.93446, -7.69105 ], [ 125.934710000000109, -7.67842 ], [ 125.94742, -7.66198 ], [ 125.959160700000098, -7.662909299999967 ], [ 125.97126, -7.65577 ], [ 125.97201, -7.65326 ], [ 125.98436, -7.65525 ], [ 125.99535, -7.67654 ], [ 126.000140000000101, -7.68086 ], [ 126.00786, -7.67899 ], [ 126.01235, -7.67353 ], [ 126.015360000000101, -7.67479 ], [ 126.02097, -7.6814 ], [ 126.02356, -7.69212 ], [ 126.02858, -7.69305 ], [ 126.03315, -7.69776 ], [ 126.04509, -7.6927 ], [ 126.051161300000103, -7.69350819999994 ], [ 126.06158, -7.69851 ], [ 126.066690000000108, -7.70585 ], [ 126.080510000000118, -7.70775 ], [ 126.08969, -7.70258 ], [ 126.09622, -7.70782 ], [ 126.10449, -7.70697 ], [ 126.10692, -7.71108 ], [ 126.11608, -7.71155 ], [ 126.12255, -7.71724 ], [ 126.12921, -7.71719 ], [ 126.1461, -7.72497 ], [ 126.15664, -7.72111 ], [ 126.166830000000118, -7.72317 ], [ 126.1759, -7.72834 ], [ 126.17594, -7.72639 ], [ 126.18473, -7.72763 ], [ 126.19576, -7.7195 ], [ 126.19685, -7.71434 ], [ 126.21467, -7.70661 ], [ 126.23616, -7.68779 ], [ 126.24178, -7.68945 ], [ 126.2497, -7.68697 ], [ 126.25646, -7.69167 ], [ 126.26172, -7.68914 ], [ 126.27371, -7.68881 ], [ 126.28285, -7.6948 ], [ 126.290062600000056, -7.693355299999951 ], [ 126.289443900000038, -7.695140299999935 ], [ 126.292087400000014, -7.695262899999932 ], [ 126.293944700000111, -7.692417399999954 ], [ 126.30335, -7.6924 ], [ 126.32347, -7.69506 ], [ 126.33366, -7.68211 ], [ 126.34107, -7.67719 ], [ 126.34996, -7.67385 ], [ 126.35717000000011, -7.67431 ], [ 126.366990000000101, -7.66689 ], [ 126.38073, -7.64671 ], [ 126.38049, -7.63713 ], [ 126.385630000000106, -7.63877 ], [ 126.39845, -7.63654 ], [ 126.404360000000111, -7.62888 ], [ 126.40339, -7.62599 ], [ 126.40701, -7.62398 ], [ 126.414760000000115, -7.62777 ], [ 126.41925, -7.63446 ], [ 126.42628, -7.63064 ], [ 126.43177, -7.63284 ], [ 126.43968, -7.63115 ], [ 126.45762, -7.61417 ], [ 126.462990000000104, -7.60397 ], [ 126.46383, -7.59632 ], [ 126.47012, -7.58939 ], [ 126.487570000000119, -7.59061 ], [ 126.49196, -7.58676 ], [ 126.49949, -7.58898 ], [ 126.509010000000103, -7.58346 ], [ 126.51897, -7.58331 ], [ 126.5261, -7.57628 ], [ 126.53097, -7.57582 ], [ 126.5363, -7.57182 ], [ 126.5507, -7.57545 ], [ 126.56681, -7.57152 ], [ 126.57165, -7.57503 ], [ 126.588710000000106, -7.57107 ], [ 126.59446, -7.57306 ], [ 126.59984, -7.56635 ], [ 126.61066, -7.55957 ], [ 126.625990000000115, -7.55682 ], [ 126.6324, -7.55854 ], [ 126.63673, -7.56395 ], [ 126.63769, -7.5721 ], [ 126.6314, -7.58411 ], [ 126.633870000000115, -7.59757 ], [ 126.63886, -7.60481 ], [ 126.64698, -7.6061 ], [ 126.65545, -7.61247 ], [ 126.66148, -7.61293 ], [ 126.66434, -7.61903 ], [ 126.66836, -7.62141 ], [ 126.68005, -7.62 ], [ 126.68767, -7.62338 ], [ 126.69048, -7.63354 ], [ 126.69553, -7.64018 ], [ 126.69926, -7.64194 ], [ 126.70585, -7.64039 ], [ 126.71202, -7.64379 ], [ 126.7141, -7.65461 ], [ 126.722850000000108, -7.66726 ], [ 126.73364, -7.66446 ], [ 126.737300000000118, -7.66072 ], [ 126.74441, -7.66147 ], [ 126.758470000000102, -7.65625 ], [ 126.77492, -7.65925 ], [ 126.7791, -7.65727 ], [ 126.78501, -7.66199 ], [ 126.79124, -7.65755 ], [ 126.79961, -7.65917 ], [ 126.80853, -7.65453 ], [ 126.811150000000112, -7.65638 ], [ 126.81586, -7.66203 ], [ 126.808810000000108, -7.67929 ], [ 126.82163, -7.68669 ], [ 126.83153, -7.70116 ], [ 126.83363, -7.71622 ], [ 126.836680000000115, -7.71763 ], [ 126.83764, -7.72548 ], [ 126.84257, -7.73332 ], [ 126.83787, -7.74048 ], [ 126.830380000000105, -7.74541 ], [ 126.82641, -7.75325 ], [ 126.81995, -7.75472 ], [ 126.8117400000001, -7.7505 ], [ 126.80405, -7.74138 ], [ 126.801290000000108, -7.74454 ], [ 126.7928, -7.74202 ], [ 126.78415, -7.7458 ], [ 126.77933, -7.74374 ], [ 126.76321, -7.74823 ], [ 126.759460000000104, -7.74622 ], [ 126.75591, -7.7483 ], [ 126.74498, -7.74678 ], [ 126.73113, -7.74868 ], [ 126.71986, -7.74449 ], [ 126.70576, -7.75147 ], [ 126.69586, -7.7506 ], [ 126.68186, -7.76191 ], [ 126.67339, -7.76351 ], [ 126.65921, -7.77772 ], [ 126.64926, -7.77523 ], [ 126.62256, -7.78277 ], [ 126.61479, -7.79101 ], [ 126.60356, -7.79222 ], [ 126.5939, -7.80646 ], [ 126.58386, -7.8057 ], [ 126.57796, -7.81319 ], [ 126.56179, -7.81477 ], [ 126.54906, -7.82347 ], [ 126.53682, -7.85172 ], [ 126.52106, -7.85869 ], [ 126.51484, -7.88309 ], [ 126.50273, -7.89737 ], [ 126.49852, -7.90656 ], [ 126.50362, -7.91761 ], [ 126.49837, -7.92114 ], [ 126.499910000000114, -7.92521 ], [ 126.4971, -7.93253 ], [ 126.47813, -7.96652 ], [ 126.46603, -7.97521 ], [ 126.4609, -7.97183 ], [ 126.44305, -7.9493 ], [ 126.42146, -7.93091 ], [ 126.41347, -7.93154 ], [ 126.40325, -7.92852 ], [ 126.388, -7.93651 ], [ 126.379640000000109, -7.93294 ], [ 126.36772, -7.93447 ], [ 126.35548, -7.92499 ], [ 126.34423, -7.92255 ], [ 126.33004, -7.91425 ], [ 126.3102, -7.91593 ], [ 126.29376, -7.92241 ], [ 126.2846, -7.91711 ], [ 126.26056, -7.92099 ], [ 126.248290000000111, -7.92068 ], [ 126.22509, -7.92836 ], [ 126.19747, -7.92474 ], [ 126.19285, -7.92649 ], [ 126.17419, -7.92499 ], [ 126.1701, -7.92162 ], [ 126.16455, -7.91044 ], [ 126.1543, -7.90244 ], [ 126.14928, -7.89917 ], [ 126.14114, -7.89867 ], [ 126.13598, -7.89355 ], [ 126.12845, -7.8905 ], [ 126.10668, -7.89481 ], [ 126.087990000000104, -7.88864 ], [ 126.06352, -7.88815 ], [ 126.05613, -7.89169 ], [ 126.03014, -7.8957 ], [ 126.02172, -7.90154 ], [ 126.01275, -7.90124 ], [ 125.998048100000119, -7.906627 ], [ 125.98851, -7.91102 ], [ 125.98454, -7.91874 ], [ 125.980640000000108, -7.92014 ], [ 125.960377600000015, -7.916057 ], [ 125.95606, -7.91773 ], [ 125.953490000000102, -7.91405 ], [ 125.95034, -7.9148 ], [ 125.94959, -7.91174 ], [ 125.94961, -7.91496 ], [ 125.94425, -7.91751 ], [ 125.928180000000111, -7.93539 ] ] ], [ [ [ 125.91338, -7.67836 ], [ 125.9074, -7.67448 ], [ 125.90884, -7.66831 ], [ 125.92542, -7.65884 ], [ 125.92761, -7.6599 ], [ 125.931290000000104, -7.66706 ], [ 125.93028, -7.67284 ], [ 125.91865, -7.67836 ], [ 125.91338, -7.67836 ] ] ], [ [ [ 128.092144700000063, -8.265256499999964 ], [ 128.082115300000055, -8.260545199999967 ], [ 128.078581800000052, -8.255155699999932 ], [ 128.081365700000106, -8.244341 ], [ 128.0947145, -8.219892099999981 ], [ 128.095357, -8.215145099999972 ], [ 128.092097100000046, -8.206501699999933 ], [ 128.129071900000099, -8.216479799999945 ], [ 128.137343700000088, -8.213813799999969 ], [ 128.153505000000109, -8.215241399999968 ], [ 128.16268140000011, -8.210647899999969 ], [ 128.175930300000118, -8.208534899999961 ], [ 128.185924000000114, -8.202310199999943 ], [ 128.194292500000074, -8.201621099999954 ], [ 128.216590500000052, -8.207050099999947 ], [ 128.224699700000087, -8.216358599999978 ], [ 128.223272, -8.225667 ], [ 128.229392, -8.246720499999981 ], [ 128.228535400000055, -8.255762499999946 ], [ 128.234841, -8.269396799999981 ], [ 128.232413900000097, -8.272502 ], [ 128.204253000000108, -8.278462499999932 ], [ 128.151072000000113, -8.278034199999979 ], [ 128.092144700000063, -8.265256499999964 ] ] ], [ [ [ 127.6415862, -8.238795499999981 ], [ 127.631386200000065, -8.236604799999952 ], [ 127.631889200000046, -8.225997 ], [ 127.629033800000116, -8.223498599999971 ], [ 127.619536400000015, -8.223356899999942 ], [ 127.60098, -8.216431599999964 ], [ 127.60098, -8.213076499999943 ], [ 127.605191600000012, -8.206580599999938 ], [ 127.628867300000024, -8.195647 ], [ 127.64639000000011, -8.1751 ], [ 127.653655700000058, -8.174533 ], [ 127.66137070000002, -8.170174799999927 ], [ 127.670079500000043, -8.16032389999998 ], [ 127.688234200000011, -8.154255 ], [ 127.696457, -8.154992499999935 ], [ 127.70396310000001, -8.160514199999966 ], [ 127.719796900000119, -8.164264699999933 ], [ 127.740249100000028, -8.175742899999932 ], [ 127.745841600000062, -8.176278199999956 ], [ 127.752923600000031, -8.186016099999961 ], [ 127.754891900000075, -8.193267899999967 ], [ 127.752992200000108, -8.202190399999949 ], [ 127.740310500000078, -8.214562699999931 ], [ 127.727115200000071, -8.21764509999997 ], [ 127.717264300000011, -8.212291299999947 ], [ 127.701731600000016, -8.220357299999932 ], [ 127.686997500000075, -8.223998299999948 ], [ 127.663362500000062, -8.237485899999967 ], [ 127.648807200000078, -8.236204899999962 ], [ 127.6415862, -8.238795499999981 ] ] ], [ [ [ 128.048494000000119, -8.254446099999939 ], [ 128.043468600000097, -8.259871299999929 ], [ 128.011742100000106, -8.258673099999953 ], [ 127.994299400000045, -8.254731699999979 ], [ 127.984020200000032, -8.249021 ], [ 127.963004800000022, -8.247935899999959 ], [ 127.959292800000071, -8.24548029999994 ], [ 127.95952120000004, -8.235258199999976 ], [ 127.952040200000056, -8.224750499999971 ], [ 127.946215300000063, -8.220753 ], [ 127.906925600000022, -8.214128599999981 ], [ 127.886327400000027, -8.218418699999972 ], [ 127.878111100000069, -8.217696499999931 ], [ 127.863715400000046, -8.214841099999944 ], [ 127.854673400000024, -8.208535499999925 ], [ 127.818563500000096, -8.200126799999964 ], [ 127.793621800000096, -8.185199499999953 ], [ 127.790501400000039, -8.181286599999964 ], [ 127.7848404, -8.165632 ], [ 127.785925800000086, -8.145201 ], [ 127.783621400000015, -8.134840699999927 ], [ 127.7779107, -8.12913 ], [ 127.76357930000006, -8.121358 ], [ 127.761012800000117, -8.111923499999932 ], [ 127.766516, -8.107338299999981 ], [ 127.786646300000029, -8.103483599999947 ], [ 127.804600300000061, -8.106026099999951 ], [ 127.811658800000032, -8.10449269999998 ], [ 127.818302300000028, -8.109125899999981 ], [ 127.842861, -8.111086 ], [ 127.84789360000002, -8.116511199999934 ], [ 127.853068900000039, -8.118117299999938 ], [ 127.8760545, -8.116903799999932 ], [ 127.9037608000001, -8.12995369999993 ], [ 127.916018100000088, -8.130613199999971 ], [ 127.926094600000056, -8.127754099999947 ], [ 127.93348, -8.139607599999977 ], [ 127.947616800000105, -8.146206799999959 ], [ 127.965625700000032, -8.145976699999949 ], [ 127.972779600000081, -8.142697099999964 ], [ 127.996669400000087, -8.140032099999928 ], [ 128.035121500000059, -8.148027099999979 ], [ 128.057528900000079, -8.145674399999962 ], [ 128.078713200000038, -8.136938799999939 ], [ 128.088897300000099, -8.136748499999953 ], [ 128.102031900000043, -8.139032799999939 ], [ 128.10483970000007, -8.142459199999962 ], [ 128.124922300000094, -8.152500499999974 ], [ 128.126588, -8.163398399999949 ], [ 128.119306800000118, -8.171964499999945 ], [ 128.09927180000011, -8.182995 ], [ 128.07927, -8.1901 ], [ 128.072764500000062, -8.196825099999955 ], [ 128.069966300000033, -8.215270699999962 ], [ 128.060258100000055, -8.220124799999951 ], [ 128.052605700000072, -8.228062699999953 ], [ 128.048494000000119, -8.254446099999939 ] ] ], [ [ [ 127.43684, -7.63143 ], [ 127.436, -7.63627 ], [ 127.42833, -7.63746 ], [ 127.42597, -7.63547 ], [ 127.42778, -7.62838 ], [ 127.43275, -7.63354 ], [ 127.43684, -7.63143 ] ] ], [ [ [ 127.48434, -7.55868 ], [ 127.48168, -7.57559 ], [ 127.47241, -7.58345 ], [ 127.46989, -7.58961 ], [ 127.46126, -7.59059 ], [ 127.44478, -7.59721 ], [ 127.43941, -7.60177 ], [ 127.43077, -7.59879 ], [ 127.417190000000119, -7.60265 ], [ 127.41388, -7.59978 ], [ 127.408640000000105, -7.60051 ], [ 127.40541, -7.60653 ], [ 127.405350000000112, -7.62523 ], [ 127.400400000000104, -7.6359 ], [ 127.38511, -7.64987 ], [ 127.37574, -7.65052 ], [ 127.36714, -7.65467 ], [ 127.35215, -7.64855 ], [ 127.33993, -7.64921 ], [ 127.33697, -7.64744 ], [ 127.32977, -7.63374 ], [ 127.323260000000118, -7.62852 ], [ 127.32626, -7.61587 ], [ 127.32459, -7.61212 ], [ 127.3273, -7.60821 ], [ 127.33221, -7.60764 ], [ 127.33396, -7.60146 ], [ 127.34099, -7.59499 ], [ 127.34653, -7.592467899999974 ], [ 127.36642, -7.59126 ], [ 127.37096, -7.58537 ], [ 127.3667200000001, -7.57535 ], [ 127.36457, -7.57594 ], [ 127.35962, -7.56925 ], [ 127.35966, -7.55243 ], [ 127.355100000000107, -7.52908 ], [ 127.3643, -7.50275 ], [ 127.37214, -7.49438 ], [ 127.38282, -7.49501 ], [ 127.38334, -7.4921 ], [ 127.385720000000106, -7.49357 ], [ 127.38511, -7.49639 ], [ 127.38614, -7.49205 ], [ 127.38863, -7.4963 ], [ 127.39123, -7.49644 ], [ 127.39115, -7.49934 ], [ 127.38435, -7.5008 ], [ 127.38484, -7.50411 ], [ 127.38032, -7.50723 ], [ 127.38233, -7.50989 ], [ 127.38851000000011, -7.50901 ], [ 127.392070000000103, -7.51215 ], [ 127.40163, -7.51002 ], [ 127.39439, -7.51004 ], [ 127.39584, -7.50606 ], [ 127.40798, -7.49722 ], [ 127.40879, -7.50557 ], [ 127.41195, -7.51104 ], [ 127.42896, -7.5109 ], [ 127.43682, -7.52173 ], [ 127.45593, -7.52786 ], [ 127.465240000000108, -7.52294 ], [ 127.467850000000112, -7.51674 ], [ 127.47331, -7.51416 ], [ 127.47307, -7.51598 ], [ 127.477170000000115, -7.51531 ], [ 127.482980000000111, -7.52207 ], [ 127.48597, -7.52072 ], [ 127.48696, -7.52409 ], [ 127.48297, -7.52533 ], [ 127.484780000000114, -7.53006 ], [ 127.48345, -7.54358 ], [ 127.48873, -7.5486 ], [ 127.48434, -7.55868 ] ] ], [ [ [ 127.63305, -7.59101 ], [ 127.63463, -7.5886 ], [ 127.637070000000108, -7.58866 ], [ 127.63582, -7.59139 ], [ 127.63305, -7.59101 ] ] ], [ [ [ 127.60322, -7.57767 ], [ 127.605100000000107, -7.59252 ], [ 127.60953, -7.59555 ], [ 127.61565, -7.59164 ], [ 127.618200000000115, -7.59796 ], [ 127.61368, -7.60171 ], [ 127.61357, -7.60611 ], [ 127.618380000000116, -7.60539 ], [ 127.59847, -7.62122 ], [ 127.594740000000115, -7.61279 ], [ 127.59819, -7.60243 ], [ 127.59503, -7.58633 ], [ 127.58217, -7.56035 ], [ 127.5824, -7.55643 ], [ 127.58851, -7.54896 ], [ 127.5933500000001, -7.55378 ], [ 127.59435, -7.56181 ], [ 127.60322, -7.57767 ] ] ], [ [ [ 127.55622, -7.54919 ], [ 127.55441, -7.54495 ], [ 127.55731, -7.54422 ], [ 127.55978, -7.54801 ], [ 127.55622, -7.54919 ] ] ], [ [ [ 127.54545, -7.52648 ], [ 127.5461600000001, -7.52869 ], [ 127.542330000000106, -7.53064 ], [ 127.54585, -7.53438 ], [ 127.54467000000011, -7.54074 ], [ 127.54173, -7.54362 ], [ 127.53581, -7.54128 ], [ 127.53593, -7.53244 ], [ 127.54232, -7.52655 ], [ 127.54545, -7.52648 ] ] ], [ [ [ 127.54902, -7.52866 ], [ 127.54749, -7.53274 ], [ 127.54440000000011, -7.53191 ], [ 127.54902, -7.52866 ] ] ], [ [ [ 127.281340000000114, -7.5138 ], [ 127.29384, -7.51088 ], [ 127.29839, -7.51269 ], [ 127.299620000000118, -7.51683 ], [ 127.2952, -7.52963 ], [ 127.28821, -7.53039 ], [ 127.274000000000115, -7.52015 ], [ 127.281340000000114, -7.5138 ] ] ], [ [ [ 127.5519, -7.52146 ], [ 127.55235, -7.5178 ], [ 127.55418, -7.52031 ], [ 127.5519, -7.52146 ] ] ], [ [ [ 128.496113900000068, -8.336137399999927 ], [ 128.497036, -8.319332499999973 ], [ 128.500753900000063, -8.331438 ], [ 128.509438900000077, -8.341848099999936 ], [ 128.508665600000086, -8.343692199999964 ], [ 128.496113900000068, -8.336137399999927 ] ] ], [ [ [ 128.9268, -8.24609 ], [ 128.89352, -8.23866 ], [ 128.88766, -8.234 ], [ 128.869101400000091, -8.230204399999934 ], [ 128.863866600000051, -8.22425579999998 ], [ 128.826524400000039, -8.203255 ], [ 128.827264500000069, -8.195946099999958 ], [ 128.835330900000031, -8.191663099999971 ], [ 128.870388400000024, -8.182295 ], [ 128.91152000000011, -8.18571 ], [ 128.91381, -8.18783 ], [ 128.92657, -8.18932 ], [ 128.96394, -8.18496 ], [ 128.99686, -8.20684 ], [ 129.02789, -8.21563 ], [ 129.03347, -8.22779 ], [ 129.03142, -8.24223 ], [ 129.02778, -8.24687 ], [ 129.02078, -8.24945 ], [ 129.0166, -8.26098 ], [ 129.003290000000106, -8.25896 ], [ 128.99026, -8.24986 ], [ 128.979200000000105, -8.24612 ], [ 128.953890300000012, -8.22421369999995 ], [ 128.945560000000114, -8.22605 ], [ 128.9378, -8.22409 ], [ 128.93308, -8.22662 ], [ 128.93176, -8.23034 ], [ 128.938900000000103, -8.23956 ], [ 128.93816, -8.24584 ], [ 128.9268, -8.24609 ] ] ], [ [ [ 128.725845200000094, -8.199795499999937 ], [ 128.727382900000066, -8.197225 ], [ 128.727494400000069, -8.200933 ], [ 128.725845200000094, -8.199795499999937 ] ] ], [ [ [ 128.721406200000047, -8.19763839999996 ], [ 128.721856200000047, -8.197748399999966 ], [ 128.72169620000011, -8.197928399999967 ], [ 128.721406200000047, -8.19763839999996 ] ] ], [ [ [ 128.722206200000073, -8.197268399999928 ], [ 128.722456200000011, -8.197518399999979 ], [ 128.72207620000006, -8.197408399999972 ], [ 128.722206200000073, -8.197268399999928 ] ] ], [ [ [ 128.72078620000002, -8.197178399999927 ], [ 128.721306200000072, -8.196828399999958 ], [ 128.721266200000059, -8.197348399999953 ], [ 128.72078620000002, -8.197178399999927 ] ] ], [ [ [ 128.39219, -8.19201 ], [ 128.389590000000112, -8.19717 ], [ 128.38457, -8.19646 ], [ 128.38888, -8.1916 ], [ 128.39219, -8.19201 ] ] ], [ [ [ 128.723245200000065, -8.194061799999929 ], [ 128.723485200000027, -8.193971799999929 ], [ 128.723125200000027, -8.194451799999968 ], [ 128.723245200000065, -8.194061799999929 ] ] ], [ [ [ 128.72081460000004, -8.193669799999952 ], [ 128.717473900000073, -8.195511499999952 ], [ 128.717074100000104, -8.191528199999937 ], [ 128.718259100000068, -8.192941599999926 ], [ 128.72081460000004, -8.193669799999952 ] ] ], [ [ [ 128.39949, -8.19282 ], [ 128.39985, -8.19292 ], [ 128.39975, -8.19306 ], [ 128.39949, -8.19282 ] ] ], [ [ [ 128.719374800000082, -8.192640899999958 ], [ 128.7194048, -8.192860899999971 ], [ 128.719274800000107, -8.192750899999965 ], [ 128.719374800000082, -8.192640899999958 ] ] ], [ [ [ 128.41406, -8.19126 ], [ 128.406160000000114, -8.1926 ], [ 128.39718, -8.19179 ], [ 128.40813, -8.18732 ], [ 128.41209, -8.1881 ], [ 128.41406, -8.19126 ] ] ], [ [ [ 128.704660200000035, -8.174383399999954 ], [ 128.720745400000055, -8.179832399999952 ], [ 128.718461100000013, -8.186828 ], [ 128.713465400000018, -8.191494499999976 ], [ 128.696617700000047, -8.187470399999938 ], [ 128.692905700000097, -8.185519299999953 ], [ 128.693476800000099, -8.179523 ], [ 128.687575700000025, -8.175906199999929 ], [ 128.682245700000067, -8.166007699999966 ], [ 128.685957700000017, -8.163057199999969 ], [ 128.692810500000064, -8.166769099999954 ], [ 128.699853700000062, -8.165198699999962 ], [ 128.704660200000035, -8.174383399999954 ] ] ], [ [ [ 128.772033300000089, -8.166337799999951 ], [ 128.789867300000083, -8.16418 ], [ 128.788225500000067, -8.168320299999948 ], [ 128.791509100000098, -8.17895649999997 ], [ 128.789938700000107, -8.180964699999947 ], [ 128.800574900000015, -8.186451799999929 ], [ 128.798861700000089, -8.199372299999936 ], [ 128.784442100000092, -8.200371599999926 ], [ 128.787202300000104, -8.188615499999969 ], [ 128.7812239000001, -8.180644299999926 ], [ 128.779855700000098, -8.174844399999927 ], [ 128.781878300000017, -8.173714099999927 ], [ 128.7782793, -8.169758299999955 ], [ 128.75823, -8.165503799999954 ], [ 128.756145600000082, -8.162348599999973 ], [ 128.763007800000082, -8.161894699999948 ], [ 128.772033300000089, -8.166337799999951 ] ] ], [ [ [ 128.5904825, -8.16457939999998 ], [ 128.587425500000109, -8.165472199999954 ], [ 128.585445500000105, -8.164362199999971 ], [ 128.586055500000043, -8.16364219999997 ], [ 128.5904825, -8.16457939999998 ] ] ], [ [ [ 128.749081700000033, -8.162048699999957 ], [ 128.746608600000059, -8.160518699999955 ], [ 128.747136100000034, -8.159035199999948 ], [ 128.751502900000105, -8.160433799999964 ], [ 128.749081700000033, -8.162048699999957 ] ] ], [ [ [ 128.73968590000004, -8.15856 ], [ 128.737062400000013, -8.160462199999927 ], [ 128.727336500000092, -8.159833 ], [ 128.727871900000082, -8.15744159999997 ], [ 128.72260140000003, -8.156013399999949 ], [ 128.73968590000004, -8.15856 ] ] ], [ [ [ 128.679729600000087, -8.149608099999966 ], [ 128.681233200000065, -8.148662699999932 ], [ 128.684950400000048, -8.151445399999943 ], [ 128.679729600000087, -8.149608099999966 ] ] ], [ [ [ 128.558901300000116, -7.354551799999967 ], [ 128.556105400000092, -7.360678899999925 ], [ 128.558009, -7.363593799999933 ], [ 128.561459200000058, -7.363177399999927 ], [ 128.560269500000118, -7.358656399999973 ], [ 128.565314, -7.357002699999953 ], [ 128.568776100000036, -7.362642 ], [ 128.565266400000041, -7.378941299999951 ], [ 128.557057200000031, -7.383997699999952 ], [ 128.553086500000063, -7.380987 ], [ 128.549264500000049, -7.368888099999936 ], [ 128.554499300000089, -7.354194899999925 ], [ 128.558901300000116, -7.354551799999967 ] ] ], [ [ [ 128.566486900000086, -7.310714699999949 ], [ 128.563845700000115, -7.315069199999925 ], [ 128.560990400000037, -7.315568799999937 ], [ 128.554213400000094, -7.300685299999941 ], [ 128.562917700000071, -7.281233199999974 ], [ 128.569917800000098, -7.283910099999957 ], [ 128.5728401, -7.291012799999976 ], [ 128.564631, -7.30486129999997 ], [ 128.566486900000086, -7.310714699999949 ] ] ], [ [ [ 128.400673200000028, -7.219356399999981 ], [ 128.404945400000088, -7.218945199999951 ], [ 128.402661100000046, -7.222752299999968 ], [ 128.400673200000028, -7.219356399999981 ] ] ], [ [ [ 128.396474500000068, -7.220515599999942 ], [ 128.391001800000026, -7.217327099999977 ], [ 128.398187700000108, -7.219135499999936 ], [ 128.396474500000068, -7.220515599999942 ] ] ], [ [ [ 128.64069, -7.21784 ], [ 128.62396, -7.21309 ], [ 128.60772, -7.20283 ], [ 128.578800000000115, -7.17516 ], [ 128.56623, -7.17105 ], [ 128.55853, -7.1599 ], [ 128.55179, -7.16369 ], [ 128.54329, -7.16284 ], [ 128.524770000000103, -7.14367 ], [ 128.52397, -7.13743 ], [ 128.5295, -7.12794 ], [ 128.52926, -7.12369 ], [ 128.541790000000105, -7.10639 ], [ 128.55582, -7.09774 ], [ 128.55991, -7.09809 ], [ 128.56771, -7.08996 ], [ 128.57193, -7.08937 ], [ 128.59436, -7.06599 ], [ 128.60512, -7.06609 ], [ 128.610950000000116, -7.06201 ], [ 128.620590000000107, -7.06538 ], [ 128.62187, -7.06805 ], [ 128.6306, -7.07042 ], [ 128.634280000000103, -7.0755 ], [ 128.6458, -7.0807 ], [ 128.65061, -7.09274 ], [ 128.65422, -7.09542 ], [ 128.65254, -7.09687 ], [ 128.66101, -7.09859 ], [ 128.66513, -7.09396 ], [ 128.67581, -7.09635 ], [ 128.67803, -7.09497 ], [ 128.67991, -7.09927 ], [ 128.69091, -7.10041 ], [ 128.699570000000108, -7.10677 ], [ 128.70168, -7.11627 ], [ 128.6992, -7.12622 ], [ 128.69445, -7.12769 ], [ 128.68663, -7.13805 ], [ 128.6759, -7.13976 ], [ 128.66864, -7.14401 ], [ 128.6636400000001, -7.14295 ], [ 128.66577, -7.14215 ], [ 128.66146, -7.13879 ], [ 128.65512, -7.13852 ], [ 128.65581, -7.14657 ], [ 128.6736, -7.16566 ], [ 128.67991, -7.16655 ], [ 128.68639, -7.16218 ], [ 128.68932, -7.16476 ], [ 128.679, -7.17219 ], [ 128.67126, -7.18439 ], [ 128.66682, -7.18683 ], [ 128.66642, -7.19187 ], [ 128.66032, -7.1945 ], [ 128.651480000000106, -7.2165 ], [ 128.64069, -7.21784 ] ] ], [ [ [ 129.790820100000019, -8.043891499999972 ], [ 129.753570600000103, -8.055034499999977 ], [ 129.747810600000093, -8.050059499999975 ], [ 129.733646600000043, -8.050851499999965 ], [ 129.711623600000053, -8.04026349999998 ], [ 129.708226600000103, -8.041343499999925 ], [ 129.699255600000015, -8.028495499999963 ], [ 129.686108600000011, -8.022708499999965 ], [ 129.67247860000009, -8.009489499999972 ], [ 129.652229600000055, -7.970339499999966 ], [ 129.641229600000088, -7.967229499999974 ], [ 129.632969600000024, -7.961449499999958 ], [ 129.613499600000068, -7.93154949999996 ], [ 129.605509600000119, -7.929029499999956 ], [ 129.602469600000063, -7.920249499999954 ], [ 129.603189600000064, -7.912489499999936 ], [ 129.588409600000091, -7.905719499999975 ], [ 129.582599600000094, -7.899269499999946 ], [ 129.581739600000105, -7.892969499999936 ], [ 129.588739600000054, -7.874999499999944 ], [ 129.594249600000012, -7.867359499999964 ], [ 129.594129400000043, -7.861417899999935 ], [ 129.588819600000079, -7.848299499999939 ], [ 129.590839600000095, -7.832509499999958 ], [ 129.596559600000091, -7.822630499999946 ], [ 129.61105960000009, -7.808189499999969 ], [ 129.620839600000068, -7.801929499999972 ], [ 129.655029600000034, -7.79000949999994 ], [ 129.675459600000067, -7.786019499999952 ], [ 129.68615960000011, -7.787059499999941 ], [ 129.69312960000002, -7.791219499999954 ], [ 129.704529600000114, -7.790429499999959 ], [ 129.705779600000028, -7.792609499999969 ], [ 129.731799600000045, -7.796009499999968 ], [ 129.76323960000002, -7.809949499999959 ], [ 129.769849600000043, -7.810449499999947 ], [ 129.772009600000047, -7.813479499999971 ], [ 129.787159600000109, -7.812459499999932 ], [ 129.818649600000072, -7.816759499999932 ], [ 129.826609600000097, -7.825339499999927 ], [ 129.837329600000089, -7.830549499999961 ], [ 129.845759600000065, -7.841419499999972 ], [ 129.857149600000071, -7.84382949999997 ], [ 129.855669600000056, -7.848529499999927 ], [ 129.846489600000041, -7.850179499999967 ], [ 129.841529600000058, -7.857509499999935 ], [ 129.84213960000011, -7.872019499999965 ], [ 129.846759600000041, -7.890979499999958 ], [ 129.858619600000111, -7.898230499999954 ], [ 129.863729600000056, -7.897739499999943 ], [ 129.86635960000001, -7.901339499999949 ], [ 129.867579600000113, -7.906349499999976 ], [ 129.864359600000057, -7.918609499999945 ], [ 129.852129600000012, -7.940399499999955 ], [ 129.839009600000054, -7.94634949999994 ], [ 129.835935300000074, -7.953194 ], [ 129.828009, -7.961117399999978 ], [ 129.821719600000051, -7.972509499999944 ], [ 129.817029600000069, -7.992239499999926 ], [ 129.806907600000045, -8.001748499999962 ], [ 129.795995600000083, -8.03481249999993 ], [ 129.790820100000019, -8.043891499999972 ] ] ], [ [ [ 129.562319600000023, -7.927549499999941 ], [ 129.541909600000054, -7.951128499999982 ], [ 129.524889600000051, -7.943399499999941 ], [ 129.517059600000039, -7.931919499999935 ], [ 129.514949600000023, -7.92157949999995 ], [ 129.521509600000059, -7.895389499999965 ], [ 129.517339600000014, -7.88155949999998 ], [ 129.523419600000011, -7.875389499999926 ], [ 129.525808600000119, -7.86913949999996 ], [ 129.523669600000062, -7.860559499999965 ], [ 129.517449600000077, -7.859948499999973 ], [ 129.511579600000118, -7.850779499999931 ], [ 129.514649600000098, -7.84349949999995 ], [ 129.527229600000055, -7.846741299999962 ], [ 129.53371960000004, -7.860039499999971 ], [ 129.546799600000099, -7.863679499999932 ], [ 129.552929600000084, -7.873819499999968 ], [ 129.549539600000116, -7.881169499999942 ], [ 129.551089600000068, -7.88838949999996 ], [ 129.565409600000066, -7.894579499999963 ], [ 129.565519600000016, -7.90187949999995 ], [ 129.570249600000011, -7.909309499999949 ], [ 129.563759600000026, -7.916049499999929 ], [ 129.562319600000023, -7.927549499999941 ] ] ], [ [ [ 129.690829600000029, -7.55164149999996 ], [ 129.703052600000092, -7.555623499999967 ], [ 129.717488600000024, -7.548445499999957 ], [ 129.725672600000053, -7.551895499999944 ], [ 129.716788600000086, -7.572401499999955 ], [ 129.702044600000022, -7.568503499999963 ], [ 129.691300600000091, -7.573643499999946 ], [ 129.684569600000032, -7.564117499999952 ], [ 129.66153410000004, -7.555070599999965 ], [ 129.659585100000072, -7.549329599999965 ], [ 129.666212100000052, -7.532791599999939 ], [ 129.665896100000055, -7.528288599999939 ], [ 129.674795100000097, -7.527444599999967 ], [ 129.676241100000084, -7.532706599999926 ], [ 129.690829600000029, -7.55164149999996 ] ] ], [ [ [ 129.144449500000064, -6.954234099999951 ], [ 129.151579500000025, -6.958884099999977 ], [ 129.159509500000013, -6.957554099999925 ], [ 129.167339500000026, -6.968694099999936 ], [ 129.16213950000008, -6.983564099999967 ], [ 129.156429500000058, -6.989584099999945 ], [ 129.145399500000053, -6.993264099999976 ], [ 129.133589500000085, -6.991164099999935 ], [ 129.125309500000071, -6.982464099999959 ], [ 129.125429500000109, -6.975294099999928 ], [ 129.122559500000079, -6.972764099999949 ], [ 129.124059500000044, -6.965164099999981 ], [ 129.129519500000015, -6.95665409999998 ], [ 129.144449500000064, -6.954234099999951 ] ] ], [ [ [ 129.537060200000042, -6.707503599999939 ], [ 129.544010200000116, -6.719434599999943 ], [ 129.53860920000011, -6.725513599999942 ], [ 129.539200200000096, -6.737733599999956 ], [ 129.531269200000111, -6.747944599999926 ], [ 129.521450200000118, -6.753153599999962 ], [ 129.518232200000057, -6.758354599999961 ], [ 129.514200200000118, -6.752474599999971 ], [ 129.504639200000042, -6.750814599999956 ], [ 129.506579200000033, -6.747053599999958 ], [ 129.505059200000119, -6.740933599999948 ], [ 129.502199100000098, -6.744123599999966 ], [ 129.500679200000036, -6.74192359999995 ], [ 129.499800200000095, -6.745484599999941 ], [ 129.503850200000102, -6.756334599999946 ], [ 129.497590200000104, -6.753304599999979 ], [ 129.494129200000089, -6.748294599999952 ], [ 129.496190200000115, -6.727133599999945 ], [ 129.507210200000031, -6.711523599999964 ], [ 129.512470200000053, -6.711013599999944 ], [ 129.518259200000102, -6.715154599999948 ], [ 129.524480200000085, -6.711284599999942 ], [ 129.530309200000033, -6.713193599999954 ], [ 129.537060200000042, -6.707503599999939 ] ] ], [ [ [ 129.525074200000063, -6.710216599999967 ], [ 129.52486220000003, -6.710464599999966 ], [ 129.52502220000008, -6.710226599999942 ], [ 129.525074200000063, -6.710216599999967 ] ] ], [ [ [ 129.524254200000087, -6.709361599999966 ], [ 129.524819200000024, -6.709221599999978 ], [ 129.52486220000003, -6.70956659999996 ], [ 129.524254200000087, -6.709361599999966 ] ] ], [ [ [ 129.536669200000119, -6.700934599999925 ], [ 129.534386200000085, -6.700140599999941 ], [ 129.534565200000088, -6.698369599999978 ], [ 129.537328200000047, -6.698764599999947 ], [ 129.536669200000119, -6.700934599999925 ] ] ], [ [ [ 129.82206860000008, -8.213889499999937 ], [ 129.822642600000108, -8.213649499999974 ], [ 129.822708600000055, -8.214072499999929 ], [ 129.82206860000008, -8.213889499999937 ] ] ], [ [ [ 129.819120600000019, -8.212087499999939 ], [ 129.819152600000052, -8.212318499999981 ], [ 129.818995600000108, -8.212115499999982 ], [ 129.819120600000019, -8.212087499999939 ] ] ], [ [ [ 129.811164600000097, -8.207804499999952 ], [ 129.811564600000111, -8.206764499999963 ], [ 129.811788600000114, -8.206872499999974 ], [ 129.811164600000097, -8.207804499999952 ] ] ], [ [ [ 129.829927600000019, -8.212544499999979 ], [ 129.81417260000012, -8.211351499999978 ], [ 129.811903600000051, -8.204565499999944 ], [ 129.827758600000038, -8.187442499999975 ], [ 129.837247600000069, -8.158860499999946 ], [ 129.846447600000033, -8.143471499999976 ], [ 129.857963600000062, -8.131686499999944 ], [ 129.876488600000016, -8.120373499999971 ], [ 129.897289600000022, -8.114981499999942 ], [ 129.912864600000034, -8.095712499999934 ], [ 129.919454600000108, -8.091392499999927 ], [ 129.924288600000068, -8.091789499999948 ], [ 129.926462600000036, -8.100726499999951 ], [ 129.925344600000017, -8.106304499999965 ], [ 129.915795600000024, -8.130639499999972 ], [ 129.907351600000084, -8.13120749999996 ], [ 129.9031126000001, -8.136259499999937 ], [ 129.894045600000027, -8.138375499999938 ], [ 129.881320600000095, -8.146694499999967 ], [ 129.864713600000073, -8.169194499999946 ], [ 129.854391600000099, -8.192825499999969 ], [ 129.829927600000019, -8.212544499999979 ] ] ], [ [ [ 129.8137216, -8.199417499999981 ], [ 129.813828600000079, -8.199768499999948 ], [ 129.813604600000076, -8.199832499999957 ], [ 129.8137216, -8.199417499999981 ] ] ], [ [ [ 129.814884600000028, -8.198356499999932 ], [ 129.814483600000017, -8.198715499999935 ], [ 129.815320600000064, -8.197771499999931 ], [ 129.814884600000028, -8.198356499999932 ] ] ], [ [ [ 129.91892160000009, -8.123182499999928 ], [ 129.919278600000098, -8.123473499999932 ], [ 129.919209600000045, -8.12363449999998 ], [ 129.91892160000009, -8.123182499999928 ] ] ], [ [ [ 129.923944600000027, -8.116198499999939 ], [ 129.924490600000013, -8.116305499999953 ], [ 129.924049600000103, -8.11677949999995 ], [ 129.923944600000027, -8.116198499999939 ] ] ], [ [ [ 130.093050600000083, -7.766888499999936 ], [ 130.087907600000108, -7.785758499999929 ], [ 130.079064600000038, -7.789286499999946 ], [ 130.058836600000063, -7.767466499999955 ], [ 130.052319600000033, -7.766167499999938 ], [ 130.036480600000118, -7.770901499999979 ], [ 130.0289596, -7.76571649999994 ], [ 130.034015600000089, -7.764081499999975 ], [ 130.039085600000021, -7.753686499999958 ], [ 130.051585600000067, -7.757418499999972 ], [ 130.071251600000096, -7.753265499999941 ], [ 130.092160600000057, -7.762053499999979 ], [ 130.093050600000083, -7.766888499999936 ] ] ], [ [ [ 130.024100600000111, -7.745136499999944 ], [ 129.999342600000091, -7.741839499999969 ], [ 130.001656600000047, -7.732222499999978 ], [ 129.997679600000083, -7.729350499999953 ], [ 129.994178600000055, -7.731245499999943 ], [ 129.987637600000085, -7.714246499999945 ], [ 129.992169600000011, -7.702269499999943 ], [ 130.000474600000075, -7.69625549999995 ], [ 130.004111600000101, -7.697343499999931 ], [ 130.004859600000032, -7.701604499999974 ], [ 130.011014600000067, -7.706685499999935 ], [ 130.01926560000004, -7.732524499999954 ], [ 130.025599600000078, -7.743615499999976 ], [ 130.024100600000111, -7.745136499999944 ] ] ], [ [ [ 130.013418100000081, -6.295103899999958 ], [ 130.017582100000027, -6.298411399999964 ], [ 130.022174500000119, -6.297150299999942 ], [ 130.022555200000056, -6.301576099999977 ], [ 130.025006100000041, -6.300933599999951 ], [ 130.026457500000106, -6.304645599999958 ], [ 130.030455, -6.304931099999976 ], [ 130.033572100000015, -6.308857199999977 ], [ 130.033453100000088, -6.315971799999943 ], [ 130.03119270000002, -6.318398899999977 ], [ 130.021781600000054, -6.316996499999959 ], [ 130.018914600000016, -6.318755799999963 ], [ 130.012680500000101, -6.315852799999959 ], [ 130.005018600000085, -6.307524699999931 ], [ 130.004637900000034, -6.303384499999936 ], [ 129.999688600000013, -6.299815299999977 ], [ 130.007326700000021, -6.294342499999971 ], [ 130.013418100000081, -6.295103899999958 ] ] ], [ [ [ 129.991119200000071, -6.299433599999929 ], [ 129.992420200000083, -6.300243599999931 ], [ 129.990629200000058, -6.299543599999936 ], [ 129.991119200000071, -6.299433599999929 ] ] ], [ [ [ 129.985613, -6.301122199999952 ], [ 129.984379300000114, -6.29524379999998 ], [ 129.986991900000021, -6.291905399999962 ], [ 129.99019450000003, -6.299387 ], [ 129.985613, -6.301122199999952 ] ] ] ] } },
{ "type": "Feature", "properties": { "kab_kota": "Maluku Tengah", "provinsi": "Maluku", "regency_code": "id8103" }, "geometry": { "type": "MultiPolygon", "coordinates": [ [ [ [ 127.929972400000111, -3.764979899999958 ], [ 127.930038200000013, -3.764444599999933 ], [ 127.930470300000025, -3.764886 ], [ 127.929972400000111, -3.764979899999958 ] ] ], [ [ [ 127.976931700000023, -3.781376499999965 ], [ 127.966044500000066, -3.777826699999935 ], [ 127.963242300000047, -3.772840499999973 ], [ 127.955213900000103, -3.773068499999965 ], [ 127.9542662, -3.777516399999968 ], [ 127.94349550000004, -3.77462259999993 ], [ 127.940506200000073, -3.771216299999935 ], [ 127.938712400000099, -3.760420899999929 ], [ 127.922999800000071, -3.734320199999956 ], [ 127.917545500000074, -3.718715 ], [ 127.918167800000106, -3.713017799999932 ], [ 127.925138600000082, -3.705561699999976 ], [ 127.920393900000022, -3.683283899999935 ], [ 127.947005900000022, -3.669906599999933 ], [ 127.962718100000075, -3.653816 ], [ 127.965926300000092, -3.641507099999956 ], [ 127.975568600000088, -3.639694499999962 ], [ 127.986118300000044, -3.629631299999971 ], [ 127.993246800000065, -3.628424499999937 ], [ 127.999411800000075, -3.619079899999974 ], [ 128.005667600000038, -3.618097499999976 ], [ 128.008773500000075, -3.610856299999966 ], [ 128.022247800000059, -3.60222049999993 ], [ 128.026333300000033, -3.592235 ], [ 128.029610200000093, -3.59111669999993 ], [ 128.042234900000039, -3.594339199999979 ], [ 128.052087700000016, -3.589473599999963 ], [ 128.077213200000074, -3.589962199999945 ], [ 128.086536200000069, -3.580520099999944 ], [ 128.097982200000047, -3.58738939999995 ], [ 128.104231400000117, -3.584342299999946 ], [ 128.11216950000005, -3.587397099999976 ], [ 128.132504500000096, -3.584770599999956 ], [ 128.139654600000085, -3.591176299999972 ], [ 128.171559600000023, -3.586298 ], [ 128.179676, -3.580567 ], [ 128.179459300000076, -3.568531199999939 ], [ 128.183253800000102, -3.562618199999974 ], [ 128.192688400000065, -3.554765699999962 ], [ 128.197840500000098, -3.545029799999952 ], [ 128.209911, -3.538033299999938 ], [ 128.213784300000043, -3.524992399999974 ], [ 128.223545100000024, -3.518562199999963 ], [ 128.223997200000099, -3.515759099999968 ], [ 128.22837410000011, -3.51653349999998 ], [ 128.2585252, -3.49471989999995 ], [ 128.27223580000009, -3.492768199999944 ], [ 128.277773800000091, -3.49443059999993 ], [ 128.281351700000073, -3.491114099999947 ], [ 128.287780400000088, -3.490320899999972 ], [ 128.309325800000011, -3.499823599999957 ], [ 128.309875100000113, -3.503402299999948 ], [ 128.314861800000017, -3.50722339999993 ], [ 128.321477800000025, -3.507258199999967 ], [ 128.331758100000116, -3.501995499999964 ], [ 128.339340000000107, -3.502295599999968 ], [ 128.344487400000048, -3.505893199999946 ], [ 128.352394400000094, -3.520942499999933 ], [ 128.3527937, -3.529182599999956 ], [ 128.347134800000049, -3.541287299999965 ], [ 128.326847500000099, -3.557103599999948 ], [ 128.321941800000104, -3.567843599999946 ], [ 128.325524700000074, -3.571667699999978 ], [ 128.326126, -3.580962 ], [ 128.329710400000067, -3.587380199999927 ], [ 128.340601800000059, -3.589530499999967 ], [ 128.355297900000096, -3.600169299999948 ], [ 128.357571, -3.608292399999925 ], [ 128.353834200000051, -3.615577 ], [ 128.35597150000001, -3.629076399999974 ], [ 128.352842, -3.634517099999925 ], [ 128.337776400000052, -3.63720619999998 ], [ 128.332576, -3.634372599999949 ], [ 128.310475600000018, -3.632544 ], [ 128.301611600000115, -3.624322 ], [ 128.290971800000079, -3.621747699999958 ], [ 128.283610900000099, -3.623510199999942 ], [ 128.27967620000004, -3.61793339999997 ], [ 128.268263600000068, -3.616651499999932 ], [ 128.270331200000101, -3.599378499999943 ], [ 128.251213900000039, -3.583259 ], [ 128.250055, -3.577868399999943 ], [ 128.238619800000038, -3.572988799999962 ], [ 128.231956, -3.581619599999954 ], [ 128.22588380000002, -3.578237899999976 ], [ 128.217378100000019, -3.580069699999967 ], [ 128.215861, -3.586543 ], [ 128.207934300000034, -3.590503099999978 ], [ 128.206025400000044, -3.600281299999949 ], [ 128.200464400000101, -3.598925799999961 ], [ 128.197619700000018, -3.602603399999964 ], [ 128.198047600000109, -3.606375 ], [ 128.193498100000056, -3.609888099999978 ], [ 128.193005600000106, -3.614420099999961 ], [ 128.195521400000075, -3.617437 ], [ 128.194319600000085, -3.622762199999954 ], [ 128.188810400000079, -3.629255099999966 ], [ 128.18593850000002, -3.628729399999941 ], [ 128.182413700000097, -3.623121399999945 ], [ 128.143566100000044, -3.623566099999948 ], [ 128.127988600000094, -3.632772699999975 ], [ 128.120675600000027, -3.630980099999931 ], [ 128.118213400000059, -3.633847199999934 ], [ 128.1091202, -3.635241099999973 ], [ 128.103792200000044, -3.631840299999965 ], [ 128.096174800000085, -3.633060099999966 ], [ 128.079952200000093, -3.641191699999979 ], [ 128.073712600000022, -3.648358199999961 ], [ 128.064673400000061, -3.651095299999952 ], [ 128.049663800000076, -3.642741599999965 ], [ 128.04430590000004, -3.643429199999957 ], [ 128.039433800000097, -3.648368299999959 ], [ 128.034316800000056, -3.661572 ], [ 128.02837390000002, -3.665780099999949 ], [ 128.03276, -3.673757799999976 ], [ 128.034041100000081, -3.68421189999998 ], [ 128.045010700000034, -3.693851 ], [ 128.050326500000097, -3.693419099999971 ], [ 128.062037600000053, -3.698055499999953 ], [ 128.070426400000088, -3.706654299999968 ], [ 128.077445100000091, -3.706340599999976 ], [ 128.0828, -3.712716599999965 ], [ 128.077511200000117, -3.721528899999953 ], [ 128.06348, -3.721514099999979 ], [ 128.057696, -3.727548899999931 ], [ 128.038469600000099, -3.73416119999996 ], [ 128.034453100000064, -3.741026799999929 ], [ 128.023832200000015, -3.749069499999962 ], [ 128.019922700000052, -3.764333599999929 ], [ 128.015125400000102, -3.768489399999964 ], [ 128.009282, -3.767658499999925 ], [ 128.005856300000119, -3.775641599999972 ], [ 127.998253600000112, -3.781269099999975 ], [ 127.994347300000072, -3.783059799999933 ], [ 127.990747300000066, -3.779478499999925 ], [ 127.976931700000023, -3.781376499999965 ] ] ], [ [ [ 127.914431800000102, -3.685163399999965 ], [ 127.91055510000001, -3.680738599999927 ], [ 127.9114207, -3.67831289999998 ], [ 127.915301800000066, -3.679184299999974 ], [ 127.914431800000102, -3.685163399999965 ] ] ], [ [ [ 127.91151380000008, -3.672679499999958 ], [ 127.906939900000111, -3.674060599999962 ], [ 127.908139800000072, -3.671211099999937 ], [ 127.91151380000008, -3.672679499999958 ] ] ], [ [ [ 127.911047400000029, -3.648375299999941 ], [ 127.905237400000033, -3.655588399999942 ], [ 127.902839200000017, -3.654462299999977 ], [ 127.904716100000087, -3.650854599999946 ], [ 127.911047400000029, -3.648375299999941 ] ] ], [ [ [ 128.604988100000014, -3.647822699999949 ], [ 128.602990300000101, -3.633855799999935 ], [ 128.604500300000041, -3.627452199999937 ], [ 128.60794820000001, -3.630945199999928 ], [ 128.613304300000095, -3.65042829999993 ], [ 128.613045, -3.65595339999993 ], [ 128.610694100000046, -3.657404799999938 ], [ 128.604988100000014, -3.647822699999949 ] ] ], [ [ [ 128.403401800000097, -3.634703299999956 ], [ 128.399166100000116, -3.62853709999996 ], [ 128.415868600000067, -3.614047099999937 ], [ 128.417748300000085, -3.609573699999942 ], [ 128.416130300000077, -3.598937499999977 ], [ 128.410390900000039, -3.58740309999996 ], [ 128.424122900000043, -3.566044599999941 ], [ 128.419492800000057, -3.557027299999959 ], [ 128.421427200000039, -3.550031899999965 ], [ 128.418023300000073, -3.546873699999935 ], [ 128.416967000000113, -3.541625599999975 ], [ 128.413297600000078, -3.539303799999971 ], [ 128.414891400000101, -3.532194199999935 ], [ 128.425592900000083, -3.522333899999978 ], [ 128.4319269, -3.522166299999981 ], [ 128.440861700000028, -3.515555399999926 ], [ 128.44491, -3.516964799999926 ], [ 128.443170400000099, -3.515062499999942 ], [ 128.446995500000071, -3.510449599999959 ], [ 128.48013, -3.518511099999955 ], [ 128.489630100000113, -3.518334699999969 ], [ 128.499432200000115, -3.513369699999942 ], [ 128.524223, -3.52776979999993 ], [ 128.534128200000055, -3.539187399999946 ], [ 128.539467500000114, -3.540744299999972 ], [ 128.550506400000017, -3.538428799999963 ], [ 128.56848350000007, -3.56323139999995 ], [ 128.573962900000083, -3.580877799999939 ], [ 128.576256900000089, -3.581947 ], [ 128.576042200000074, -3.58567 ], [ 128.567068800000015, -3.593765099999928 ], [ 128.564530400000081, -3.599619899999936 ], [ 128.545265100000051, -3.602348199999938 ], [ 128.542728200000056, -3.60478059999997 ], [ 128.543519500000116, -3.611777699999948 ], [ 128.538635400000089, -3.615311599999927 ], [ 128.524138900000025, -3.617471499999965 ], [ 128.512185300000056, -3.606019499999945 ], [ 128.508058400000095, -3.609173399999975 ], [ 128.509077, -3.615219899999943 ], [ 128.507108, -3.616968 ], [ 128.500031300000046, -3.615709299999935 ], [ 128.49769450000008, -3.624167299999954 ], [ 128.494135200000073, -3.619482499999947 ], [ 128.483689900000059, -3.61854169999998 ], [ 128.481856600000015, -3.621195299999954 ], [ 128.479975, -3.617793899999981 ], [ 128.465708900000095, -3.613965199999939 ], [ 128.458736700000031, -3.62081969999997 ], [ 128.44708, -3.621876499999928 ], [ 128.446063300000105, -3.62580719999994 ], [ 128.439398400000073, -3.631145599999968 ], [ 128.429211400000099, -3.629622499999925 ], [ 128.417083700000035, -3.63524 ], [ 128.403401800000097, -3.634703299999956 ] ] ], [ [ [ 128.665656500000068, -3.59060779999993 ], [ 128.663555100000053, -3.609532199999933 ], [ 128.659756800000082, -3.614993899999945 ], [ 128.659815, -3.619484099999966 ], [ 128.654503500000033, -3.627103899999952 ], [ 128.648089100000107, -3.630808899999977 ], [ 128.644605400000046, -3.630449399999975 ], [ 128.641978800000061, -3.62464319999998 ], [ 128.638301500000011, -3.623205499999926 ], [ 128.637368700000025, -3.617362599999979 ], [ 128.628826500000059, -3.611271199999976 ], [ 128.626803900000027, -3.604156599999953 ], [ 128.6096956, -3.59728 ], [ 128.607173400000079, -3.588499799999965 ], [ 128.623129600000084, -3.591173699999956 ], [ 128.628031300000089, -3.584392199999968 ], [ 128.6174903000001, -3.584416 ], [ 128.609614300000089, -3.577872499999955 ], [ 128.595279800000071, -3.551139699999965 ], [ 128.576918300000102, -3.549299599999927 ], [ 128.569470300000035, -3.545389799999953 ], [ 128.554972900000053, -3.530898299999933 ], [ 128.556584200000088, -3.516674199999954 ], [ 128.566207900000109, -3.498083899999926 ], [ 128.578018800000109, -3.493688799999973 ], [ 128.593562500000075, -3.498847799999965 ], [ 128.603358800000024, -3.496697299999937 ], [ 128.608145900000068, -3.503037 ], [ 128.618988700000045, -3.507864799999936 ], [ 128.624919200000022, -3.516383099999928 ], [ 128.635540400000082, -3.519856299999958 ], [ 128.639700400000038, -3.531137499999943 ], [ 128.658086100000105, -3.529352099999926 ], [ 128.682319100000086, -3.544132699999977 ], [ 128.689699100000098, -3.536441899999943 ], [ 128.686562900000013, -3.530793 ], [ 128.686729200000059, -3.521916399999952 ], [ 128.688706800000091, -3.507644899999946 ], [ 128.693986600000017, -3.49436529999997 ], [ 128.715641400000095, -3.498102199999948 ], [ 128.730299900000091, -3.512632599999961 ], [ 128.729383900000016, -3.524294599999962 ], [ 128.726238300000091, -3.530714299999943 ], [ 128.732024100000103, -3.53897539999997 ], [ 128.734351700000047, -3.556087299999945 ], [ 128.732583800000043, -3.568073899999945 ], [ 128.735301200000094, -3.577433799999937 ], [ 128.734144600000036, -3.588416199999926 ], [ 128.7385, -3.600557099999946 ], [ 128.732361800000035, -3.619978199999935 ], [ 128.727942400000074, -3.622662299999945 ], [ 128.723212000000103, -3.620447 ], [ 128.719821300000035, -3.613732199999959 ], [ 128.719946400000026, -3.607740199999967 ], [ 128.708850900000016, -3.603002299999957 ], [ 128.698928600000045, -3.587845099999925 ], [ 128.6863174, -3.58406169999995 ], [ 128.686388800000032, -3.581967799999973 ], [ 128.674562900000069, -3.575757399999929 ], [ 128.668003000000112, -3.57668659999996 ], [ 128.662602800000059, -3.573892099999966 ], [ 128.658216, -3.576399899999956 ], [ 128.657763900000077, -3.573473099999944 ], [ 128.654297, -3.572833099999968 ], [ 128.650999100000035, -3.577672899999925 ], [ 128.651313200000118, -3.583055199999933 ], [ 128.661138800000117, -3.590479599999981 ], [ 128.665656500000068, -3.59060779999993 ] ] ], [ [ [ 128.378587100000118, -3.529116599999952 ], [ 128.375852100000088, -3.53212579999996 ], [ 128.37458520000007, -3.531979 ], [ 128.378587100000118, -3.529116599999952 ] ] ], [ [ [ 128.781234700000027, -3.691812299999981 ], [ 128.766445200000021, -3.693455599999936 ], [ 128.7615154, -3.68918309999998 ], [ 128.76293720000001, -3.680974299999946 ], [ 128.758392300000082, -3.664780899999926 ], [ 128.757775500000093, -3.649408499999936 ], [ 128.765240100000028, -3.645362399999954 ], [ 128.770060400000034, -3.648868099999959 ], [ 128.772742000000108, -3.639307799999926 ], [ 128.780686900000092, -3.646238799999935 ], [ 128.781234700000027, -3.65084 ], [ 128.787588700000015, -3.649635 ], [ 128.792299400000047, -3.641418599999952 ], [ 128.797557900000015, -3.644705099999953 ], [ 128.800374300000044, -3.643845299999953 ], [ 128.802816400000097, -3.64908719999994 ], [ 128.806129, -3.648802 ], [ 128.807855700000118, -3.665519899999936 ], [ 128.811032700000055, -3.673188499999981 ], [ 128.805007400000022, -3.686444299999948 ], [ 128.78671230000009, -3.693236499999955 ], [ 128.785507200000097, -3.695537099999967 ], [ 128.781234700000027, -3.691812299999981 ] ] ], [ [ [ 128.655625400000076, -3.631638799999962 ], [ 128.655269800000042, -3.630729499999973 ], [ 128.655963800000109, -3.630809499999941 ], [ 128.655625400000076, -3.631638799999962 ] ] ], [ [ [ 128.926647500000058, -3.350654799999973 ], [ 128.913058800000044, -3.335632099999941 ], [ 128.910032600000022, -3.328372699999932 ], [ 128.914291, -3.329380199999946 ], [ 128.919884800000091, -3.338087299999927 ], [ 128.929080800000065, -3.337034899999935 ], [ 128.926268500000106, -3.325672199999929 ], [ 128.93890220000003, -3.308602699999938 ], [ 128.950965900000028, -3.300272299999961 ], [ 128.953061800000114, -3.295940299999927 ], [ 128.958735200000092, -3.295565499999952 ], [ 128.96650580000005, -3.290371299999947 ], [ 128.971316300000012, -3.270074399999942 ], [ 128.966450400000099, -3.245635099999959 ], [ 128.966693700000064, -3.226825299999973 ], [ 128.950398500000119, -3.221472399999925 ], [ 128.934377800000107, -3.210329199999933 ], [ 128.901443, -3.204224699999941 ], [ 128.885323900000117, -3.203676099999939 ], [ 128.858904300000063, -3.211663499999929 ], [ 128.843861700000048, -3.239494299999933 ], [ 128.834230400000024, -3.239857599999937 ], [ 128.833960900000079, -3.235802899999953 ], [ 128.830089, -3.231589 ], [ 128.775672400000076, -3.042835399999944 ], [ 128.758399300000065, -3.044246299999941 ], [ 128.752287400000114, -3.031950699999925 ], [ 128.748112600000013, -3.007568699999979 ], [ 128.7488217, -3.002250299999957 ], [ 128.751873, -3.000089 ], [ 128.743006300000047, -2.981490899999926 ], [ 128.744689400000084, -2.967776 ], [ 128.741752600000041, -2.962032199999953 ], [ 128.746239700000046, -2.963225399999942 ], [ 128.749932600000079, -2.968336799999975 ], [ 128.75343440000006, -2.967190699999946 ], [ 128.754122700000039, -2.957624299999964 ], [ 128.756806600000118, -2.958379199999968 ], [ 128.756691900000078, -2.954955699999971 ], [ 128.761743200000069, -2.95104 ], [ 128.758949600000051, -2.947015499999964 ], [ 128.761605, -2.945826499999953 ], [ 128.760653600000069, -2.94095219999997 ], [ 128.763568900000109, -2.938921899999968 ], [ 128.76030860000003, -2.935333 ], [ 128.760742400000026, -2.930778099999941 ], [ 128.754851700000017, -2.925306899999953 ], [ 128.758402200000091, -2.921913199999949 ], [ 128.750376300000084, -2.905137599999932 ], [ 128.752311, -2.899654599999963 ], [ 128.750324200000023, -2.891161 ], [ 128.756616700000109, -2.884982599999944 ], [ 128.751101500000118, -2.878604699999926 ], [ 128.7556389, -2.865990799999963 ], [ 128.752869100000112, -2.863495099999966 ], [ 128.753588200000081, -2.850929699999938 ], [ 128.786803400000053, -2.863746699999979 ], [ 128.805914800000096, -2.867563 ], [ 128.836373500000036, -2.86700339999993 ], [ 128.867460400000027, -2.860318899999925 ], [ 128.875574200000074, -2.856464899999935 ], [ 128.916281300000037, -2.852253499999961 ], [ 128.957283300000086, -2.842 ], [ 128.977582100000063, -2.83001859999996 ], [ 128.985156200000119, -2.829511 ], [ 129.000975700000026, -2.820391699999959 ], [ 129.015069400000016, -2.806000799999936 ], [ 129.032794100000046, -2.796172499999955 ], [ 129.053136000000109, -2.795461899999964 ], [ 129.066673800000103, -2.810036899999943 ], [ 129.071155200000021, -2.830521 ], [ 129.070995200000084, -2.844022399999972 ], [ 129.07694570000001, -2.850166399999978 ], [ 129.078312900000014, -2.855097899999976 ], [ 129.07115710000005, -2.860272599999973 ], [ 129.069469100000106, -2.870297599999958 ], [ 129.072364300000118, -2.878867199999945 ], [ 129.063756300000023, -2.897848499999952 ], [ 129.066992500000083, -2.901641899999959 ], [ 129.063932200000067, -2.906325399999957 ], [ 129.067186500000048, -2.910623099999953 ], [ 129.068252200000074, -2.906433799999945 ], [ 129.075881400000071, -2.908664299999941 ], [ 129.076707, -2.916269499999942 ], [ 129.08259350000003, -2.921667699999944 ], [ 129.080409, -2.927571399999977 ], [ 129.083117200000061, -2.939237499999933 ], [ 129.109891800000014, -2.951475 ], [ 129.116488600000025, -2.956107 ], [ 129.1204666000001, -2.962445899999977 ], [ 129.128275800000097, -2.963761599999941 ], [ 129.127839700000095, -2.967809099999954 ], [ 129.131283600000074, -2.968881499999952 ], [ 129.140304, -2.958249799999976 ], [ 129.157424200000037, -2.948055799999963 ], [ 129.179895700000088, -2.958456799999965 ], [ 129.195841700000074, -2.959944699999937 ], [ 129.186351800000011, -2.951036199999976 ], [ 129.18710580000004, -2.948424099999954 ], [ 129.184539500000028, -2.949049099999968 ], [ 129.177290500000026, -2.942756899999949 ], [ 129.17370290000008, -2.935798199999965 ], [ 129.17567930000007, -2.931071399999951 ], [ 129.182467, -2.928375699999947 ], [ 129.186398200000099, -2.921550199999956 ], [ 129.190366600000061, -2.923808399999928 ], [ 129.195672300000069, -2.93298249999998 ], [ 129.201404, -2.928841099999943 ], [ 129.20476450000001, -2.929668599999957 ], [ 129.205066200000033, -2.932152499999972 ], [ 129.199824300000046, -2.938215199999945 ], [ 129.20328470000004, -2.944905499999948 ], [ 129.209279400000014, -2.94828739999997 ], [ 129.212643, -2.954045699999938 ], [ 129.216200900000104, -2.95325 ], [ 129.214707200000021, -2.950233699999956 ], [ 129.219265, -2.953646899999967 ], [ 129.219531600000096, -2.951625199999967 ], [ 129.213103100000012, -2.948149699999931 ], [ 129.20977460000006, -2.942916899999943 ], [ 129.223311, -2.921980499999961 ], [ 129.235088500000074, -2.918713299999979 ], [ 129.255642, -2.907053799999971 ], [ 129.258015300000011, -2.908401199999957 ], [ 129.300411300000064, -2.883062299999949 ], [ 129.306016800000066, -2.877606299999968 ], [ 129.335685800000078, -2.866371899999933 ], [ 129.346132700000112, -2.858855199999937 ], [ 129.373319200000083, -2.81934039999993 ], [ 129.373445300000071, -2.813828199999932 ], [ 129.367617800000062, -2.809859199999948 ], [ 129.364209200000118, -2.803399 ], [ 129.376968500000089, -2.789347299999974 ], [ 129.400096900000108, -2.786265599999979 ], [ 129.417232300000023, -2.790923299999974 ], [ 129.434719100000052, -2.782511199999931 ], [ 129.455008300000031, -2.787006699999949 ], [ 129.469865100000106, -2.784075499999972 ], [ 129.484922600000118, -2.788019499999962 ], [ 129.489633900000058, -2.79074989999998 ], [ 129.490477100000021, -2.794122799999968 ], [ 129.492123400000082, -2.791379 ], [ 129.492417900000078, -2.793815 ], [ 129.498635, -2.794705 ], [ 129.511828300000047, -2.787296699999956 ], [ 129.514017400000057, -2.795434499999942 ], [ 129.519157100000029, -2.798813299999949 ], [ 129.521274800000015, -2.798361199999931 ], [ 129.524973600000067, -2.788470299999972 ], [ 129.525328500000114, -2.773287099999948 ], [ 129.528673600000047, -2.772740099999965 ], [ 129.543055200000026, -2.785189 ], [ 129.540345400000092, -2.791008899999952 ], [ 129.54757840000002, -2.800169599999947 ], [ 129.5846831, -2.809541699999954 ], [ 129.618992400000025, -2.802958299999943 ], [ 129.62524940000003, -2.809068599999932 ], [ 129.628432800000041, -2.821161899999936 ], [ 129.637145500000088, -2.827096399999959 ], [ 129.648229700000115, -2.828875099999948 ], [ 129.669481900000051, -2.825255199999958 ], [ 129.685978400000067, -2.834624 ], [ 129.708776300000068, -2.834365099999957 ], [ 129.731980200000066, -2.849245099999962 ], [ 129.754676200000063, -2.855977499999938 ], [ 129.760507500000017, -2.861832899999968 ], [ 129.78523180000002, -2.864568299999974 ], [ 129.789718000000107, -2.868169799999976 ], [ 129.792654300000095, -2.88998719999995 ], [ 129.804978500000061, -2.908231199999932 ], [ 129.813746100000117, -2.913050299999952 ], [ 129.818128700000102, -2.914305899999931 ], [ 129.827308500000072, -2.911571799999933 ], [ 129.859084400000029, -2.896829099999934 ], [ 129.879061700000079, -2.89708109999998 ], [ 129.882378300000028, -2.901439599999946 ], [ 129.879148300000111, -2.91160629999996 ], [ 129.872998300000063, -2.90906 ], [ 129.872190800000112, -2.914205699999968 ], [ 129.866072500000087, -2.912892 ], [ 129.8715744000001, -2.920913 ], [ 129.876908400000048, -2.92018749999994 ], [ 129.878853700000036, -2.924881899999946 ], [ 129.876221000000101, -2.928397799999971 ], [ 129.880235300000095, -2.933175699999936 ], [ 129.888256600000091, -2.933514899999977 ], [ 129.892658800000049, -2.921587599999953 ], [ 129.885096200000021, -2.921651199999928 ], [ 129.880681600000116, -2.917795199999944 ], [ 129.882455, -2.914337699999976 ], [ 129.901877100000092, -2.914207 ], [ 129.909462400000052, -2.942368599999952 ], [ 129.9372045, -2.956803799999932 ], [ 129.949696700000118, -2.959212399999956 ], [ 129.959788900000035, -2.969053599999938 ], [ 129.9787033, -2.977389199999948 ], [ 129.988330100000098, -2.97887819999994 ], [ 130.000825300000088, -2.98451179999995 ], [ 130.011706400000094, -2.979202499999928 ], [ 130.022208700000078, -2.996667899999977 ], [ 130.031088100000034, -3.002411499999937 ], [ 130.046503700000017, -3.005331399999932 ], [ 130.072307600000045, -3.004484599999955 ], [ 130.100087500000086, -2.995066099999974 ], [ 130.110269900000048, -2.996616499999959 ], [ 130.109739300000115, -3.007770499999936 ], [ 130.103956200000084, -3.014730499999928 ], [ 130.106863, -3.022069899999963 ], [ 130.10341070000004, -3.028848599999947 ], [ 130.105725800000073, -3.037315699999965 ], [ 130.101965, -3.046781499999952 ], [ 130.102876700000024, -3.060258899999951 ], [ 130.1006413, -3.069297799999958 ], [ 130.1033916, -3.080246 ], [ 130.101022700000044, -3.081979799999942 ], [ 130.105703, -3.090680199999952 ], [ 130.103386700000101, -3.117804199999966 ], [ 130.106308700000113, -3.122024899999928 ], [ 130.105821700000092, -3.139881499999944 ], [ 130.096568700000034, -3.151894199999958 ], [ 130.093322, -3.17040019999996 ], [ 130.096081700000013, -3.177705199999934 ], [ 130.095660300000077, -3.192620099999942 ], [ 130.084712200000013, -3.208470499999976 ], [ 130.078177200000027, -3.195051699999965 ], [ 130.058176800000069, -3.192163599999958 ], [ 130.044246600000065, -3.181527399999936 ], [ 130.020200300000056, -3.182489299999929 ], [ 129.927083900000071, -3.163839499999938 ], [ 129.912736800000062, -3.167938699999979 ], [ 129.915164300000015, -3.177302099999963 ], [ 129.914210600000047, -3.198586699999964 ], [ 129.910669, -3.209211599999946 ], [ 129.900165400000105, -3.221735199999955 ], [ 129.905848600000013, -3.233433199999979 ], [ 129.899688300000093, -3.25927919999998 ], [ 129.884418400000072, -3.269297699999925 ], [ 129.883739000000105, -3.286516099999972 ], [ 129.879810900000052, -3.294895899999972 ], [ 129.876340700000014, -3.297691 ], [ 129.873801700000058, -3.306302199999948 ], [ 129.856232700000078, -3.323683699999947 ], [ 129.855595900000026, -3.329824699999961 ], [ 129.858427600000027, -3.336138499999947 ], [ 129.846324300000106, -3.33429719999998 ], [ 129.840035100000023, -3.330758599999967 ], [ 129.822402900000043, -3.330619399999932 ], [ 129.814269700000068, -3.321997 ], [ 129.796466400000099, -3.323273099999938 ], [ 129.785460100000023, -3.32801569999998 ], [ 129.77435980000007, -3.327873799999963 ], [ 129.763923, -3.332163399999956 ], [ 129.744268200000079, -3.326449799999978 ], [ 129.735412200000042, -3.316569799999968 ], [ 129.728869300000042, -3.314822899999967 ], [ 129.678714400000104, -3.323572499999955 ], [ 129.671363400000018, -3.322492099999977 ], [ 129.66623, -3.317611 ], [ 129.650899600000116, -3.31780219999996 ], [ 129.639527900000076, -3.315638699999965 ], [ 129.633195200000046, -3.311692899999969 ], [ 129.616273300000103, -3.316506899999979 ], [ 129.607899100000054, -3.316248799999926 ], [ 129.599944900000082, -3.310614499999929 ], [ 129.591162200000099, -3.31310979999995 ], [ 129.571093800000085, -3.304408899999942 ], [ 129.562302, -3.304412399999933 ], [ 129.548623, -3.30911679999997 ], [ 129.52454750000004, -3.297897299999931 ], [ 129.510307, -3.305883499999936 ], [ 129.497872200000074, -3.32187579999993 ], [ 129.497536700000069, -3.327082 ], [ 129.506349800000066, -3.329821899999956 ], [ 129.525055800000018, -3.354144499999961 ], [ 129.53144850000001, -3.357819199999938 ], [ 129.531451100000027, -3.362544199999945 ], [ 129.539144100000044, -3.375668099999928 ], [ 129.545986300000095, -3.377248699999939 ], [ 129.559736200000089, -3.39639539999996 ], [ 129.56602410000005, -3.412858399999948 ], [ 129.564534, -3.416452499999934 ], [ 129.569328500000097, -3.430398299999979 ], [ 129.568015500000115, -3.447686199999964 ], [ 129.562500100000079, -3.452952099999948 ], [ 129.559205900000052, -3.452954 ], [ 129.560758100000044, -3.459121 ], [ 129.5590707, -3.462488899999926 ], [ 129.548798100000113, -3.470049299999971 ], [ 129.54389910000009, -3.470278399999927 ], [ 129.542039500000101, -3.467987799999946 ], [ 129.538437700000031, -3.471866 ], [ 129.528872600000113, -3.470292699999959 ], [ 129.525145100000032, -3.466809 ], [ 129.521203700000115, -3.46771659999996 ], [ 129.500449200000048, -3.461446699999954 ], [ 129.497561400000109, -3.457568799999933 ], [ 129.482483200000047, -3.456702699999937 ], [ 129.475862, -3.447737 ], [ 129.455162100000052, -3.43651449999993 ], [ 129.440180900000087, -3.431428699999969 ], [ 129.43176260000007, -3.431856899999957 ], [ 129.428016, -3.42752969999998 ], [ 129.417540900000063, -3.424648299999944 ], [ 129.413174600000048, -3.419331 ], [ 129.404529900000057, -3.416986299999962 ], [ 129.388340900000117, -3.417700299999979 ], [ 129.3728532, -3.411849599999925 ], [ 129.364210700000058, -3.414965299999949 ], [ 129.355875, -3.410243299999934 ], [ 129.336281400000075, -3.417352199999925 ], [ 129.328565, -3.412035599999967 ], [ 129.319162300000016, -3.415547299999957 ], [ 129.308656200000087, -3.41081319999995 ], [ 129.288509500000032, -3.414200699999981 ], [ 129.260694700000045, -3.406483199999968 ], [ 129.251965900000073, -3.407562399999961 ], [ 129.23988630000008, -3.400994199999957 ], [ 129.225961900000016, -3.400301799999966 ], [ 129.221422, -3.395664199999942 ], [ 129.216190900000015, -3.396052 ], [ 129.204550700000027, -3.38989319999996 ], [ 129.191110700000081, -3.38979519999998 ], [ 129.179581700000085, -3.382644899999946 ], [ 129.173584000000119, -3.374412499999949 ], [ 129.166280900000061, -3.369640699999934 ], [ 129.154288400000041, -3.368509 ], [ 129.144521300000065, -3.361052599999937 ], [ 129.131639, -3.364514899999961 ], [ 129.118398400000046, -3.351420499999961 ], [ 129.107712400000082, -3.351988499999948 ], [ 129.102606300000048, -3.347335299999941 ], [ 129.094977700000072, -3.347902899999951 ], [ 129.084320800000114, -3.341102199999966 ], [ 129.060099900000068, -3.35199259999996 ], [ 129.037480300000084, -3.347774399999935 ], [ 129.022731400000112, -3.354082399999925 ], [ 129.015468900000087, -3.352100099999973 ], [ 128.999868000000106, -3.355929799999956 ], [ 128.991708900000049, -3.354533099999969 ], [ 128.9779459, -3.361020699999926 ], [ 128.971983500000078, -3.360074399999974 ], [ 128.965662300000076, -3.362597199999925 ], [ 128.951496200000065, -3.355297899999925 ], [ 128.936343400000055, -3.357369499999947 ], [ 128.926647500000058, -3.350654799999973 ] ] ], [ [ [ 129.001297900000054, -2.754258499999935 ], [ 129.004399800000101, -2.757973799999945 ], [ 128.998666200000116, -2.757162699999981 ], [ 129.001297900000054, -2.754258499999935 ] ] ], [ [ [ 128.997292600000037, -2.729034 ], [ 128.989125600000079, -2.741934399999934 ], [ 128.983468300000027, -2.740820699999972 ], [ 128.981157300000064, -2.743353799999966 ], [ 128.981844300000034, -2.747478199999932 ], [ 128.978354300000092, -2.748795199999961 ], [ 128.977097500000013, -2.739669099999958 ], [ 128.98117830000001, -2.730269 ], [ 128.986633100000063, -2.725705099999971 ], [ 128.990672, -2.725412 ], [ 128.997292600000037, -2.729034 ] ] ], [ [ [ 129.161332, -2.916912899999943 ], [ 129.167066700000078, -2.926040799999953 ], [ 129.165213700000095, -2.927303099999961 ], [ 129.159368, -2.91823519999997 ], [ 129.161332, -2.916912899999943 ] ] ], [ [ [ 129.179000500000029, -2.91617309999998 ], [ 129.180639300000053, -2.91786529999996 ], [ 129.178912100000048, -2.924793799999975 ], [ 129.168766100000084, -2.921703599999944 ], [ 129.173366700000088, -2.916038499999956 ], [ 129.175566700000104, -2.918272399999978 ], [ 129.179000500000029, -2.91617309999998 ] ] ], [ [ [ 129.071380100000056, -2.902293 ], [ 129.073592900000108, -2.899851199999944 ], [ 129.069169300000112, -2.896389399999975 ], [ 129.069824400000016, -2.892237 ], [ 129.074321400000031, -2.88925 ], [ 129.082292400000028, -2.896290199999953 ], [ 129.072986900000046, -2.906195199999956 ], [ 129.071380100000056, -2.902293 ] ] ], [ [ [ 129.061173, -2.786959799999977 ], [ 129.059000600000104, -2.786061299999972 ], [ 129.063884200000075, -2.78146 ], [ 129.067243, -2.783473799999967 ], [ 129.061173, -2.786959799999977 ] ] ], [ [ [ 129.043707700000027, -2.782561899999962 ], [ 129.045563500000071, -2.780078799999956 ], [ 129.046616500000027, -2.781883899999968 ], [ 129.043707700000027, -2.782561899999962 ] ] ], [ [ [ 129.0238084, -2.763722799999925 ], [ 129.025308400000085, -2.762162099999955 ], [ 129.024778300000094, -2.764351399999953 ], [ 129.0238084, -2.763722799999925 ] ] ], [ [ [ 129.02301030000001, -2.754731899999967 ], [ 129.019056700000078, -2.746015499999942 ], [ 129.023348300000066, -2.743501499999979 ], [ 129.027160700000081, -2.74755829999998 ], [ 129.02301030000001, -2.754731899999967 ] ] ], [ [ [ 129.684642100000019, -4.563311 ], [ 129.670470300000034, -4.565463 ], [ 129.666428700000097, -4.561158899999953 ], [ 129.677241300000105, -4.55580509999993 ], [ 129.682647600000109, -4.548876699999937 ], [ 129.693302700000118, -4.541895699999941 ], [ 129.694405, -4.551291099999958 ], [ 129.692252900000085, -4.556015099999968 ], [ 129.684642100000019, -4.563311 ] ] ], [ [ [ 129.697369400000071, -4.535380799999928 ], [ 129.696726300000023, -4.534994899999958 ], [ 129.69732660000011, -4.534523299999933 ], [ 129.697369400000071, -4.535380799999928 ] ] ], [ [ [ 129.782268800000111, -4.52223749999996 ], [ 129.784229700000083, -4.52475869999995 ], [ 129.781615200000033, -4.532555599999966 ], [ 129.773071300000083, -4.538158099999976 ], [ 129.763313500000095, -4.521023599999978 ], [ 129.765169400000104, -4.516935299999943 ], [ 129.782268800000111, -4.52223749999996 ] ] ], [ [ [ 129.221849100000099, -2.913582599999927 ], [ 129.222898100000066, -2.910280199999931 ], [ 129.224930100000051, -2.912356399999965 ], [ 129.221849100000099, -2.913582599999927 ] ] ], [ [ [ 129.225659300000075, -2.903372199999978 ], [ 129.229431500000032, -2.902619099999924 ], [ 129.231023300000061, -2.904967699999929 ], [ 129.228280800000107, -2.905479 ], [ 129.225659300000075, -2.903372199999978 ] ] ], [ [ [ 129.206238100000064, -2.904632099999958 ], [ 129.207185500000037, -2.901159499999949 ], [ 129.214871700000117, -2.901736799999981 ], [ 129.208845500000052, -2.906129599999929 ], [ 129.206238100000064, -2.904632099999958 ] ] ], [ [ [ 129.236890200000062, -2.898130399999957 ], [ 129.239284200000043, -2.90081269999996 ], [ 129.236846600000035, -2.902004799999929 ], [ 129.235661100000016, -2.900268799999935 ], [ 129.236890200000062, -2.898130399999957 ] ] ], [ [ [ 130.033440200000086, -4.600261199999977 ], [ 130.030761600000119, -4.587175599999966 ], [ 130.039719600000012, -4.579052 ], [ 130.047911900000031, -4.586010199999976 ], [ 130.045911100000012, -4.592049799999927 ], [ 130.047535800000105, -4.594947899999966 ], [ 130.04187120000006, -4.605355 ], [ 130.037128800000119, -4.604652399999964 ], [ 130.033440200000086, -4.600261199999977 ] ] ], [ [ [ 129.952016400000048, -4.560994699999981 ], [ 129.945794700000079, -4.562289299999975 ], [ 129.9413829, -4.566417799999954 ], [ 129.936810500000092, -4.565620299999978 ], [ 129.935268700000051, -4.571256 ], [ 129.920684500000107, -4.568600799999956 ], [ 129.91833280000003, -4.57157129999996 ], [ 129.913505700000087, -4.570457399999952 ], [ 129.911277800000107, -4.565011399999946 ], [ 129.906698300000016, -4.565135199999929 ], [ 129.90174740000009, -4.558204 ], [ 129.893846800000119, -4.559977799999956 ], [ 129.890729100000044, -4.557542099999978 ], [ 129.888473, -4.562134799999967 ], [ 129.886198600000057, -4.561244399999964 ], [ 129.883178200000089, -4.552816699999937 ], [ 129.874263400000018, -4.556470299999944 ], [ 129.86866120000002, -4.564654499999961 ], [ 129.864910100000088, -4.563046899999961 ], [ 129.860769300000015, -4.55627549999997 ], [ 129.861110300000064, -4.549601499999937 ], [ 129.864666500000112, -4.54550949999998 ], [ 129.874715400000014, -4.54329649999994 ], [ 129.88425, -4.547993899999938 ], [ 129.899643900000115, -4.545606899999939 ], [ 129.905587200000014, -4.549601499999937 ], [ 129.928073700000027, -4.542559199999971 ], [ 129.935856300000069, -4.53693839999994 ], [ 129.934559200000081, -4.533911799999942 ], [ 129.941477100000043, -4.52375109999997 ], [ 129.939947400000051, -4.512240299999974 ], [ 129.943136600000116, -4.508504899999934 ], [ 129.946922400000062, -4.508245 ], [ 129.94430710000006, -4.513463199999933 ], [ 129.945805600000085, -4.522857599999952 ], [ 129.95017740000003, -4.529789899999969 ], [ 129.955485900000099, -4.531788399999925 ], [ 129.951069700000062, -4.537174899999968 ], [ 129.957630700000095, -4.548865499999977 ], [ 129.949903600000084, -4.555495099999973 ], [ 129.952016400000048, -4.560994699999981 ] ] ], [ [ [ 129.896179700000062, -4.528871 ], [ 129.900243800000112, -4.518177199999968 ], [ 129.896305600000119, -4.51156229999998 ], [ 129.896746100000087, -4.505897599999969 ], [ 129.892522400000075, -4.503734099999974 ], [ 129.895235600000092, -4.502561699999944 ], [ 129.906879600000025, -4.506715799999938 ], [ 129.909145500000022, -4.517352799999969 ], [ 129.907131400000026, -4.528178599999933 ], [ 129.903480800000011, -4.530570399999931 ], [ 129.896179700000062, -4.528871 ] ] ], [ [ [ 129.880759200000057, -4.510807 ], [ 129.891207300000019, -4.516031099999964 ], [ 129.891081500000041, -4.521506899999963 ], [ 129.893913800000064, -4.52320629999997 ], [ 129.88900440000009, -4.528367499999945 ], [ 129.891081500000041, -4.532269799999938 ], [ 129.888878500000033, -4.536109199999942 ], [ 129.884351700000025, -4.533891 ], [ 129.8825845, -4.535857399999941 ], [ 129.877486300000101, -4.534472699999981 ], [ 129.868045100000018, -4.529815099999951 ], [ 129.866912200000115, -4.519555799999978 ], [ 129.870940400000109, -4.511877 ], [ 129.873583900000085, -4.51231759999996 ], [ 129.878178600000069, -4.505079399999943 ], [ 129.880759200000057, -4.510807 ] ] ], [ [ [ 129.848217700000077, -4.505517699999928 ], [ 129.846270400000094, -4.504454299999963 ], [ 129.846244800000022, -4.503301299999976 ], [ 129.848640500000101, -4.50341659999998 ], [ 129.848217700000077, -4.505517699999928 ] ] ], [ [ [ 129.88675760000001, -4.503902499999981 ], [ 129.886831800000095, -4.503085899999974 ], [ 129.887908200000084, -4.503828299999952 ], [ 129.88675760000001, -4.503902499999981 ] ] ], [ [ [ 129.934562800000094, -4.494734899999969 ], [ 129.938571300000035, -4.496293699999967 ], [ 129.936678400000119, -4.500376499999959 ], [ 129.93645570000001, -4.497073199999932 ], [ 129.934562800000094, -4.494734899999969 ] ] ] ] } },
{ "type": "Feature", "properties": { "kab_kota": "Maluku Tenggara", "provinsi": "Maluku", "regency_code": "id8102" }, "geometry": { "type": "MultiPolygon", "coordinates": [ [ [ [ 132.46627930000011, -5.990197699999953 ], [ 132.471092500000054, -5.996078099999977 ], [ 132.467318, -6.009964099999934 ], [ 132.470407600000044, -6.011702899999932 ], [ 132.470318300000031, -6.016443699999968 ], [ 132.457559, -6.029457799999932 ], [ 132.447673400000099, -6.031163599999957 ], [ 132.439969500000075, -6.037991699999964 ], [ 132.436638700000117, -6.032599 ], [ 132.433191100000045, -6.031988399999932 ], [ 132.4279322000001, -6.008955 ], [ 132.430867300000045, -6.008702099999937 ], [ 132.433772, -6.012549699999965 ], [ 132.442718500000069, -6.008627599999954 ], [ 132.452233600000113, -6.01798569999994 ], [ 132.452018900000098, -6.021115099999975 ], [ 132.456847, -6.01466419999997 ], [ 132.461279300000115, -6.015528699999948 ], [ 132.459672200000114, -6.002894799999979 ], [ 132.464683800000103, -5.996582199999978 ], [ 132.46627930000011, -5.990197699999953 ] ] ], [ [ [ 132.453892700000097, -6.007873699999948 ], [ 132.455320800000095, -6.010576399999934 ], [ 132.452571100000114, -6.008327 ], [ 132.453892700000097, -6.007873699999948 ] ] ], [ [ [ 132.456380400000057, -6.006038 ], [ 132.455289600000015, -6.005080799999973 ], [ 132.455212, -6.00469419999996 ], [ 132.456380400000057, -6.006038 ] ] ], [ [ [ 132.461853, -5.920198699999958 ], [ 132.462492900000029, -5.91854619999998 ], [ 132.462508200000116, -5.921001 ], [ 132.461853, -5.920198699999958 ] ] ], [ [ [ 132.469451, -5.901395599999944 ], [ 132.464945200000102, -5.909767399999964 ], [ 132.463577800000053, -5.914851799999951 ], [ 132.460985900000082, -5.904745499999933 ], [ 132.469451, -5.901395599999944 ] ] ], [ [ [ 132.53187800000012, -5.887017199999946 ], [ 132.538866, -5.91043609999997 ], [ 132.532943600000067, -5.917899499999976 ], [ 132.525400200000036, -5.920893299999932 ], [ 132.518683800000076, -5.911953299999936 ], [ 132.516070700000114, -5.900279199999943 ], [ 132.517584, -5.890778099999977 ], [ 132.527983400000039, -5.874742699999956 ], [ 132.534974700000021, -5.878318499999978 ], [ 132.53187800000012, -5.887017199999946 ] ] ], [ [ [ 132.671763900000087, -5.907987 ], [ 132.665614700000106, -5.902026 ], [ 132.67004380000003, -5.876721199999963 ], [ 132.6733398, -5.870171399999947 ], [ 132.671844600000099, -5.850964699999963 ], [ 132.677185300000019, -5.841797099999951 ], [ 132.687790300000074, -5.839926499999933 ], [ 132.690796300000102, -5.833093 ], [ 132.68901290000008, -5.80573 ], [ 132.677324700000099, -5.797369199999935 ], [ 132.669878400000016, -5.784172299999966 ], [ 132.669146, -5.775777599999969 ], [ 132.674776400000042, -5.76217349999996 ], [ 132.675875, -5.744198199999971 ], [ 132.680803500000025, -5.748621299999968 ], [ 132.691286300000115, -5.751415 ], [ 132.691164300000082, -5.769895299999973 ], [ 132.701082500000098, -5.793707899999958 ], [ 132.701204700000062, -5.808730699999956 ], [ 132.709806900000103, -5.824397399999953 ], [ 132.710066300000108, -5.836299699999927 ], [ 132.70141620000004, -5.860466599999938 ], [ 132.695602500000064, -5.86900339999994 ], [ 132.69744490000005, -5.873702499999979 ], [ 132.702648200000112, -5.874167399999976 ], [ 132.709701500000051, -5.870983599999931 ], [ 132.71074150000004, -5.852604699999972 ], [ 132.716600800000037, -5.832606699999928 ], [ 132.705736500000057, -5.803488799999968 ], [ 132.7013114, -5.784264199999939 ], [ 132.698808900000017, -5.756897199999969 ], [ 132.69616910000002, -5.751752099999976 ], [ 132.68029080000008, -5.73729179999998 ], [ 132.6784861000001, -5.728944099999978 ], [ 132.680539200000112, -5.725090299999977 ], [ 132.677590800000075, -5.727149699999927 ], [ 132.660956, -5.713574199999925 ], [ 132.656090800000015, -5.717094 ], [ 132.648928, -5.712269399999968 ], [ 132.647936100000038, -5.706699 ], [ 132.654337500000111, -5.694077399999969 ], [ 132.653402200000073, -5.677063299999929 ], [ 132.657895200000098, -5.681816799999979 ], [ 132.658136800000079, -5.675217099999941 ], [ 132.655030200000056, -5.670038699999964 ], [ 132.654832300000066, -5.677643099999955 ], [ 132.650379900000075, -5.668776199999968 ], [ 132.6445893, -5.677912299999946 ], [ 132.639861100000076, -5.673362699999927 ], [ 132.634884, -5.675122399999964 ], [ 132.633429600000113, -5.66880279999998 ], [ 132.637835100000075, -5.656316799999956 ], [ 132.636124500000051, -5.637595799999929 ], [ 132.640020700000036, -5.640161599999942 ], [ 132.639735800000039, -5.637120699999969 ], [ 132.636409500000013, -5.630373499999962 ], [ 132.634318900000039, -5.63569519999993 ], [ 132.62605120000012, -5.618684899999948 ], [ 132.612556900000072, -5.606331 ], [ 132.609991100000116, -5.594832399999973 ], [ 132.6157879000001, -5.596257799999933 ], [ 132.625566500000104, -5.611846899999932 ], [ 132.649453100000073, -5.615928199999928 ], [ 132.654092500000047, -5.618021599999963 ], [ 132.662070200000016, -5.629111099999932 ], [ 132.669368900000109, -5.630469 ], [ 132.674857100000054, -5.629846599999951 ], [ 132.677742600000101, -5.626282099999969 ], [ 132.679836, -5.622038599999939 ], [ 132.679779400000029, -5.611175399999979 ], [ 132.68555050000009, -5.604216199999939 ], [ 132.710558400000082, -5.590354199999979 ], [ 132.709706500000038, -5.606027799999936 ], [ 132.712205400000016, -5.612866099999962 ], [ 132.710876100000064, -5.62527259999996 ], [ 132.706881400000043, -5.631238899999971 ], [ 132.708548400000041, -5.629867799999943 ], [ 132.712402900000029, -5.642912699999954 ], [ 132.711472, -5.652457 ], [ 132.710236200000054, -5.65386929999994 ], [ 132.706882, -5.651221299999975 ], [ 132.700173600000085, -5.650691699999925 ], [ 132.703527800000074, -5.64857319999993 ], [ 132.704613400000085, -5.636728299999959 ], [ 132.703216400000088, -5.637449899999979 ], [ 132.705766200000085, -5.630290299999956 ], [ 132.705227400000012, -5.628101899999933 ], [ 132.700370500000076, -5.628398499999946 ], [ 132.694668100000058, -5.638929 ], [ 132.696053300000017, -5.642753299999981 ], [ 132.693734600000084, -5.656846099999939 ], [ 132.696926600000097, -5.659375499999953 ], [ 132.707616600000051, -5.65624379999997 ], [ 132.71135060000006, -5.658743099999981 ], [ 132.717421300000069, -5.65763469999996 ], [ 132.716892600000051, -5.660423699999967 ], [ 132.719626800000015, -5.660385299999973 ], [ 132.723955300000057, -5.65705 ], [ 132.725975400000038, -5.650972 ], [ 132.723694, -5.650872399999969 ], [ 132.722771500000022, -5.645148799999959 ], [ 132.729554900000039, -5.648289599999941 ], [ 132.729977800000029, -5.645096099999932 ], [ 132.736101400000052, -5.647727599999939 ], [ 132.74187070000005, -5.643798499999946 ], [ 132.743945100000019, -5.655934499999944 ], [ 132.737757200000033, -5.672381299999927 ], [ 132.740208300000063, -5.683710099999928 ], [ 132.738481700000079, -5.691941399999962 ], [ 132.743125, -5.693309099999965 ], [ 132.745585300000016, -5.697506099999941 ], [ 132.747468700000013, -5.71473229999998 ], [ 132.753017200000045, -5.726643399999944 ], [ 132.758902300000045, -5.732920799999931 ], [ 132.763610400000061, -5.746783499999935 ], [ 132.765702900000065, -5.745868 ], [ 132.76021, -5.718796599999962 ], [ 132.767402900000093, -5.716573299999936 ], [ 132.773418800000059, -5.718011799999942 ], [ 132.778911600000015, -5.728212699999972 ], [ 132.779304, -5.731613 ], [ 132.774461500000029, -5.736068699999976 ], [ 132.772895800000015, -5.742337 ], [ 132.774726700000087, -5.752276199999926 ], [ 132.77184960000011, -5.758946 ], [ 132.772242000000119, -5.766139 ], [ 132.779827200000113, -5.779217 ], [ 132.774465300000088, -5.783925099999976 ], [ 132.771849700000075, -5.77581669999995 ], [ 132.769103300000097, -5.775293599999941 ], [ 132.772242100000085, -5.813612199999966 ], [ 132.774726900000019, -5.813219799999956 ], [ 132.777473300000111, -5.804196 ], [ 132.774726900000019, -5.786933 ], [ 132.781396600000107, -5.777778399999931 ], [ 132.786366200000089, -5.778039899999953 ], [ 132.790028100000086, -5.775424299999941 ], [ 132.793951500000048, -5.784055799999976 ], [ 132.804544700000065, -5.78824069999996 ], [ 132.810429800000065, -5.804457399999933 ], [ 132.81186850000006, -5.834406099999967 ], [ 132.815530400000057, -5.849968899999965 ], [ 132.7980060000001, -5.866839599999935 ], [ 132.797744500000022, -5.878479099999936 ], [ 132.79277490000004, -5.88894149999993 ], [ 132.787936100000024, -5.925167599999952 ], [ 132.782966500000043, -5.929221799999937 ], [ 132.783228100000088, -5.939684299999954 ], [ 132.776427600000034, -5.944653899999935 ], [ 132.769757800000093, -5.945831 ], [ 132.758118400000058, -5.943084599999963 ], [ 132.750663900000063, -5.948185099999932 ], [ 132.733924100000081, -5.952893199999949 ], [ 132.724900300000058, -5.952631699999927 ], [ 132.722284700000046, -5.950277699999958 ], [ 132.720846100000017, -5.943477099999939 ], [ 132.726469600000087, -5.927652699999953 ], [ 132.725161700000058, -5.920067399999937 ], [ 132.730820600000015, -5.896101899999962 ], [ 132.7210655, -5.89045219999997 ], [ 132.717983100000083, -5.896308199999964 ], [ 132.71483980000005, -5.892321299999935 ], [ 132.714092, -5.907010399999933 ], [ 132.717708200000061, -5.925555199999962 ], [ 132.713893400000075, -5.932975299999953 ], [ 132.705455200000074, -5.938040199999932 ], [ 132.697505200000023, -5.949200499999961 ], [ 132.692241, -5.936435 ], [ 132.693965400000025, -5.927028399999926 ], [ 132.698253200000067, -5.921040799999957 ], [ 132.696040800000105, -5.909039599999971 ], [ 132.68999830000007, -5.902904099999944 ], [ 132.671763900000087, -5.907987 ] ] ], [ [ [ 132.5237356, -5.844123499999966 ], [ 132.524445400000104, -5.839594099999943 ], [ 132.527652200000034, -5.838001199999951 ], [ 132.541991400000029, -5.841334099999926 ], [ 132.549252100000103, -5.857459699999936 ], [ 132.558600200000114, -5.860418 ], [ 132.556685500000071, -5.866866399999935 ], [ 132.551198500000055, -5.871099 ], [ 132.541205400000081, -5.868161599999951 ], [ 132.527646700000105, -5.856145199999958 ], [ 132.5237356, -5.844123499999966 ] ] ], [ [ [ 132.602396200000044, -5.83510629999995 ], [ 132.610725000000116, -5.849304 ], [ 132.610608900000102, -5.856391899999949 ], [ 132.604283, -5.859708099999978 ], [ 132.594104600000037, -5.859234 ], [ 132.589451700000041, -5.851661899999954 ], [ 132.589115100000072, -5.84661449999993 ], [ 132.599576300000081, -5.834455699999978 ], [ 132.602396200000044, -5.83510629999995 ] ] ], [ [ [ 132.567231700000093, -5.818236199999944 ], [ 132.581921700000066, -5.818754499999955 ], [ 132.590136500000085, -5.825928099999942 ], [ 132.591462400000069, -5.830049299999928 ], [ 132.597077, -5.832165799999927 ], [ 132.593516, -5.832856099999958 ], [ 132.588727300000073, -5.838646799999935 ], [ 132.58544350000011, -5.838716399999953 ], [ 132.579327100000114, -5.83110929999998 ], [ 132.569527300000118, -5.824957 ], [ 132.567231700000093, -5.818236199999944 ] ] ], [ [ [ 132.596898700000111, -5.81621789999997 ], [ 132.59381170000006, -5.822841 ], [ 132.58817160000001, -5.813267899999971 ], [ 132.590463100000079, -5.810113799999954 ], [ 132.596898700000111, -5.81621789999997 ] ] ], [ [ [ 132.621117600000048, -5.79425 ], [ 132.624048600000037, -5.810534 ], [ 132.622223700000063, -5.814011599999958 ], [ 132.615600600000107, -5.80247259999993 ], [ 132.61713450000002, -5.794309799999951 ], [ 132.621117600000048, -5.79425 ] ] ], [ [ [ 132.573279400000047, -5.795474699999943 ], [ 132.577343800000108, -5.795253799999955 ], [ 132.575849800000015, -5.796280199999956 ], [ 132.573279400000047, -5.795474699999943 ] ] ], [ [ [ 132.627337400000101, -5.787899299999935 ], [ 132.631050600000094, -5.779269499999941 ], [ 132.633104000000117, -5.780718899999954 ], [ 132.631311800000049, -5.789661699999954 ], [ 132.62879010000006, -5.790249 ], [ 132.627337400000101, -5.787899299999935 ] ] ], [ [ [ 132.562453100000084, -5.779471299999955 ], [ 132.569990700000062, -5.782358899999963 ], [ 132.56454430000008, -5.786267 ], [ 132.560847600000102, -5.783051499999942 ], [ 132.562453100000084, -5.779471299999955 ] ] ], [ [ [ 132.579047200000105, -5.755817799999932 ], [ 132.577611100000013, -5.756839599999978 ], [ 132.575134500000104, -5.756853699999965 ], [ 132.576319500000068, -5.75564 ], [ 132.579047200000105, -5.755817799999932 ] ] ], [ [ [ 132.560326600000053, -5.751322099999925 ], [ 132.557050200000049, -5.746991599999944 ], [ 132.558878800000116, -5.743687299999976 ], [ 132.560772200000088, -5.747605299999975 ], [ 132.560326600000053, -5.751322099999925 ] ] ], [ [ [ 132.650560800000108, -5.748628599999961 ], [ 132.653520900000103, -5.740817499999935 ], [ 132.658678400000099, -5.740747399999975 ], [ 132.663957900000014, -5.736415799999975 ], [ 132.657183100000111, -5.754295199999945 ], [ 132.650560800000108, -5.748628599999961 ] ] ], [ [ [ 132.683395500000074, -5.743185799999935 ], [ 132.680131700000061, -5.744328899999971 ], [ 132.681859700000018, -5.740051 ], [ 132.683395500000074, -5.743185799999935 ] ] ], [ [ [ 132.567856900000038, -5.740934899999957 ], [ 132.569895700000075, -5.739853 ], [ 132.571771300000023, -5.740076199999976 ], [ 132.570963500000062, -5.741392899999937 ], [ 132.567856900000038, -5.740934899999957 ] ] ], [ [ [ 132.589514100000088, -5.733462699999961 ], [ 132.589119300000107, -5.73195439999995 ], [ 132.5904594000001, -5.733495399999981 ], [ 132.589514100000088, -5.733462699999961 ] ] ], [ [ [ 132.563590700000077, -5.72809929999994 ], [ 132.563547100000051, -5.733425 ], [ 132.558466100000032, -5.735770899999977 ], [ 132.556099600000039, -5.729705799999977 ], [ 132.56086090000008, -5.726161699999977 ], [ 132.563590700000077, -5.72809929999994 ] ] ], [ [ [ 132.556143900000052, -5.722655 ], [ 132.555578800000035, -5.729224099999954 ], [ 132.55395210000006, -5.72606049999996 ], [ 132.556143900000052, -5.722655 ] ] ], [ [ [ 132.630697900000087, -5.727446799999939 ], [ 132.629753, -5.722073899999941 ], [ 132.631527300000016, -5.717358 ], [ 132.634615500000109, -5.724067 ], [ 132.630697900000087, -5.727446799999939 ] ] ], [ [ [ 132.56880010000009, -5.710249899999951 ], [ 132.579540400000042, -5.715997399999935 ], [ 132.57359740000004, -5.714451399999973 ], [ 132.569392100000073, -5.717513699999927 ], [ 132.565164500000037, -5.716816599999959 ], [ 132.561477300000092, -5.710979399999928 ], [ 132.556485400000042, -5.71263689999995 ], [ 132.559791, -5.706639 ], [ 132.565149, -5.710639599999979 ], [ 132.56880010000009, -5.710249899999951 ] ] ], [ [ [ 132.570151100000089, -5.710176 ], [ 132.569496800000024, -5.710245 ], [ 132.569375500000092, -5.710122599999977 ], [ 132.570151100000089, -5.710176 ] ] ], [ [ [ 132.565244100000086, -5.70984679999998 ], [ 132.564408500000013, -5.70927649999993 ], [ 132.564574200000038, -5.709047599999963 ], [ 132.565244100000086, -5.70984679999998 ] ] ], [ [ [ 132.620600500000023, -5.696360899999945 ], [ 132.623052100000109, -5.702312899999981 ], [ 132.627176600000098, -5.703376899999967 ], [ 132.61834650000003, -5.707487799999967 ], [ 132.612788, -5.700692 ], [ 132.615540100000089, -5.696136699999954 ], [ 132.620600500000023, -5.696360899999945 ] ] ], [ [ [ 132.632460300000048, -5.684889699999928 ], [ 132.634842200000094, -5.689168399999971 ], [ 132.630938400000105, -5.69217759999998 ], [ 132.632460300000048, -5.684889699999928 ] ] ], [ [ [ 132.5927378, -5.619873299999938 ], [ 132.595423400000072, -5.624104699999975 ], [ 132.593836500000066, -5.628883099999939 ], [ 132.58861800000011, -5.629362799999967 ], [ 132.577082400000108, -5.61910759999995 ], [ 132.577906400000074, -5.617285099999947 ], [ 132.5927378, -5.619873299999938 ] ] ], [ [ [ 132.585430600000109, -5.568589399999951 ], [ 132.586997900000028, -5.563525899999945 ], [ 132.592901100000063, -5.565157099999965 ], [ 132.593132100000048, -5.569376599999941 ], [ 132.588786800000094, -5.572027699999978 ], [ 132.585430600000109, -5.568589399999951 ] ] ], [ [ [ 132.558015800000021, -5.558067599999958 ], [ 132.562437900000077, -5.559377299999937 ], [ 132.570313100000021, -5.565484 ], [ 132.563729800000033, -5.564428499999963 ], [ 132.558015800000021, -5.558067599999958 ] ] ], [ [ [ 132.75659690000009, -5.712232799999981 ], [ 132.754757, -5.71014 ], [ 132.754642000000104, -5.708996299999967 ], [ 132.75659690000009, -5.712232799999981 ] ] ], [ [ [ 132.758088300000054, -5.700226099999952 ], [ 132.764106200000015, -5.702469 ], [ 132.766451900000106, -5.710834899999952 ], [ 132.761694100000113, -5.716130799999974 ], [ 132.758594100000096, -5.715095 ], [ 132.758747, -5.711374099999944 ], [ 132.75360790000002, -5.704202799999962 ], [ 132.758088300000054, -5.700226099999952 ] ] ], [ [ [ 132.711227200000053, -5.624618699999928 ], [ 132.71259550000002, -5.622672499999965 ], [ 132.711210800000117, -5.625149599999929 ], [ 132.711227200000053, -5.624618699999928 ] ] ], [ [ [ 132.716636000000108, -5.622372599999949 ], [ 132.716391300000055, -5.622687399999961 ], [ 132.716263200000071, -5.622457299999951 ], [ 132.716636000000108, -5.622372599999949 ] ] ], [ [ [ 132.714414300000044, -5.62275139999997 ], [ 132.714990700000044, -5.621878299999935 ], [ 132.71526080000001, -5.622395899999958 ], [ 132.714414300000044, -5.62275139999997 ] ] ], [ [ [ 132.712872900000093, -5.621324699999946 ], [ 132.714090100000021, -5.621415499999955 ], [ 132.7126541, -5.622357 ], [ 132.712872900000093, -5.621324699999946 ] ] ], [ [ [ 132.713384100000098, -5.618801099999928 ], [ 132.71361150000007, -5.619275499999958 ], [ 132.713496500000019, -5.619375499999933 ], [ 132.713384100000098, -5.618801099999928 ] ] ], [ [ [ 132.712554800000021, -5.616557199999932 ], [ 132.713353600000119, -5.616973399999949 ], [ 132.712333100000023, -5.617431099999976 ], [ 132.712554800000021, -5.616557199999932 ] ] ], [ [ [ 132.842880300000047, -6.002182499999947 ], [ 132.846941800000081, -5.99154429999993 ], [ 132.84700620000001, -5.982605599999943 ], [ 132.8695169, -5.937864799999943 ], [ 132.86708150000004, -5.926748099999941 ], [ 132.871679900000117, -5.925427199999945 ], [ 132.872754200000031, -5.914269099999956 ], [ 132.86884150000003, -5.911764099999971 ], [ 132.868048700000031, -5.90417709999997 ], [ 132.872551300000055, -5.90075 ], [ 132.875214600000049, -5.903547499999945 ], [ 132.8785673000001, -5.901942899999938 ], [ 132.879629600000044, -5.905235699999935 ], [ 132.885104100000035, -5.907262199999934 ], [ 132.887472700000103, -5.903439299999945 ], [ 132.88640840000005, -5.898756699999979 ], [ 132.888804900000082, -5.895815599999935 ], [ 132.887161300000116, -5.890366299999926 ], [ 132.8849126, -5.889732099999947 ], [ 132.886158400000113, -5.887214399999948 ], [ 132.88058500000011, -5.886900299999979 ], [ 132.872316500000011, -5.87943619999993 ], [ 132.875905900000021, -5.876242299999944 ], [ 132.879011900000023, -5.869790599999931 ], [ 132.878595800000085, -5.863768299999947 ], [ 132.880746700000032, -5.862444699999969 ], [ 132.877000200000111, -5.856308899999931 ], [ 132.882235200000082, -5.859955399999933 ], [ 132.886431400000106, -5.858027799999945 ], [ 132.887988900000096, -5.861466099999973 ], [ 132.891674600000101, -5.857943 ], [ 132.891010600000072, -5.855058199999974 ], [ 132.886373700000036, -5.853524799999946 ], [ 132.886075300000016, -5.849511299999961 ], [ 132.881670400000075, -5.84503669999998 ], [ 132.882444100000043, -5.841744799999958 ], [ 132.885688400000049, -5.83724529999995 ], [ 132.890815100000054, -5.836972699999933 ], [ 132.893267800000103, -5.83298579999996 ], [ 132.898946200000069, -5.832068199999981 ], [ 132.898482400000034, -5.82704339999998 ], [ 132.90788740000005, -5.820579599999974 ], [ 132.911153700000114, -5.811877 ], [ 132.907588800000099, -5.803525699999966 ], [ 132.910870800000112, -5.801149599999974 ], [ 132.912775300000021, -5.79437779999995 ], [ 132.91933860000006, -5.790397799999937 ], [ 132.922031, -5.784638599999937 ], [ 132.924837500000081, -5.78455619999994 ], [ 132.924764500000038, -5.78165869999998 ], [ 132.937052000000108, -5.77799669999996 ], [ 132.935613000000103, -5.773063899999954 ], [ 132.937175800000091, -5.770447399999966 ], [ 132.929347700000108, -5.762133699999936 ], [ 132.930836100000079, -5.754326299999946 ], [ 132.937304300000051, -5.751930099999981 ], [ 132.94095260000006, -5.742516299999977 ], [ 132.938567300000045, -5.739651699999968 ], [ 132.938750500000083, -5.734517899999958 ], [ 132.943431900000064, -5.725644799999941 ], [ 132.94022, -5.723614399999974 ], [ 132.9420937000001, -5.714883 ], [ 132.939540500000021, -5.711938299999929 ], [ 132.946169900000086, -5.699182699999938 ], [ 132.940921600000024, -5.687626699999953 ], [ 132.945901800000115, -5.678453499999932 ], [ 132.956233000000111, -5.674783799999943 ], [ 132.9530449, -5.670390399999974 ], [ 132.964617200000021, -5.658413 ], [ 132.963732500000106, -5.652165 ], [ 132.977261000000112, -5.639917099999934 ], [ 132.978270400000042, -5.642159599999957 ], [ 132.975163, -5.64825019999995 ], [ 132.976273600000013, -5.654710799999975 ], [ 132.979228700000021, -5.65776859999994 ], [ 132.986584900000025, -5.657626799999946 ], [ 132.995004700000095, -5.650815 ], [ 133.000168500000086, -5.652027499999974 ], [ 133.005059700000061, -5.649193799999978 ], [ 133.004805200000078, -5.641930399999978 ], [ 133.009856900000045, -5.631003799999974 ], [ 133.007328900000061, -5.622381699999949 ], [ 133.008720900000071, -5.617477799999961 ], [ 133.010939200000053, -5.61393309999994 ], [ 133.020674900000017, -5.610844 ], [ 133.012910100000113, -5.598804799999925 ], [ 133.013499800000091, -5.591752399999962 ], [ 133.018610200000012, -5.585633099999939 ], [ 133.019998800000053, -5.576864599999965 ], [ 133.027567, -5.561564799999928 ], [ 133.028345200000103, -5.549638199999947 ], [ 133.038156500000014, -5.540812399999936 ], [ 133.034982700000114, -5.534235899999942 ], [ 133.041574400000059, -5.529023099999961 ], [ 133.043573300000048, -5.523354499999925 ], [ 133.044229300000097, -5.497153299999979 ], [ 133.050653200000056, -5.487740599999938 ], [ 133.051660200000015, -5.470802899999967 ], [ 133.055535900000109, -5.46413 ], [ 133.054116800000088, -5.455456899999945 ], [ 133.067732800000044, -5.423310499999957 ], [ 133.073637900000108, -5.417704299999968 ], [ 133.07524, -5.388036099999965 ], [ 133.089232200000083, -5.374030399999981 ], [ 133.092589, -5.366386699999964 ], [ 133.096251100000018, -5.351024499999937 ], [ 133.0952287, -5.342288399999973 ], [ 133.099821600000041, -5.333533699999975 ], [ 133.101377900000102, -5.323956899999928 ], [ 133.106352300000026, -5.31853579999995 ], [ 133.111982600000033, -5.294858 ], [ 133.117948800000022, -5.285566399999936 ], [ 133.117735100000118, -5.281770299999948 ], [ 133.12286210000002, -5.27911 ], [ 133.127439700000082, -5.292460399999925 ], [ 133.131345900000042, -5.292408 ], [ 133.137357800000018, -5.28196429999997 ], [ 133.151350100000059, -5.272218699999939 ], [ 133.155546200000117, -5.27705519999995 ], [ 133.153333700000076, -5.278811899999937 ], [ 133.153761, -5.287334399999963 ], [ 133.15870480000001, -5.282365699999957 ], [ 133.161008800000104, -5.282852599999956 ], [ 133.164457300000095, -5.288677599999971 ], [ 133.177976600000079, -5.296035099999926 ], [ 133.190336200000047, -5.311640499999953 ], [ 133.189298700000109, -5.340149499999939 ], [ 133.187162500000113, -5.344265599999972 ], [ 133.183225700000094, -5.34593069999994 ], [ 133.180875900000046, -5.340781799999945 ], [ 133.17860230000008, -5.342424499999936 ], [ 133.167967, -5.356038699999942 ], [ 133.157682800000089, -5.401712399999951 ], [ 133.156035, -5.427409099999977 ], [ 133.15115220000007, -5.431907599999931 ], [ 133.149077100000113, -5.459452 ], [ 133.145089400000074, -5.463473599999929 ], [ 133.13999160000003, -5.488882199999978 ], [ 133.13465240000005, -5.497135899999932 ], [ 133.120507800000041, -5.565773 ], [ 133.114618, -5.572127399999943 ], [ 133.108326500000089, -5.587248799999941 ], [ 133.103054, -5.591810599999974 ], [ 133.102074100000095, -5.599510399999929 ], [ 133.0843585, -5.625697899999977 ], [ 133.078872800000113, -5.629593499999942 ], [ 133.066288700000086, -5.629614099999969 ], [ 133.039568600000052, -5.64673879999998 ], [ 133.007424800000081, -5.68142649999993 ], [ 133.002908300000058, -5.693195299999957 ], [ 132.997423100000105, -5.701165199999934 ], [ 132.99434610000003, -5.700712799999962 ], [ 132.994878600000106, -5.702814799999942 ], [ 132.984913600000027, -5.714759399999934 ], [ 132.977435700000115, -5.728894199999957 ], [ 132.970812400000113, -5.733089399999926 ], [ 132.962517800000114, -5.743386899999962 ], [ 132.963012700000036, -5.75067649999994 ], [ 132.957979800000089, -5.758902499999976 ], [ 132.952652400000034, -5.777084 ], [ 132.9488526, -5.809078 ], [ 132.945647200000053, -5.812443299999927 ], [ 132.946532100000013, -5.817402799999968 ], [ 132.942186100000072, -5.823683899999935 ], [ 132.943939700000101, -5.831170799999938 ], [ 132.948473300000046, -5.831987799999979 ], [ 132.949811300000079, -5.840479499999958 ], [ 132.954120900000021, -5.842316899999958 ], [ 132.956653500000016, -5.84100049999995 ], [ 132.954582300000084, -5.847181699999965 ], [ 132.960278500000072, -5.854761599999961 ], [ 132.958645600000068, -5.85845489999997 ], [ 132.956615500000112, -5.857059 ], [ 132.954483600000117, -5.859030599999926 ], [ 132.956458000000111, -5.861934499999961 ], [ 132.953429200000073, -5.865911399999959 ], [ 132.952760800000078, -5.874632599999927 ], [ 132.949125300000105, -5.87981469999994 ], [ 132.933831600000076, -5.883987099999956 ], [ 132.925439400000073, -5.895298899999943 ], [ 132.924467900000081, -5.90088 ], [ 132.916334100000086, -5.902218 ], [ 132.916573500000027, -5.909738 ], [ 132.913099300000113, -5.908400699999959 ], [ 132.908796600000073, -5.913976599999955 ], [ 132.909982900000045, -5.917053099999976 ], [ 132.906411300000059, -5.920308199999965 ], [ 132.907321700000011, -5.92688 ], [ 132.900850400000081, -5.93109039999996 ], [ 132.902166600000101, -5.937669199999959 ], [ 132.894739600000094, -5.952710099999933 ], [ 132.886845600000015, -5.956732299999942 ], [ 132.876111800000103, -5.95616 ], [ 132.871591200000012, -5.959443399999941 ], [ 132.863301500000034, -5.968612299999961 ], [ 132.858453700000041, -5.979935799999964 ], [ 132.851463100000046, -5.986356 ], [ 132.853439700000081, -5.987733799999944 ], [ 132.852460400000041, -5.993562499999939 ], [ 132.845427300000097, -6.006985799999939 ], [ 132.842880300000047, -6.002182499999947 ] ] ], [ [ [ 132.782401, -5.730656499999952 ], [ 132.790964800000097, -5.745803699999954 ], [ 132.791680400000018, -5.772619499999962 ], [ 132.783682100000078, -5.77670779999994 ], [ 132.780001, -5.769948599999964 ], [ 132.781418500000086, -5.761601 ], [ 132.779502800000046, -5.752187899999967 ], [ 132.778755200000091, -5.758708499999955 ], [ 132.775859100000048, -5.758882599999936 ], [ 132.776221600000099, -5.745886799999937 ], [ 132.778393600000072, -5.74491949999998 ], [ 132.776568200000042, -5.735403 ], [ 132.779293100000018, -5.734255399999938 ], [ 132.782747100000051, -5.738708599999939 ], [ 132.782401, -5.730656499999952 ] ] ], [ [ [ 132.802024500000016, -5.730064499999969 ], [ 132.80366980000008, -5.76202829999994 ], [ 132.803043100000082, -5.769000799999958 ], [ 132.798655900000085, -5.767198899999926 ], [ 132.794660400000112, -5.761009899999976 ], [ 132.799596, -5.754429099999925 ], [ 132.79238840000005, -5.737193699999978 ], [ 132.78901970000004, -5.736097 ], [ 132.792466800000057, -5.730142899999976 ], [ 132.783065700000066, -5.728262699999959 ], [ 132.785494300000096, -5.724815699999965 ], [ 132.798342400000024, -5.724110499999938 ], [ 132.802024500000016, -5.730064499999969 ] ] ], [ [ [ 132.997381300000029, -5.642101899999943 ], [ 133.000207600000067, -5.640675199999976 ], [ 132.999171400000023, -5.643579199999976 ], [ 132.997381300000029, -5.642101899999943 ] ] ], [ [ [ 132.979178100000013, -5.624223899999947 ], [ 132.984258600000089, -5.634806899999944 ], [ 132.982770600000094, -5.639475199999936 ], [ 132.977224, -5.63343059999994 ], [ 132.980770900000039, -5.629166299999952 ], [ 132.978130400000055, -5.627064799999971 ], [ 132.979178100000013, -5.624223899999947 ] ] ], [ [ [ 133.003151400000093, -5.627599799999928 ], [ 133.002200400000106, -5.627072699999928 ], [ 133.002749700000095, -5.625646499999959 ], [ 133.003151400000093, -5.627599799999928 ] ] ], [ [ [ 133.003611400000068, -5.62241279999995 ], [ 133.003518100000065, -5.62175469999994 ], [ 133.003664300000082, -5.620888 ], [ 133.003611400000068, -5.62241279999995 ] ] ] ] } },
{ "type": "Feature", "properties": { "kab_kota": "Pulau Morotai", "provinsi": "Maluku Utara", "regency_code": "id8207" }, "geometry": { "type": "MultiPolygon", "coordinates": [ [ [ [ 128.22712510000008, 1.963877900000057 ], [ 128.232067200000074, 1.968870800000047 ], [ 128.235014700000079, 1.966482400000075 ], [ 128.231266800000071, 1.96291240000005 ], [ 128.22712510000008, 1.963877900000057 ] ] ], [ [ [ 128.294289300000059, 2.013272100000052 ], [ 128.291876500000058, 2.007961200000068 ], [ 128.276950200000101, 1.992892100000063 ], [ 128.259761, 1.980464100000063 ], [ 128.27801640000007, 2.005977400000063 ], [ 128.291767, 2.045561100000043 ], [ 128.289209500000084, 2.049945500000035 ], [ 128.291048200000091, 2.049686 ], [ 128.293236600000114, 2.054416300000071 ], [ 128.290777500000104, 2.057307800000046 ], [ 128.291344500000037, 2.06184520000005 ], [ 128.284467900000095, 2.07023270000002 ], [ 128.285553800000116, 2.077568300000053 ], [ 128.278856200000064, 2.08757090000006 ], [ 128.270339300000046, 2.082288900000037 ], [ 128.253408600000057, 2.093604400000061 ], [ 128.25440130000004, 2.102087300000051 ], [ 128.249447700000019, 2.110867600000063 ], [ 128.250720300000012, 2.117395200000033 ], [ 128.246033800000077, 2.123700500000041 ], [ 128.248174500000118, 2.143037600000071 ], [ 128.243351500000017, 2.15810330000005 ], [ 128.248174500000118, 2.173900800000069 ], [ 128.249347900000089, 2.189710200000036 ], [ 128.24805, 2.199016900000061 ], [ 128.239872900000023, 2.205318600000055 ], [ 128.245163100000013, 2.215076 ], [ 128.245824900000116, 2.23403380000002 ], [ 128.249715400000014, 2.237884200000053 ], [ 128.24898010000004, 2.242790700000057 ], [ 128.245611, 2.24306480000007 ], [ 128.249341100000038, 2.247563600000035 ], [ 128.235209600000076, 2.251902 ], [ 128.233917, 2.258371100000033 ], [ 128.230829200000016, 2.258499700000073 ], [ 128.228568500000051, 2.264903200000049 ], [ 128.222684700000059, 2.269657 ], [ 128.224769400000014, 2.27292140000003 ], [ 128.222354200000041, 2.277097600000047 ], [ 128.216075100000012, 2.280219 ], [ 128.201943400000118, 2.277333800000065 ], [ 128.1969851, 2.27875030000007 ], [ 128.197229900000025, 2.280451400000061 ], [ 128.213180700000066, 2.302043100000049 ], [ 128.230547100000081, 2.311127700000043 ], [ 128.2322372000001, 2.316155900000069 ], [ 128.241461100000038, 2.318503 ], [ 128.249140800000077, 2.326811300000031 ], [ 128.248650700000098, 2.330816600000048 ], [ 128.251575300000013, 2.335181200000022 ], [ 128.262444600000094, 2.34223350000002 ], [ 128.265867200000116, 2.350161600000035 ], [ 128.274543900000026, 2.357862300000022 ], [ 128.275720400000068, 2.363136600000075 ], [ 128.28467790000002, 2.372234400000025 ], [ 128.28836780000006, 2.380576900000051 ], [ 128.28623540000001, 2.383979400000044 ], [ 128.287024200000019, 2.390102600000034 ], [ 128.298754, 2.412640500000066 ], [ 128.296247300000118, 2.415722200000062 ], [ 128.297203200000013, 2.42294830000003 ], [ 128.293600100000049, 2.427427100000045 ], [ 128.299121700000114, 2.434579700000029 ], [ 128.296414400000117, 2.438898 ], [ 128.297395400000028, 2.442761200000064 ], [ 128.307838600000082, 2.44813060000007 ], [ 128.312927300000069, 2.458353200000033 ], [ 128.321405200000072, 2.464865800000041 ], [ 128.323841700000116, 2.469022 ], [ 128.322743800000012, 2.471097600000064 ], [ 128.330254, 2.474291200000039 ], [ 128.333176900000012, 2.473188200000038 ], [ 128.3364156, 2.48093410000007 ], [ 128.340682100000095, 2.480417700000032 ], [ 128.342211200000065, 2.484052500000075 ], [ 128.352764100000059, 2.48848 ], [ 128.354156000000103, 2.490757700000074 ], [ 128.35124570000005, 2.489670500000045 ], [ 128.349305400000048, 2.494460500000059 ], [ 128.361804100000086, 2.507696200000055 ], [ 128.372653300000025, 2.508162500000026 ], [ 128.375691500000016, 2.505595500000027 ], [ 128.375882, 2.511797300000069 ], [ 128.380755100000101, 2.514740200000062 ], [ 128.379922900000111, 2.518856300000039 ], [ 128.385422700000049, 2.517703200000028 ], [ 128.397415100000103, 2.526231200000041 ], [ 128.402182900000071, 2.526316400000042 ], [ 128.40252380000004, 2.529149 ], [ 128.407331800000065, 2.525965500000041 ], [ 128.411262400000055, 2.527865600000041 ], [ 128.412345300000084, 2.531515400000046 ], [ 128.410294800000088, 2.532267400000023 ], [ 128.416215700000066, 2.53472910000005 ], [ 128.416506500000082, 2.542349600000023 ], [ 128.419785400000023, 2.544936600000028 ], [ 128.420311800000036, 2.550381300000026 ], [ 128.427771900000039, 2.554086300000051 ], [ 128.429697100000112, 2.568084 ], [ 128.433978600000046, 2.573247900000069 ], [ 128.438836700000024, 2.567271800000071 ], [ 128.445524700000078, 2.569171900000072 ], [ 128.447485, 2.573593800000026 ], [ 128.445404400000029, 2.577880400000026 ], [ 128.451581100000112, 2.581806 ], [ 128.452323100000058, 2.586137700000052 ], [ 128.4554415, 2.584598500000027 ], [ 128.461527900000078, 2.595823800000062 ], [ 128.467840500000079, 2.59662540000005 ], [ 128.4685167, 2.590745100000049 ], [ 128.474247200000036, 2.58697490000003 ], [ 128.476598500000023, 2.58898030000006 ], [ 128.476207400000021, 2.594475100000068 ], [ 128.4838631, 2.585325500000067 ], [ 128.485823400000072, 2.585586200000023 ], [ 128.484670300000062, 2.589361300000064 ], [ 128.486680700000079, 2.589978 ], [ 128.489668700000038, 2.586182800000074 ], [ 128.496898200000032, 2.58384650000005 ], [ 128.499324800000068, 2.578141100000039 ], [ 128.502804100000048, 2.576316200000065 ], [ 128.511557700000026, 2.581044 ], [ 128.51967460000003, 2.576175800000044 ], [ 128.526091900000097, 2.577018100000032 ], [ 128.530393500000059, 2.580492400000026 ], [ 128.530848800000058, 2.587414 ], [ 128.546346300000096, 2.606252200000029 ], [ 128.54335530000003, 2.615317900000036 ], [ 128.548487800000089, 2.627560300000027 ], [ 128.560181900000089, 2.641947300000027 ], [ 128.569183700000053, 2.645286300000066 ], [ 128.58259750000002, 2.634404 ], [ 128.59369, 2.612459600000022 ], [ 128.601774700000078, 2.602541 ], [ 128.61141710000004, 2.581557600000053 ], [ 128.607263100000068, 2.57808650000004 ], [ 128.610624700000017, 2.571112200000073 ], [ 128.614407700000015, 2.566539400000067 ], [ 128.62415390000001, 2.562027200000045 ], [ 128.630425900000091, 2.563899800000058 ], [ 128.632164300000113, 2.550853500000073 ], [ 128.636068600000044, 2.54313540000004 ], [ 128.631716200000028, 2.536765900000034 ], [ 128.632717700000057, 2.53392 ], [ 128.636472200000071, 2.530915800000059 ], [ 128.6444136, 2.533690800000045 ], [ 128.651641, 2.523831700000073 ], [ 128.653821400000083, 2.526832300000024 ], [ 128.658378700000071, 2.525230500000021 ], [ 128.661272200000099, 2.521450400000049 ], [ 128.661447, 2.51302510000005 ], [ 128.669929800000091, 2.504271500000073 ], [ 128.67004350000002, 2.499273200000061 ], [ 128.67331850000005, 2.498559 ], [ 128.677961500000038, 2.505941 ], [ 128.687662600000067, 2.502286200000071 ], [ 128.690526, 2.489758 ], [ 128.692685900000015, 2.460005800000033 ], [ 128.688485400000104, 2.45935860000003 ], [ 128.687442, 2.45606360000005 ], [ 128.692165600000067, 2.442873700000064 ], [ 128.686937200000102, 2.431794900000057 ], [ 128.69287630000008, 2.42763240000005 ], [ 128.693887800000084, 2.422423700000024 ], [ 128.688523500000088, 2.417467400000021 ], [ 128.68811740000001, 2.411629800000071 ], [ 128.683563500000105, 2.406153400000051 ], [ 128.676315300000056, 2.400119500000073 ], [ 128.665756800000054, 2.396122 ], [ 128.663657600000079, 2.391154 ], [ 128.66607410000006, 2.384979800000053 ], [ 128.66528720000008, 2.37952290000004 ], [ 128.657089200000087, 2.376769100000047 ], [ 128.649846, 2.367468400000064 ], [ 128.645147700000052, 2.339974900000072 ], [ 128.641250400000104, 2.332165300000042 ], [ 128.645734200000106, 2.319841100000076 ], [ 128.654148, 2.311198900000022 ], [ 128.647847200000115, 2.300624600000049 ], [ 128.648696200000018, 2.29279 ], [ 128.630106100000035, 2.259986500000025 ], [ 128.621983700000101, 2.230768700000056 ], [ 128.624710500000106, 2.217676900000072 ], [ 128.610562200000118, 2.197468100000037 ], [ 128.602360200000021, 2.193734800000072 ], [ 128.602039000000104, 2.187631500000066 ], [ 128.593273100000033, 2.175046500000064 ], [ 128.594036900000106, 2.168072300000063 ], [ 128.58678430000009, 2.161298 ], [ 128.584300100000064, 2.149069900000029 ], [ 128.576340800000025, 2.140261100000032 ], [ 128.574956, 2.136277900000039 ], [ 128.579510300000038, 2.125663100000054 ], [ 128.577663100000109, 2.111493 ], [ 128.568567, 2.103815700000041 ], [ 128.5604667, 2.105903600000033 ], [ 128.546841300000096, 2.102214900000035 ], [ 128.54219420000004, 2.09089160000002 ], [ 128.532544700000017, 2.081775700000037 ], [ 128.524765700000103, 2.080089300000054 ], [ 128.523443300000054, 2.071496400000058 ], [ 128.518271500000083, 2.066164100000037 ], [ 128.500994800000058, 2.058476 ], [ 128.494356100000118, 2.057838900000036 ], [ 128.488836400000082, 2.062395 ], [ 128.48483710000005, 2.062523500000054 ], [ 128.478850700000066, 2.056940700000041 ], [ 128.470703400000048, 2.054466 ], [ 128.454389800000058, 2.055960300000038 ], [ 128.446405800000093, 2.061343900000054 ], [ 128.400610200000074, 2.057215800000051 ], [ 128.345740200000023, 2.037596800000074 ], [ 128.33365040000001, 2.03783530000004 ], [ 128.323827900000083, 2.034366100000057 ], [ 128.300733400000013, 2.035976500000061 ], [ 128.293417500000032, 2.030417100000022 ], [ 128.294289300000059, 2.013272100000052 ] ] ], [ [ [ 128.225303100000019, 2.020191600000032 ], [ 128.222621700000104, 2.016425900000058 ], [ 128.221386900000084, 2.017186400000071 ], [ 128.222419800000011, 2.01978280000003 ], [ 128.225303100000019, 2.020191600000032 ] ] ], [ [ [ 128.268717300000048, 2.055249100000026 ], [ 128.273653700000068, 2.046338700000035 ], [ 128.272913400000107, 2.043958800000041 ], [ 128.270415400000047, 2.045212700000036 ], [ 128.268080200000099, 2.052735700000028 ], [ 128.268717300000048, 2.055249100000026 ] ] ], [ [ [ 128.214107600000034, 2.053996600000062 ], [ 128.209093500000108, 2.055569500000047 ], [ 128.209641, 2.058167800000035 ], [ 128.214107600000034, 2.053996600000062 ] ] ], [ [ [ 128.251243100000011, 2.058849400000042 ], [ 128.255216700000119, 2.059181700000067 ], [ 128.255285600000093, 2.053355700000054 ], [ 128.252991100000031, 2.053631700000039 ], [ 128.251640100000031, 2.057544200000052 ], [ 128.248873600000024, 2.054993200000069 ], [ 128.246296700000016, 2.055863700000032 ], [ 128.24416460000009, 2.061239600000022 ], [ 128.247872400000119, 2.062480600000072 ], [ 128.251243100000011, 2.058849400000042 ] ] ], [ [ [ 128.266970600000036, 2.067260900000065 ], [ 128.273478300000079, 2.06328080000003 ], [ 128.27093960000002, 2.061921400000074 ], [ 128.266970600000036, 2.067260900000065 ] ] ], [ [ [ 128.272671100000025, 2.078013300000066 ], [ 128.273937, 2.075976500000024 ], [ 128.273622900000078, 2.075110300000063 ], [ 128.269833200000107, 2.077050500000041 ], [ 128.272671100000025, 2.078013300000066 ] ] ], [ [ [ 128.184833100000105, 2.093057800000054 ], [ 128.189547, 2.094561300000066 ], [ 128.193558100000018, 2.090240400000027 ], [ 128.195941700000049, 2.073331200000041 ], [ 128.191567, 2.086401400000057 ], [ 128.186013200000048, 2.088219200000026 ], [ 128.182998400000088, 2.094708200000071 ], [ 128.184833100000105, 2.093057800000054 ] ] ], [ [ [ 128.225230200000055, 2.116374300000075 ], [ 128.223121700000092, 2.11708150000004 ], [ 128.222622400000091, 2.121456800000033 ], [ 128.226229600000011, 2.124645300000054 ], [ 128.225230200000055, 2.116374300000075 ] ] ], [ [ [ 128.21349, 2.121480600000041 ], [ 128.209406800000011, 2.121214100000032 ], [ 128.206018500000027, 2.124221700000021 ], [ 128.210739300000114, 2.12183280000005 ], [ 128.21349, 2.121480600000041 ] ] ], [ [ [ 128.196250300000088, 2.126790800000038 ], [ 128.192658500000107, 2.121699600000056 ], [ 128.187719600000037, 2.124986 ], [ 128.189523200000053, 2.126770800000031 ], [ 128.196250300000088, 2.126790800000038 ] ] ], [ [ [ 128.185588300000063, 2.126855 ], [ 128.183378900000093, 2.126749700000062 ], [ 128.184262600000011, 2.12868560000004 ], [ 128.185588300000063, 2.126855 ] ] ], [ [ [ 128.224597300000028, 2.141016 ], [ 128.23219250000011, 2.13226910000003 ], [ 128.22447360000001, 2.126644 ], [ 128.221989400000098, 2.129118700000049 ], [ 128.221580100000097, 2.138693600000067 ], [ 128.224597300000028, 2.141016 ] ] ], [ [ [ 128.221807200000057, 2.172101200000043 ], [ 128.217985400000089, 2.171242300000074 ], [ 128.217124400000102, 2.174756600000023 ], [ 128.221807200000057, 2.172101200000043 ] ] ], [ [ [ 128.209636400000022, 2.191870800000061 ], [ 128.2063104, 2.194815700000049 ], [ 128.205375900000035, 2.200835700000027 ], [ 128.210536900000079, 2.209493500000065 ], [ 128.214842800000042, 2.200666100000035 ], [ 128.212398200000052, 2.192728 ], [ 128.209636400000022, 2.191870800000061 ] ] ], [ [ [ 128.236335, 2.207041500000059 ], [ 128.236557600000083, 2.204281900000069 ], [ 128.235685000000103, 2.203418400000032 ], [ 128.233645900000056, 2.207201700000041 ], [ 128.236335, 2.207041500000059 ] ] ], [ [ [ 128.208679500000017, 2.21356650000007 ], [ 128.209939100000042, 2.215169300000071 ], [ 128.209268400000042, 2.213495700000067 ], [ 128.208679500000017, 2.21356650000007 ] ] ], [ [ [ 128.158153, 2.283097400000031 ], [ 128.151543400000037, 2.284160100000065 ], [ 128.155846100000076, 2.287348300000076 ], [ 128.160693100000117, 2.286000400000034 ], [ 128.158153, 2.283097400000031 ] ] ], [ [ [ 128.179998200000114, 2.291994700000032 ], [ 128.160905600000092, 2.28774210000006 ], [ 128.158442700000023, 2.291382100000021 ], [ 128.151516700000116, 2.291943100000026 ], [ 128.139152, 2.299309300000061 ], [ 128.129655, 2.315921400000036 ], [ 128.131061400000021, 2.32230370000002 ], [ 128.126141600000096, 2.327065800000071 ], [ 128.124909700000103, 2.333501100000035 ], [ 128.128158300000109, 2.342175600000076 ], [ 128.133065800000054, 2.340102 ], [ 128.136176200000023, 2.342866800000024 ], [ 128.1367983, 2.346461 ], [ 128.131604500000094, 2.348780400000066 ], [ 128.131026800000086, 2.351990600000022 ], [ 128.137938800000029, 2.36557270000003 ], [ 128.141626500000029, 2.366298400000062 ], [ 128.143968100000052, 2.37010680000003 ], [ 128.145103600000084, 2.375486700000067 ], [ 128.141247500000077, 2.382216500000027 ], [ 128.143453600000043, 2.389353500000027 ], [ 128.154767900000024, 2.406609500000059 ], [ 128.16651760000002, 2.412699100000054 ], [ 128.171513000000118, 2.404169400000058 ], [ 128.174085800000057, 2.392791700000032 ], [ 128.178438, 2.387131400000044 ], [ 128.176661400000057, 2.374656100000038 ], [ 128.185212200000024, 2.36582020000003 ], [ 128.182558800000038, 2.349724200000026 ], [ 128.180202800000075, 2.346913 ], [ 128.182197700000074, 2.339158 ], [ 128.177924600000097, 2.331600300000048 ], [ 128.180222100000037, 2.32676790000005 ], [ 128.177544400000102, 2.325033900000051 ], [ 128.1795489000001, 2.323617 ], [ 128.179445200000032, 2.31877860000003 ], [ 128.176784100000077, 2.314665900000023 ], [ 128.18175020000001, 2.30926450000004 ], [ 128.18594250000001, 2.310449600000027 ], [ 128.187959600000113, 2.306543 ], [ 128.179998200000114, 2.291994700000032 ] ] ], [ [ [ 128.28028130000007, 2.058095300000048 ], [ 128.278511, 2.053488600000037 ], [ 128.274199400000043, 2.057781200000022 ], [ 128.276559800000086, 2.06089350000002 ], [ 128.28028130000007, 2.058095300000048 ] ] ], [ [ [ 128.281132500000012, 2.080144800000028 ], [ 128.27877280000007, 2.08197640000003 ], [ 128.281206100000077, 2.082985800000074 ], [ 128.281132500000012, 2.080144800000028 ] ] ], [ [ [ 128.681097900000054, 2.380158400000028 ], [ 128.681376800000066, 2.38200020000005 ], [ 128.684107900000072, 2.383167300000025 ], [ 128.683837900000071, 2.380615100000057 ], [ 128.681097900000054, 2.380158400000028 ] ] ] ] } },
{ "type": "Feature", "properties": { "kab_kota": "Pulau Taliabu", "provinsi": "Maluku Utara", "regency_code": "id8208" }, "geometry": { "type": "MultiPolygon", "coordinates": [ [ [ [ 124.3331511, -1.965886199999943 ], [ 124.337541700000088, -1.96937859999997 ], [ 124.33669210000005, -1.973026899999979 ], [ 124.338651800000093, -1.975223699999958 ], [ 124.342760000000112, -1.973789 ], [ 124.342385200000081, -1.969831299999953 ], [ 124.345838600000093, -1.967572299999972 ], [ 124.35159950000002, -1.968792699999938 ], [ 124.355744600000094, -1.97274189999996 ], [ 124.366132300000118, -1.970501099999979 ], [ 124.37020490000009, -1.976481199999967 ], [ 124.370252, -1.98641189999995 ], [ 124.375310300000024, -1.990601899999945 ], [ 124.367877600000043, -2.004363699999942 ], [ 124.369428900000116, -2.013239299999952 ], [ 124.364037800000119, -2.017644899999937 ], [ 124.368299300000103, -2.022942799999953 ], [ 124.365611400000034, -2.025919899999963 ], [ 124.366969900000072, -2.029937799999971 ], [ 124.363208700000087, -2.034635799999933 ], [ 124.366668900000036, -2.038918099999933 ], [ 124.371883, -2.038834299999962 ], [ 124.371891800000071, -2.040772199999935 ], [ 124.360890500000096, -2.043694399999936 ], [ 124.353023100000087, -2.030243899999959 ], [ 124.347424900000078, -2.025368899999933 ], [ 124.33585220000009, -2.021592699999928 ], [ 124.328789500000084, -2.015463899999929 ], [ 124.321374300000116, -2.013982 ], [ 124.317185500000051, -2.015944099999956 ], [ 124.317990300000019, -2.014077499999928 ], [ 124.315683400000012, -2.013131699999974 ], [ 124.320715, -2.010284499999955 ], [ 124.313910800000031, -2.011084 ], [ 124.319226700000058, -2.001753299999962 ], [ 124.315415100000109, -1.997887899999967 ], [ 124.309929900000043, -1.998882299999934 ], [ 124.308787400000028, -2.010895299999959 ], [ 124.305007400000022, -2.007974099999956 ], [ 124.305377, -1.991102399999932 ], [ 124.307929, -1.987604099999942 ], [ 124.311912600000028, -1.987131499999975 ], [ 124.312152600000104, -1.993398699999943 ], [ 124.316041300000052, -1.987028599999974 ], [ 124.314737500000092, -1.982681899999932 ], [ 124.307678500000065, -1.981004499999926 ], [ 124.311319500000081, -1.978929 ], [ 124.310330600000043, -1.976024399999972 ], [ 124.322662400000013, -1.969287699999938 ], [ 124.3331511, -1.965886199999943 ] ] ], [ [ [ 124.311964100000068, -1.986055799999974 ], [ 124.31227170000011, -1.985230499999943 ], [ 124.312453700000106, -1.985623499999974 ], [ 124.311964100000068, -1.986055799999974 ] ] ], [ [ [ 124.310655000000111, -1.972706 ], [ 124.311047, -1.973056 ], [ 124.310655000000111, -1.973014 ], [ 124.310655000000111, -1.972706 ] ] ], [ [ [ 124.316985500000101, -1.971215199999961 ], [ 124.317835, -1.970026799999971 ], [ 124.318179800000053, -1.970592099999976 ], [ 124.316985500000101, -1.971215199999961 ] ] ], [ [ [ 124.310010200000079, -1.97078369999997 ], [ 124.310926100000074, -1.970286699999974 ], [ 124.310997, -1.970806499999981 ], [ 124.310010200000079, -1.97078369999997 ] ] ], [ [ [ 124.312158400000044, -1.968784899999946 ], [ 124.312686100000064, -1.967602799999952 ], [ 124.312710600000059, -1.968843599999957 ], [ 124.312158400000044, -1.968784899999946 ] ] ], [ [ [ 124.343561300000033, -1.909017899999981 ], [ 124.344892700000059, -1.910340299999973 ], [ 124.343502500000113, -1.909419499999956 ], [ 124.343561300000033, -1.909017899999981 ] ] ], [ [ [ 124.339040600000089, -1.905331899999965 ], [ 124.338684200000102, -1.903674799999976 ], [ 124.339480900000012, -1.905274399999939 ], [ 124.339040600000089, -1.905331899999965 ] ] ], [ [ [ 124.340301, -1.900888099999975 ], [ 124.336820000000102, -1.899676399999976 ], [ 124.338016200000084, -1.903661799999952 ], [ 124.336055400000077, -1.902863299999979 ], [ 124.332529600000044, -1.895966499999929 ], [ 124.335142900000051, -1.894980199999964 ], [ 124.340301, -1.900888099999975 ] ] ], [ [ [ 124.34100930000011, -1.821000499999968 ], [ 124.339789400000086, -1.827480899999955 ], [ 124.33802860000003, -1.827479399999959 ], [ 124.337516500000106, -1.822676299999955 ], [ 124.34100930000011, -1.821000499999968 ] ] ], [ [ [ 124.316075400000045, -1.791602799999964 ], [ 124.308240500000011, -1.801396599999975 ], [ 124.304287, -1.798434 ], [ 124.311573200000112, -1.794246399999963 ], [ 124.310666100000049, -1.787876899999958 ], [ 124.314253800000074, -1.785597399999972 ], [ 124.316075400000045, -1.791602799999964 ] ] ], [ [ [ 124.298556600000097, -1.782954099999927 ], [ 124.297510800000055, -1.781499 ], [ 124.298624200000063, -1.781713499999967 ], [ 124.298556600000097, -1.782954099999927 ] ] ], [ [ [ 124.297253800000021, -1.781335499999955 ], [ 124.297167200000104, -1.780000199999961 ], [ 124.297938700000032, -1.78105069999998 ], [ 124.297253800000021, -1.781335499999955 ] ] ], [ [ [ 124.296234400000117, -1.780896799999937 ], [ 124.296465200000057, -1.780345299999965 ], [ 124.296491300000071, -1.780913899999973 ], [ 124.296234400000117, -1.780896799999937 ] ] ], [ [ [ 124.312868300000105, -1.771515399999942 ], [ 124.31356130000006, -1.771837599999969 ], [ 124.312932600000067, -1.771838 ], [ 124.312868300000105, -1.771515399999942 ] ] ], [ [ [ 124.314066600000046, -1.770362 ], [ 124.313736500000118, -1.769247899999925 ], [ 124.313938300000018, -1.768961599999955 ], [ 124.314066600000046, -1.770362 ] ] ], [ [ [ 124.348618300000112, -1.759865099999956 ], [ 124.349010800000087, -1.775811699999963 ], [ 124.344584400000031, -1.778269799999975 ], [ 124.341541600000028, -1.771925499999952 ], [ 124.346068900000091, -1.768728 ], [ 124.342715400000088, -1.766775 ], [ 124.342221800000061, -1.762949399999968 ], [ 124.344990800000119, -1.757366599999955 ], [ 124.348618300000112, -1.759865099999956 ] ] ], [ [ [ 124.314942600000109, -1.765977299999975 ], [ 124.313866800000028, -1.768494699999962 ], [ 124.313531600000033, -1.766159099999925 ], [ 124.314942600000109, -1.765977299999975 ] ] ], [ [ [ 124.293344700000034, -1.743337499999939 ], [ 124.290451900000107, -1.750899499999946 ], [ 124.287091500000088, -1.751656099999934 ], [ 124.2858175, -1.75371169999994 ], [ 124.288487500000087, -1.751516399999957 ], [ 124.290008600000078, -1.753903899999955 ], [ 124.293875700000058, -1.753716699999927 ], [ 124.303151900000103, -1.761057 ], [ 124.302100600000017, -1.767404799999952 ], [ 124.307030700000041, -1.769200199999943 ], [ 124.313931400000115, -1.781378599999925 ], [ 124.311234, -1.785504399999979 ], [ 124.3059594, -1.784363599999949 ], [ 124.304566, -1.780004899999938 ], [ 124.298667500000079, -1.779964099999972 ], [ 124.296284300000025, -1.775433599999928 ], [ 124.295293800000081, -1.778058299999941 ], [ 124.292028400000049, -1.775817599999925 ], [ 124.284983400000101, -1.763433199999952 ], [ 124.283172400000012, -1.754988199999957 ], [ 124.293344700000034, -1.743337499999939 ] ] ], [ [ [ 124.312854900000048, -1.756071 ], [ 124.311729, -1.755435 ], [ 124.313336700000036, -1.755383299999949 ], [ 124.312854900000048, -1.756071 ] ] ], [ [ [ 124.3123657000001, -1.750657099999955 ], [ 124.313178600000015, -1.750381499999946 ], [ 124.31237990000011, -1.751002699999958 ], [ 124.3123657000001, -1.750657099999955 ] ] ], [ [ [ 124.3430849, -1.747225199999946 ], [ 124.342806600000017, -1.747477599999968 ], [ 124.339590600000065, -1.747612599999968 ], [ 124.341889, -1.747011399999963 ], [ 124.3430849, -1.747225199999946 ] ] ], [ [ [ 124.298351100000104, -1.730214699999976 ], [ 124.299761600000011, -1.732895699999972 ], [ 124.299662700000113, -1.733242099999927 ], [ 124.298351100000104, -1.730214699999976 ] ] ], [ [ [ 124.316611600000101, -1.718255499999941 ], [ 124.319694200000072, -1.722607899999957 ], [ 124.318312500000047, -1.727230399999939 ], [ 124.321783400000072, -1.740161 ], [ 124.319216100000062, -1.743614799999932 ], [ 124.316136, -1.739793599999928 ], [ 124.317180400000098, -1.736960099999976 ], [ 124.313560300000063, -1.735162399999979 ], [ 124.311198800000057, -1.723305599999946 ], [ 124.312442500000088, -1.719342 ], [ 124.316611600000101, -1.718255499999941 ] ] ], [ [ [ 124.308290900000088, -1.731919099999971 ], [ 124.307732500000043, -1.730210499999941 ], [ 124.307826300000102, -1.728214299999934 ], [ 124.308805300000017, -1.728883499999938 ], [ 124.308290900000088, -1.731919099999971 ] ] ], [ [ [ 124.304378700000029, -1.729200599999956 ], [ 124.30400910000003, -1.726644399999941 ], [ 124.305166400000076, -1.727161599999931 ], [ 124.304378700000029, -1.729200599999956 ] ] ], [ [ [ 124.333805200000029, -1.727524099999926 ], [ 124.331754800000112, -1.72614139999996 ], [ 124.334281200000078, -1.724697099999958 ], [ 124.333805200000029, -1.727524099999926 ] ] ], [ [ [ 124.306041900000082, -1.726360499999942 ], [ 124.305078600000115, -1.725903699999947 ], [ 124.306181800000104, -1.725647199999969 ], [ 124.306041900000082, -1.726360499999942 ] ] ], [ [ [ 124.340726500000073, -1.725891499999932 ], [ 124.341929, -1.72398579999998 ], [ 124.341673100000094, -1.725714399999958 ], [ 124.340726500000073, -1.725891499999932 ] ] ], [ [ [ 124.346299400000021, -1.722477499999968 ], [ 124.34511950000001, -1.723372 ], [ 124.344756500000017, -1.722431599999936 ], [ 124.346299400000021, -1.722477499999968 ] ] ], [ [ [ 124.340061100000071, -1.710176899999965 ], [ 124.337920900000086, -1.722115199999962 ], [ 124.333914400000026, -1.722663799999964 ], [ 124.330458500000077, -1.71707269999996 ], [ 124.330776100000094, -1.712386799999933 ], [ 124.33681880000006, -1.70409159999997 ], [ 124.340061100000071, -1.710176899999965 ] ] ], [ [ [ 124.344360800000118, -1.712500499999976 ], [ 124.341069300000072, -1.702808799999957 ], [ 124.344281100000103, -1.69514479999998 ], [ 124.348522900000034, -1.693049599999938 ], [ 124.350856100000101, -1.697306399999945 ], [ 124.350356300000044, -1.703228599999932 ], [ 124.345027100000038, -1.70717819999993 ], [ 124.344360800000118, -1.712500499999976 ] ] ], [ [ [ 124.393309700000032, -2.033334799999977 ], [ 124.405151300000057, -2.042549399999928 ], [ 124.405323, -2.046739199999934 ], [ 124.401324400000021, -2.057860699999935 ], [ 124.39551240000003, -2.058205 ], [ 124.394151100000045, -2.052969499999961 ], [ 124.390037700000107, -2.054619599999967 ], [ 124.388623500000108, -2.06149709999994 ], [ 124.390760600000021, -2.058579599999973 ], [ 124.394427200000109, -2.063622299999963 ], [ 124.387562500000058, -2.073619399999927 ], [ 124.385444100000086, -2.067857299999957 ], [ 124.374828, -2.05979949999994 ], [ 124.372680100000025, -2.049136799999928 ], [ 124.374527, -2.048978799999929 ], [ 124.373555900000042, -2.046763099999964 ], [ 124.37873680000007, -2.037541799999929 ], [ 124.381993100000045, -2.036909199999968 ], [ 124.382227900000089, -2.042302699999937 ], [ 124.385233900000117, -2.03962359999997 ], [ 124.385408, -2.037475899999947 ], [ 124.383433300000092, -2.037882299999978 ], [ 124.385597900000107, -2.034955599999932 ], [ 124.393309700000032, -2.033334799999977 ] ] ], [ [ [ 124.447956, -2.040108 ], [ 124.448102, -2.039932 ], [ 124.448054, -2.040136 ], [ 124.447956, -2.040108 ] ] ], [ [ [ 124.448059, -2.039625 ], [ 124.448166, -2.039575 ], [ 124.448149, -2.039659 ], [ 124.448059, -2.039625 ] ] ], [ [ [ 124.448867, -2.037555 ], [ 124.449192, -2.037116 ], [ 124.449072000000115, -2.03757 ], [ 124.448867, -2.037555 ] ] ], [ [ [ 124.448220000000106, -2.036264 ], [ 124.448538, -2.036081 ], [ 124.448542, -2.036392 ], [ 124.448220000000106, -2.036264 ] ] ], [ [ [ 124.450002200000085, -2.024625399999934 ], [ 124.426201200000037, -2.025901599999941 ], [ 124.422155800000041, -2.022983299999964 ], [ 124.4159006000001, -2.022958399999936 ], [ 124.404492800000071, -2.033549499999936 ], [ 124.395113700000024, -2.02803229999995 ], [ 124.396889500000043, -2.022966499999939 ], [ 124.392141600000059, -2.01898639999996 ], [ 124.397843100000046, -1.994018599999947 ], [ 124.393676800000094, -1.973205599999972 ], [ 124.382690400000115, -1.956787099999929 ], [ 124.382685500000093, -1.948714499999937 ], [ 124.378697400000078, -1.941631699999959 ], [ 124.371510200000102, -1.939331299999935 ], [ 124.368210200000021, -1.932443699999965 ], [ 124.355981200000087, -1.925360299999966 ], [ 124.346884800000112, -1.908608899999933 ], [ 124.342396500000063, -1.909155399999975 ], [ 124.339724100000012, -1.906657099999961 ], [ 124.343673400000057, -1.907139699999959 ], [ 124.335774900000047, -1.887212799999929 ], [ 124.341103500000031, -1.877031799999941 ], [ 124.340496800000096, -1.866953299999977 ], [ 124.343086400000061, -1.862070399999936 ], [ 124.3414858000001, -1.859870399999977 ], [ 124.344659800000045, -1.854331799999954 ], [ 124.3433682000001, -1.847555199999931 ], [ 124.345518200000015, -1.837288499999943 ], [ 124.34204950000003, -1.831485799999939 ], [ 124.344512200000054, -1.822558099999981 ], [ 124.342195500000116, -1.814759799999933 ], [ 124.345254200000113, -1.81105 ], [ 124.345645500000046, -1.805901099999971 ], [ 124.348391400000082, -1.804687399999978 ], [ 124.346694, -1.802670099999943 ], [ 124.348199400000112, -1.787980699999935 ], [ 124.3605334, -1.770234199999948 ], [ 124.360860900000034, -1.761303699999928 ], [ 124.365647100000047, -1.764171599999941 ], [ 124.36529250000001, -1.760486 ], [ 124.363143900000068, -1.759971899999925 ], [ 124.363394700000072, -1.748584199999925 ], [ 124.368603600000029, -1.742375799999934 ], [ 124.372071100000085, -1.741928599999937 ], [ 124.371490800000061, -1.734037499999943 ], [ 124.366705800000091, -1.728737699999954 ], [ 124.367409900000098, -1.71630209999995 ], [ 124.371786, -1.712637599999937 ], [ 124.366016800000011, -1.711433799999952 ], [ 124.3603309, -1.717717899999968 ], [ 124.361669, -1.704933599999947 ], [ 124.378463800000077, -1.677045699999951 ], [ 124.385285400000043, -1.674789499999974 ], [ 124.392095500000096, -1.665890899999965 ], [ 124.400550100000032, -1.660074699999939 ], [ 124.421091900000079, -1.664628599999958 ], [ 124.43867350000005, -1.66470529999998 ], [ 124.464914900000053, -1.663377399999945 ], [ 124.491808200000037, -1.658358799999974 ], [ 124.508433500000024, -1.651758299999926 ], [ 124.510354400000097, -1.649259399999949 ], [ 124.508558000000107, -1.640792199999964 ], [ 124.511613300000022, -1.635256499999969 ], [ 124.521664100000066, -1.635128 ], [ 124.529454100000066, -1.629858799999965 ], [ 124.531544100000019, -1.632346499999926 ], [ 124.525447, -1.636037099999953 ], [ 124.5245595, -1.644364099999962 ], [ 124.5195208, -1.64547529999993 ], [ 124.5236552, -1.64778629999995 ], [ 124.520593500000018, -1.655832799999928 ], [ 124.523284800000056, -1.65540569999996 ], [ 124.523009400000092, -1.66333439999994 ], [ 124.5263304, -1.665493199999958 ], [ 124.532434300000091, -1.658424299999979 ], [ 124.537177200000087, -1.645565899999951 ], [ 124.541206000000102, -1.64212619999995 ], [ 124.546320100000116, -1.642835099999957 ], [ 124.5560167000001, -1.638332699999978 ], [ 124.563762000000111, -1.638849899999968 ], [ 124.567431500000112, -1.643955 ], [ 124.576665200000093, -1.647360899999967 ], [ 124.5877719, -1.639961899999946 ], [ 124.597910800000022, -1.645194 ], [ 124.606005600000117, -1.638474599999938 ], [ 124.624756900000079, -1.640790099999947 ], [ 124.643036200000097, -1.639780499999972 ], [ 124.660650100000112, -1.644679 ], [ 124.671943, -1.64400459999996 ], [ 124.707306200000062, -1.656707199999971 ], [ 124.71530150000001, -1.65390629999996 ], [ 124.72760130000006, -1.66139579999998 ], [ 124.745624900000053, -1.665831399999945 ], [ 124.750842700000021, -1.670716699999957 ], [ 124.766145600000073, -1.670927 ], [ 124.779189400000064, -1.665452 ], [ 124.786308900000108, -1.677433299999961 ], [ 124.803868700000066, -1.681508299999962 ], [ 124.809353500000043, -1.686993099999938 ], [ 124.811592400000109, -1.686562199999969 ], [ 124.810800800000038, -1.684224899999947 ], [ 124.814299700000106, -1.684047 ], [ 124.803918700000054, -1.678868899999941 ], [ 124.802268600000048, -1.674955 ], [ 124.805932400000074, -1.673134199999936 ], [ 124.824662800000056, -1.676812199999972 ], [ 124.826943700000015, -1.681093099999941 ], [ 124.836558100000047, -1.683654599999954 ], [ 124.866033200000061, -1.682356299999981 ], [ 124.870980800000098, -1.680040399999939 ], [ 124.872279100000014, -1.684461699999929 ], [ 124.880349700000011, -1.68600559999993 ], [ 124.878307500000119, -1.689767599999925 ], [ 124.880560200000104, -1.695093699999973 ], [ 124.886560500000087, -1.699269399999935 ], [ 124.893122200000107, -1.699865899999963 ], [ 124.894139800000062, -1.705094199999962 ], [ 124.898315400000115, -1.70867329999993 ], [ 124.901959100000113, -1.708324699999935 ], [ 124.904430800000114, -1.703139499999963 ], [ 124.91220450000003, -1.701511899999957 ], [ 124.911298700000089, -1.696334499999978 ], [ 124.914210900000057, -1.696883299999968 ], [ 124.916702200000032, -1.702918699999941 ], [ 124.928387, -1.705269599999951 ], [ 124.933006, -1.703894199999979 ], [ 124.93354510000006, -1.698427199999969 ], [ 124.940247200000044, -1.696883299999968 ], [ 124.948423, -1.705445099999963 ], [ 124.952423200000112, -1.703445 ], [ 124.948212500000068, -1.699865899999963 ], [ 124.952282900000114, -1.698707899999931 ], [ 124.9508442, -1.695058599999925 ], [ 124.95354610000004, -1.696181499999966 ], [ 124.953222900000014, -1.698288699999978 ], [ 124.958599, -1.694953399999974 ], [ 124.958882700000117, -1.697494499999948 ], [ 124.964178200000106, -1.700848399999927 ], [ 124.964809800000012, -1.707515399999977 ], [ 124.960746100000051, -1.706218599999943 ], [ 124.960867700000108, -1.709480399999961 ], [ 124.967125700000111, -1.709866399999953 ], [ 124.967862500000024, -1.703234499999951 ], [ 124.971827600000097, -1.704883699999925 ], [ 124.972217200000046, -1.707342299999937 ], [ 124.974319, -1.703831 ], [ 124.977615300000025, -1.707186099999944 ], [ 124.980319300000019, -1.70372569999995 ], [ 124.983722900000089, -1.709726 ], [ 124.97737010000003, -1.709275599999955 ], [ 124.978319200000101, -1.716322799999944 ], [ 124.987056400000029, -1.713761299999931 ], [ 124.989280800000074, -1.715957599999967 ], [ 124.994635700000117, -1.712884 ], [ 125.002109800000085, -1.71555079999996 ], [ 125.001337800000101, -1.720884399999932 ], [ 124.995661700000028, -1.724732099999926 ], [ 124.999878400000057, -1.727370699999938 ], [ 125.006306500000051, -1.726703699999973 ], [ 125.007690600000046, -1.722899499999926 ], [ 125.011291500000084, -1.725206299999968 ], [ 125.014313900000047, -1.719695099999967 ], [ 125.017757500000016, -1.720652799999925 ], [ 125.02130360000001, -1.718328699999972 ], [ 125.018266, -1.725742599999933 ], [ 125.025129700000093, -1.723391099999958 ], [ 125.02670640000008, -1.725907899999925 ], [ 125.021182200000112, -1.733691699999952 ], [ 125.022052200000076, -1.737183399999935 ], [ 125.01493030000006, -1.743739299999959 ], [ 125.015642600000092, -1.752154899999937 ], [ 125.018590100000097, -1.757394899999952 ], [ 125.023724400000106, -1.760190899999941 ], [ 125.033655100000033, -1.756880299999978 ], [ 125.038006200000041, -1.750611 ], [ 125.036913, -1.757887 ], [ 125.040953700000046, -1.760389199999963 ], [ 125.04016050000007, -1.764158099999975 ], [ 125.045491900000115, -1.767500599999948 ], [ 125.046380800000065, -1.771337099999926 ], [ 125.059060100000011, -1.76608049999993 ], [ 125.058567, -1.75758 ], [ 125.0601282, -1.757291499999951 ], [ 125.056860900000061, -1.748271699999975 ], [ 125.061820200000057, -1.742984899999954 ], [ 125.063785200000098, -1.750611 ], [ 125.067528, -1.749301 ], [ 125.068417, -1.750985199999946 ], [ 125.066594400000099, -1.757001299999956 ], [ 125.068791300000044, -1.758798499999955 ], [ 125.070007700000019, -1.772740699999929 ], [ 125.072428700000046, -1.772406 ], [ 125.075809100000015, -1.76637779999993 ], [ 125.080804600000079, -1.76570739999994 ], [ 125.077307100000098, -1.763517099999945 ], [ 125.07870980000007, -1.757862799999941 ], [ 125.086850600000048, -1.759172799999931 ], [ 125.090593400000103, -1.756927 ], [ 125.096026300000062, -1.760785 ], [ 125.100502800000072, -1.756526699999938 ], [ 125.101189400000067, -1.760964299999955 ], [ 125.103532400000063, -1.761535 ], [ 125.105611700000054, -1.756506 ], [ 125.104348500000015, -1.753137399999957 ], [ 125.107988400000067, -1.753126499999951 ], [ 125.110682800000063, -1.746540699999969 ], [ 125.106173100000092, -1.746447 ], [ 125.105986, -1.750423799999965 ], [ 125.099857, -1.751593499999956 ], [ 125.096488500000078, -1.750283499999966 ], [ 125.099295600000119, -1.74747629999996 ], [ 125.094008800000097, -1.748412 ], [ 125.090733800000066, -1.745043399999929 ], [ 125.088581700000077, -1.747055199999977 ], [ 125.087318400000072, -1.745137 ], [ 125.091014500000028, -1.740926299999956 ], [ 125.097424200000091, -1.744154499999979 ], [ 125.1051347, -1.742324599999961 ], [ 125.106285500000013, -1.737344699999937 ], [ 125.103927400000089, -1.737183399999935 ], [ 125.114360600000055, -1.730773799999952 ], [ 125.108839900000021, -1.730539799999974 ], [ 125.107389600000033, -1.72777949999994 ], [ 125.105062500000031, -1.731576599999926 ], [ 125.102334300000052, -1.729674799999941 ], [ 125.108692100000098, -1.71765309999995 ], [ 125.109006900000054, -1.710725299999979 ], [ 125.106347800000094, -1.706906599999968 ], [ 125.107717100000059, -1.691193 ], [ 125.110945300000026, -1.688245499999937 ], [ 125.128499500000089, -1.683813199999975 ], [ 125.137054300000045, -1.687369199999978 ], [ 125.138738300000114, -1.691699799999981 ], [ 125.141725700000052, -1.692444399999943 ], [ 125.143792600000097, -1.700337799999943 ], [ 125.139487500000087, -1.707456899999954 ], [ 125.141832300000033, -1.709748099999956 ], [ 125.146895400000062, -1.70873679999994 ], [ 125.147969300000113, -1.716066099999978 ], [ 125.150716400000078, -1.713916299999937 ], [ 125.151742500000069, -1.706819399999972 ], [ 125.161440700000071, -1.700765199999978 ], [ 125.165029700000105, -1.69507619999996 ], [ 125.170019300000035, -1.700798 ], [ 125.174716400000079, -1.698748699999953 ], [ 125.184429, -1.703405099999941 ], [ 125.180195700000013, -1.709399399999938 ], [ 125.182334900000114, -1.710694299999943 ], [ 125.181671700000038, -1.716288799999973 ], [ 125.185134700000049, -1.716533599999934 ], [ 125.1925936, -1.711704099999963 ], [ 125.19784350000009, -1.72012559999996 ], [ 125.204189400000018, -1.724598 ], [ 125.206014100000061, -1.728060199999959 ], [ 125.199634700000047, -1.733323699999971 ], [ 125.198031200000059, -1.74289269999997 ], [ 125.191481900000099, -1.74530429999993 ], [ 125.193615800000089, -1.746493799999939 ], [ 125.194738700000016, -1.752997 ], [ 125.19099580000011, -1.766097099999968 ], [ 125.18721830000004, -1.768385399999943 ], [ 125.185896200000116, -1.776623899999947 ], [ 125.180083, -1.78034329999997 ], [ 125.186831900000016, -1.78687 ], [ 125.197779800000035, -1.791595299999926 ], [ 125.2136402000001, -1.792437499999949 ], [ 125.214994500000103, -1.783559399999945 ], [ 125.218168900000023, -1.778378399999951 ], [ 125.22196990000009, -1.780073499999958 ], [ 125.225289800000041, -1.766611699999942 ], [ 125.229139, -1.765676399999961 ], [ 125.226680300000112, -1.751799399999925 ], [ 125.221942900000045, -1.745587799999953 ], [ 125.221687300000099, -1.736341299999935 ], [ 125.223558700000012, -1.734282699999937 ], [ 125.22828410000011, -1.740037399999949 ], [ 125.232118700000115, -1.739636099999927 ], [ 125.236378100000024, -1.728060199999959 ], [ 125.2427877, -1.722913799999958 ], [ 125.256404, -1.723530099999948 ], [ 125.287573700000053, -1.730455099999972 ], [ 125.293467, -1.73265129999993 ], [ 125.297299200000111, -1.73757489999997 ], [ 125.297738600000116, -1.744602499999928 ], [ 125.294906, -1.750223099999971 ], [ 125.297232100000087, -1.759690699999965 ], [ 125.294991400000072, -1.768806099999949 ], [ 125.289758, -1.773978499999942 ], [ 125.269671900000048, -1.784712799999966 ], [ 125.2728485, -1.796880899999962 ], [ 125.279555600000094, -1.794972599999937 ], [ 125.287758, -1.785341 ], [ 125.299521600000048, -1.778662699999927 ], [ 125.316297100000043, -1.781026499999939 ], [ 125.322831800000017, -1.787672499999928 ], [ 125.323989700000084, -1.798234399999956 ], [ 125.31817030000002, -1.809688699999924 ], [ 125.314806500000032, -1.825350799999967 ], [ 125.317564200000106, -1.834100099999944 ], [ 125.315126600000099, -1.846552799999927 ], [ 125.322445800000082, -1.863535699999943 ], [ 125.323077400000102, -1.875606399999924 ], [ 125.327288100000033, -1.884133099999929 ], [ 125.324148200000081, -1.888382399999955 ], [ 125.314796300000012, -1.893466899999964 ], [ 125.308550400000058, -1.893256399999927 ], [ 125.30335720000005, -1.889501799999948 ], [ 125.295286600000054, -1.890905399999951 ], [ 125.274412200000029, -1.884556199999963 ], [ 125.259200300000089, -1.88561859999993 ], [ 125.240191900000013, -1.882289799999967 ], [ 125.231550900000116, -1.871904399999949 ], [ 125.228013600000054, -1.873859399999958 ], [ 125.229459, -1.877992499999948 ], [ 125.227353600000015, -1.879747 ], [ 125.224476300000106, -1.87999259999998 ], [ 125.224055200000066, -1.877396 ], [ 125.221248, -1.880308399999933 ], [ 125.219248000000107, -1.878975 ], [ 125.209808900000098, -1.882483899999954 ], [ 125.197115, -1.880619499999966 ], [ 125.188765900000021, -1.885157199999981 ], [ 125.177919700000075, -1.884194 ], [ 125.168642600000112, -1.874997 ], [ 125.161561300000017, -1.875583199999937 ], [ 125.159314900000027, -1.878975299999979 ], [ 125.156832300000019, -1.874750399999925 ], [ 125.150085500000046, -1.874073 ], [ 125.127136900000096, -1.877516499999956 ], [ 125.125145500000031, -1.881341199999952 ], [ 125.119488600000068, -1.883160399999952 ], [ 125.112199100000112, -1.893646699999977 ], [ 125.101935400000116, -1.899989099999971 ], [ 125.093303500000047, -1.898910099999966 ], [ 125.089788500000054, -1.893257299999959 ], [ 125.082129800000075, -1.889655699999935 ], [ 125.069611100000088, -1.890581399999974 ], [ 125.059342800000081, -1.885434099999941 ], [ 125.051800500000013, -1.885812599999952 ], [ 125.026134200000115, -1.891398799999934 ], [ 125.015470500000106, -1.898006 ], [ 125.013115500000026, -1.904778799999974 ], [ 125.019931600000064, -1.911463399999946 ], [ 125.021300100000076, -1.92806939999997 ], [ 125.017563100000075, -1.938227799999936 ], [ 125.014247100000034, -1.938991 ], [ 125.013773400000105, -1.942175299999974 ], [ 125.008167900000103, -1.943570099999931 ], [ 124.999088500000084, -1.940806899999927 ], [ 124.992561900000055, -1.931359 ], [ 124.989746, -1.931918499999938 ], [ 124.988430100000073, -1.936964599999953 ], [ 124.981035, -1.941017399999964 ], [ 124.976798, -1.939148899999964 ], [ 124.971692500000017, -1.932332799999926 ], [ 124.96108670000001, -1.931306399999926 ], [ 124.957981300000029, -1.927332499999977 ], [ 124.953560100000118, -1.930569499999933 ], [ 124.943161500000087, -1.927 ], [ 124.9414279, -1.928648399999929 ], [ 124.927235800000062, -1.926723799999934 ], [ 124.921984100000032, -1.928392799999926 ], [ 124.913821300000109, -1.923358699999937 ], [ 124.904820900000118, -1.927701 ], [ 124.890820300000087, -1.92659569999995 ], [ 124.876714300000117, -1.91030539999997 ], [ 124.873567200000025, -1.900734399999976 ], [ 124.872082500000033, -1.901989199999946 ], [ 124.864740100000063, -1.892488799999967 ], [ 124.86174, -1.891620299999943 ], [ 124.841239, -1.895752099999925 ], [ 124.835916400000087, -1.899049099999957 ], [ 124.814137200000118, -1.901929399999972 ], [ 124.774068300000067, -1.91584359999996 ], [ 124.7675858, -1.92036509999997 ], [ 124.763351600000078, -1.92778439999995 ], [ 124.755183000000102, -1.932892899999956 ], [ 124.723326400000019, -1.942785199999946 ], [ 124.701449700000012, -1.953208399999937 ], [ 124.693836800000099, -1.962651 ], [ 124.693799400000103, -1.970188899999926 ], [ 124.686754800000017, -1.971781499999963 ], [ 124.6819398, -1.97572219999995 ], [ 124.670242600000051, -1.974741699999925 ], [ 124.631379100000117, -1.988474799999949 ], [ 124.611500700000079, -1.992715199999964 ], [ 124.583447400000068, -2.002684299999942 ], [ 124.553552, -2.008059599999967 ], [ 124.524337800000012, -2.018272099999933 ], [ 124.51305560000003, -2.013711899999976 ], [ 124.493857, -2.013242499999933 ], [ 124.493155100000081, -2.009510299999931 ], [ 124.502726600000074, -1.995631099999969 ], [ 124.505231500000036, -1.999838099999977 ], [ 124.509806900000058, -2.000735799999973 ], [ 124.512074700000085, -1.997098699999981 ], [ 124.509362700000111, -1.99483349999997 ], [ 124.511404700000071, -1.993365799999935 ], [ 124.513414700000112, -1.995375799999977 ], [ 124.518497400000115, -1.990868899999953 ], [ 124.526623200000017, -1.993393799999978 ], [ 124.530219300000113, -2.001768599999934 ], [ 124.533605500000021, -2.002058099999942 ], [ 124.529136100000073, -2.008920899999964 ], [ 124.567203900000095, -1.995440499999972 ], [ 124.562372300000106, -1.992268199999955 ], [ 124.55646820000004, -1.993704799999932 ], [ 124.546503100000109, -1.985928799999954 ], [ 124.5387038, -1.988709399999948 ], [ 124.533097800000064, -1.98449729999993 ], [ 124.527883600000109, -1.984540299999935 ], [ 124.521221500000024, -1.980875499999968 ], [ 124.515602100000024, -1.984004499999969 ], [ 124.511925100000099, -1.990205399999979 ], [ 124.499907500000063, -1.996272099999942 ], [ 124.494557900000018, -2.003515499999935 ], [ 124.491878900000074, -2.012891599999932 ], [ 124.4888161, -2.015252499999974 ], [ 124.482248, -2.02487 ], [ 124.478939800000035, -2.020796799999971 ], [ 124.470389300000079, -2.017702099999951 ], [ 124.450002200000085, -2.024625399999934 ] ] ], [ [ [ 124.361123300000031, -1.758911199999943 ], [ 124.359952300000032, -1.757003299999951 ], [ 124.360568100000023, -1.757164799999941 ], [ 124.361123300000031, -1.758911199999943 ] ] ], [ [ [ 124.352564100000109, -1.745850599999926 ], [ 124.352747400000112, -1.74707 ], [ 124.351546300000109, -1.746058599999969 ], [ 124.352564100000109, -1.745850599999926 ] ] ], [ [ [ 124.359699400000068, -1.742714099999944 ], [ 124.358943600000089, -1.744278699999938 ], [ 124.358363300000065, -1.743291299999953 ], [ 124.359699400000068, -1.742714099999944 ] ] ], [ [ [ 124.354169100000036, -1.738722499999938 ], [ 124.355025200000114, -1.741403099999957 ], [ 124.352282500000115, -1.741062299999953 ], [ 124.354169100000036, -1.738722499999938 ] ] ], [ [ [ 124.356968800000118, -1.739007299999969 ], [ 124.360201700000061, -1.740008099999955 ], [ 124.359515300000112, -1.74174679999993 ], [ 124.356968800000118, -1.739007299999969 ] ] ], [ [ [ 124.3718037000001, -1.739226199999962 ], [ 124.370390400000019, -1.739418 ], [ 124.371253900000056, -1.737874199999965 ], [ 124.3718037000001, -1.739226199999962 ] ] ], [ [ [ 124.368755700000065, -1.735743899999932 ], [ 124.367360100000042, -1.741540399999963 ], [ 124.363213700000074, -1.74070009999997 ], [ 124.365337, -1.736078899999939 ], [ 124.368755700000065, -1.735743899999932 ] ] ], [ [ [ 124.3611462, -1.732437399999981 ], [ 124.359795600000098, -1.73636 ], [ 124.356258900000057, -1.736354199999937 ], [ 124.357475600000043, -1.731731699999955 ], [ 124.3611462, -1.732437399999981 ] ] ], [ [ [ 124.363833800000066, -1.718976299999952 ], [ 124.366818800000033, -1.725282099999959 ], [ 124.366429800000105, -1.726758 ], [ 124.361769900000013, -1.723511199999962 ], [ 124.363833800000066, -1.718976299999952 ] ] ], [ [ [ 124.473396900000012, -1.577864099999942 ], [ 124.4818226000001, -1.581401299999925 ], [ 124.484679500000084, -1.588118799999961 ], [ 124.480303, -1.604390699999954 ], [ 124.478450600000087, -1.60279909999997 ], [ 124.478443, -1.592301299999974 ], [ 124.472337500000094, -1.583692699999972 ], [ 124.473396900000012, -1.577864099999942 ] ] ], [ [ [ 124.485800200000085, -2.021486399999958 ], [ 124.492644700000028, -2.013848699999926 ], [ 124.498196100000087, -2.015635399999951 ], [ 124.485800200000085, -2.021486399999958 ] ] ], [ [ [ 124.533378, -2.00107 ], [ 124.533626200000072, -2.000282399999946 ], [ 124.533563, -2.001214 ], [ 124.533378, -2.00107 ] ] ], [ [ [ 124.5290496, -1.995563799999957 ], [ 124.5297931, -1.994799199999932 ], [ 124.529343500000095, -1.995688799999925 ], [ 124.5290496, -1.995563799999957 ] ] ], [ [ [ 124.699992700000053, -1.973572799999943 ], [ 124.697755100000109, -1.972176399999967 ], [ 124.699131, -1.971182699999929 ], [ 124.699992700000053, -1.973572799999943 ] ] ], [ [ [ 124.49147830000004, -1.627265399999942 ], [ 124.488924500000053, -1.636786799999925 ], [ 124.487197700000024, -1.637624799999969 ], [ 124.486254900000063, -1.629047199999945 ], [ 124.49147830000004, -1.627265399999942 ] ] ], [ [ [ 124.992284700000027, -1.711094499999945 ], [ 124.9898290000001, -1.712762399999974 ], [ 124.98968810000008, -1.709269799999959 ], [ 124.991372400000046, -1.70898909999994 ], [ 124.992284700000027, -1.711094499999945 ] ] ], [ [ [ 124.967950300000098, -1.696132 ], [ 124.968862400000035, -1.699346 ], [ 124.963037900000018, -1.698127099999965 ], [ 124.960349600000086, -1.694394699999975 ], [ 124.967950300000098, -1.696132 ] ] ], [ [ [ 124.966683100000068, -1.685384299999953 ], [ 124.969168100000047, -1.690292699999929 ], [ 124.968952400000035, -1.691124599999966 ], [ 124.964282900000057, -1.68655519999993 ], [ 124.966683100000068, -1.685384299999953 ] ] ], [ [ [ 124.951108500000032, -1.66429 ], [ 124.970526800000016, -1.665116499999954 ], [ 124.968602500000088, -1.667391299999963 ], [ 124.960478500000022, -1.667461 ], [ 124.954442700000072, -1.671948199999974 ], [ 124.949692300000038, -1.666200299999957 ], [ 124.951108500000032, -1.66429 ] ] ], [ [ [ 124.9963907, -1.656811599999969 ], [ 124.999848800000109, -1.65968 ], [ 125.006717500000036, -1.659271399999966 ], [ 125.022966600000018, -1.665002899999934 ], [ 124.999456200000054, -1.670279099999959 ], [ 124.99116980000008, -1.662246599999946 ], [ 124.992289600000049, -1.657252399999948 ], [ 124.9963907, -1.656811599999969 ] ] ], [ [ [ 124.89653, -1.65730659999997 ], [ 124.889451600000029, -1.663350299999934 ], [ 124.88627990000009, -1.660607499999969 ], [ 124.888538400000016, -1.658233199999927 ], [ 124.89653, -1.65730659999997 ] ] ], [ [ [ 124.879620800000112, -1.660915299999942 ], [ 124.878756600000088, -1.658219799999927 ], [ 124.879869400000075, -1.656626399999936 ], [ 124.881785100000116, -1.658869099999947 ], [ 124.879620800000112, -1.660915299999942 ] ] ] ] } },
{ "type": "Feature", "properties": { "kab_kota": "Seram Bagian Barat", "provinsi": "Maluku", "regency_code": "id8106" }, "geometry": { "type": "MultiPolygon", "coordinates": [ [ [ [ 127.919060400000035, -3.542156 ], [ 127.906409100000019, -3.52734879999997 ], [ 127.894840400000021, -3.490293099999974 ], [ 127.8987538, -3.484484799999962 ], [ 127.904119700000024, -3.463668899999959 ], [ 127.915397, -3.444688199999973 ], [ 127.920278900000085, -3.422898099999941 ], [ 127.919289700000036, -3.41508129999994 ], [ 127.923417100000052, -3.411576199999956 ], [ 127.930023800000072, -3.395421099999965 ], [ 127.937146600000119, -3.390090699999973 ], [ 127.942453900000032, -3.380894499999954 ], [ 127.940350600000102, -3.371926199999962 ], [ 127.943291800000111, -3.352286599999957 ], [ 127.933097800000041, -3.334933299999932 ], [ 127.930166400000076, -3.318266199999925 ], [ 127.924365500000022, -3.309382399999947 ], [ 127.923492500000066, -3.302538899999945 ], [ 127.917573700000048, -3.294274299999927 ], [ 127.888518, -3.271473399999934 ], [ 127.888048300000037, -3.25826 ], [ 127.877309700000069, -3.243914399999937 ], [ 127.874137300000029, -3.233617699999968 ], [ 127.872234400000025, -3.189553 ], [ 127.864691100000073, -3.178455299999939 ], [ 127.841086100000098, -3.165304699999979 ], [ 127.837574, -3.157367199999953 ], [ 127.846467100000041, -3.154752299999927 ], [ 127.856130400000097, -3.158715099999938 ], [ 127.867325, -3.157665599999973 ], [ 127.872754300000111, -3.156521299999952 ], [ 127.880052700000078, -3.149775299999931 ], [ 127.891622100000063, -3.154978599999936 ], [ 127.893496700000014, -3.158047899999929 ], [ 127.898338100000046, -3.157935099999975 ], [ 127.912913600000024, -3.150547599999925 ], [ 127.926933, -3.141714099999945 ], [ 127.933940600000028, -3.132047399999976 ], [ 127.945123300000091, -3.128165599999932 ], [ 127.94340770000008, -3.112650099999939 ], [ 127.947338200000104, -3.113774799999931 ], [ 127.95154070000001, -3.106789 ], [ 127.957480300000043, -3.108623499999965 ], [ 127.962942200000043, -3.103939399999945 ], [ 127.967500900000118, -3.107778099999962 ], [ 127.972052, -3.104243299999951 ], [ 127.973046200000113, -3.107724499999961 ], [ 127.985574500000098, -3.107825199999979 ], [ 127.983699500000057, -3.104844499999956 ], [ 127.976789600000075, -3.105103199999974 ], [ 127.977429800000095, -3.095341299999973 ], [ 127.982949700000063, -3.091217399999948 ], [ 127.986025, -3.081457799999953 ], [ 127.999604700000077, -3.070675799999947 ], [ 128.000977900000066, -3.076841399999978 ], [ 128.005171400000108, -3.079116399999975 ], [ 128.001443100000074, -3.081442899999956 ], [ 127.999569, -3.077547899999956 ], [ 127.997630600000093, -3.079669699999954 ], [ 128.001704500000073, -3.08427469999998 ], [ 128.00660860000005, -3.079648599999928 ], [ 128.002726400000029, -3.073893599999963 ], [ 128.004928100000029, -3.072597899999948 ], [ 128.009680800000069, -3.072867799999926 ], [ 128.011175, -3.075258199999951 ], [ 128.017205200000035, -3.07432 ], [ 128.021427, -3.077686299999925 ], [ 128.026535700000068, -3.073856699999965 ], [ 128.032414700000118, -3.077902799999947 ], [ 128.038198500000021, -3.073690299999953 ], [ 128.043302800000106, -3.074638799999946 ], [ 128.055262900000116, -3.070107299999961 ], [ 128.062143200000037, -3.069995399999925 ], [ 128.074036600000113, -3.074695499999962 ], [ 128.075858900000071, -3.07098069999995 ], [ 128.084047400000031, -3.067979299999934 ], [ 128.091866900000014, -3.06760259999993 ], [ 128.099727800000096, -3.070293299999946 ], [ 128.10535, -3.06610969999997 ], [ 128.1099848, -3.067322899999965 ], [ 128.111689, -3.064374799999939 ], [ 128.114768800000093, -3.065409699999975 ], [ 128.115142300000116, -3.057239799999934 ], [ 128.110566700000049, -3.055436799999939 ], [ 128.108693900000048, -3.049477199999956 ], [ 128.105231400000093, -3.049946199999965 ], [ 128.102880800000094, -3.053985099999977 ], [ 128.091800400000011, -3.041971199999978 ], [ 128.092537500000049, -3.037636099999929 ], [ 128.092071100000112, -3.034037299999966 ], [ 128.089223800000013, -3.03565709999998 ], [ 128.091427900000099, -3.031352699999957 ], [ 128.095122700000047, -3.033685899999966 ], [ 128.094366500000092, -3.025692099999958 ], [ 128.087064900000087, -3.021025699999939 ], [ 128.092863800000032, -3.015780399999926 ], [ 128.122713500000032, -3.000762299999963 ], [ 128.117694500000084, -2.985066699999948 ], [ 128.119595500000059, -2.974155 ], [ 128.117662000000109, -2.970614 ], [ 128.114698800000042, -2.970759099999952 ], [ 128.098817100000019, -2.98295719999993 ], [ 128.079993100000024, -2.987365799999964 ], [ 128.073383100000115, -2.980546899999979 ], [ 128.071409700000117, -2.972345599999926 ], [ 128.081584800000087, -2.960674099999949 ], [ 128.112390800000071, -2.958575599999961 ], [ 128.134616700000038, -2.936147199999937 ], [ 128.14207870000007, -2.922437499999944 ], [ 128.131140800000026, -2.916411899999957 ], [ 128.12840170000004, -2.911277599999949 ], [ 128.129110500000024, -2.905143099999975 ], [ 128.144753400000013, -2.896394899999962 ], [ 128.148912200000041, -2.885897599999964 ], [ 128.164682300000095, -2.883254699999952 ], [ 128.166475300000116, -2.87844819999998 ], [ 128.161537400000043, -2.871218099999965 ], [ 128.162804200000096, -2.863874599999974 ], [ 128.186212400000045, -2.866192199999944 ], [ 128.192111100000034, -2.862951799999962 ], [ 128.208612500000072, -2.862845399999969 ], [ 128.211901, -2.858718199999942 ], [ 128.224235900000053, -2.859818 ], [ 128.22502970000005, -2.857193399999971 ], [ 128.229913700000111, -2.857845599999962 ], [ 128.237749, -2.853898399999935 ], [ 128.249670800000104, -2.858714199999952 ], [ 128.256784900000071, -2.858571299999937 ], [ 128.256869, -2.864618199999938 ], [ 128.266224600000101, -2.868724199999974 ], [ 128.274043100000085, -2.868168799999978 ], [ 128.28738020000003, -2.862307399999963 ], [ 128.30264770000008, -2.865561499999956 ], [ 128.334832900000038, -2.860477699999933 ], [ 128.341828300000088, -2.862900599999932 ], [ 128.349750900000117, -2.859778399999925 ], [ 128.3757078000001, -2.871001799999931 ], [ 128.398268300000041, -2.870542 ], [ 128.414715400000091, -2.863441699999953 ], [ 128.422450500000082, -2.854006499999969 ], [ 128.434393900000032, -2.847287 ], [ 128.452803, -2.846617499999979 ], [ 128.46499, -2.852050799999972 ], [ 128.471238800000037, -2.851994699999977 ], [ 128.48199210000007, -2.849138399999958 ], [ 128.500465100000042, -2.836757499999976 ], [ 128.510954300000094, -2.833841699999937 ], [ 128.51450310000007, -2.836114499999951 ], [ 128.529215300000033, -2.836710599999947 ], [ 128.5437468, -2.849164599999938 ], [ 128.563694500000111, -2.853774099999953 ], [ 128.607540600000107, -2.850604099999941 ], [ 128.621518800000104, -2.854178099999956 ], [ 128.639313100000095, -2.851086599999974 ], [ 128.654689, -2.841179799999964 ], [ 128.663901500000065, -2.839560099999971 ], [ 128.66822860000002, -2.840151399999968 ], [ 128.675912600000061, -2.848885099999961 ], [ 128.687719, -2.856322 ], [ 128.7041617000001, -2.861341099999947 ], [ 128.724581300000068, -2.860225299999968 ], [ 128.753564300000107, -2.851193799999976 ], [ 128.752869100000112, -2.863495099999966 ], [ 128.7556389, -2.865990799999963 ], [ 128.751101500000118, -2.878604699999926 ], [ 128.756616700000109, -2.884982599999944 ], [ 128.750324200000023, -2.891161 ], [ 128.752311, -2.899654599999963 ], [ 128.750376300000084, -2.905137599999932 ], [ 128.758402200000091, -2.921913199999949 ], [ 128.754851700000017, -2.925306899999953 ], [ 128.760742400000026, -2.930778099999941 ], [ 128.76030860000003, -2.935333 ], [ 128.763568900000109, -2.938921899999968 ], [ 128.760653600000069, -2.94095219999997 ], [ 128.761605, -2.945826499999953 ], [ 128.758949600000051, -2.947015499999964 ], [ 128.761743200000069, -2.95104 ], [ 128.756691900000078, -2.954955699999971 ], [ 128.756806600000118, -2.958379199999968 ], [ 128.754122700000039, -2.957624299999964 ], [ 128.75343440000006, -2.967190699999946 ], [ 128.749932600000079, -2.968336799999975 ], [ 128.746239700000046, -2.963225399999942 ], [ 128.741752600000041, -2.962032199999953 ], [ 128.744689400000084, -2.967776 ], [ 128.743006300000047, -2.981490899999926 ], [ 128.751873, -3.000089 ], [ 128.7488217, -3.002250299999957 ], [ 128.748112600000013, -3.007568699999979 ], [ 128.752287400000114, -3.031950699999925 ], [ 128.758399300000065, -3.044246299999941 ], [ 128.775672400000076, -3.042835399999944 ], [ 128.830089, -3.231589 ], [ 128.833960900000079, -3.235802899999953 ], [ 128.834230400000024, -3.239857599999937 ], [ 128.842857600000116, -3.239349899999979 ], [ 128.833285800000112, -3.247063 ], [ 128.817104, -3.25 ], [ 128.779515300000071, -3.265124 ], [ 128.771409700000049, -3.272059599999977 ], [ 128.764738700000066, -3.282962199999929 ], [ 128.723176900000112, -3.313548399999945 ], [ 128.692569500000104, -3.350869899999964 ], [ 128.688078400000109, -3.351723899999968 ], [ 128.679549, -3.360246099999927 ], [ 128.671840300000099, -3.371511799999951 ], [ 128.6740238000001, -3.381335499999977 ], [ 128.670366200000103, -3.390744199999972 ], [ 128.698655900000063, -3.411461199999962 ], [ 128.697935800000096, -3.414528799999971 ], [ 128.682094300000017, -3.42817359999998 ], [ 128.674396900000033, -3.433373199999949 ], [ 128.633135200000083, -3.434508799999946 ], [ 128.622662700000092, -3.433849399999929 ], [ 128.615988900000048, -3.428503599999942 ], [ 128.604902500000094, -3.429621 ], [ 128.595064400000069, -3.426342799999929 ], [ 128.574963600000046, -3.439230699999939 ], [ 128.568021600000066, -3.438844099999926 ], [ 128.563910100000044, -3.44303089999994 ], [ 128.5541938, -3.443350899999928 ], [ 128.539132800000061, -3.448387799999978 ], [ 128.521999700000038, -3.458467499999927 ], [ 128.503608500000041, -3.459932899999956 ], [ 128.491238900000099, -3.453849799999944 ], [ 128.48174240000003, -3.454729599999951 ], [ 128.471069300000067, -3.460033199999941 ], [ 128.46056150000004, -3.458316499999967 ], [ 128.45153920000007, -3.451261399999964 ], [ 128.442162400000029, -3.448394699999938 ], [ 128.43558680000001, -3.44906919999994 ], [ 128.424013, -3.438738299999955 ], [ 128.412934600000085, -3.434778899999969 ], [ 128.404470800000013, -3.427369899999974 ], [ 128.4017659000001, -3.41084989999996 ], [ 128.3968536000001, -3.404092 ], [ 128.395259800000076, -3.39471089999995 ], [ 128.380605500000115, -3.383817199999953 ], [ 128.378835200000026, -3.375321 ], [ 128.374610600000096, -3.372280099999955 ], [ 128.36814650000008, -3.360123199999975 ], [ 128.354840300000092, -3.353625099999931 ], [ 128.348581800000034, -3.341881199999932 ], [ 128.3331376000001, -3.329305199999965 ], [ 128.333362400000055, -3.32240319999994 ], [ 128.328309000000104, -3.308447799999954 ], [ 128.31810530000007, -3.294311899999968 ], [ 128.317568600000072, -3.285138099999926 ], [ 128.31251060000011, -3.278527399999973 ], [ 128.312279100000069, -3.273630799999978 ], [ 128.300208100000077, -3.265628799999945 ], [ 128.301776800000084, -3.246457199999952 ], [ 128.295960200000081, -3.23376959999996 ], [ 128.291574200000014, -3.225467 ], [ 128.282821400000103, -3.221843799999931 ], [ 128.280241500000102, -3.218213899999967 ], [ 128.271013700000026, -3.216113099999973 ], [ 128.269050900000025, -3.211451299999965 ], [ 128.270039000000111, -3.204284399999949 ], [ 128.2662252, -3.20277729999998 ], [ 128.257990100000029, -3.207903699999974 ], [ 128.248893100000032, -3.207897099999968 ], [ 128.247193, -3.205152699999928 ], [ 128.250453600000014, -3.200671599999964 ], [ 128.253036, -3.200644 ], [ 128.253126300000076, -3.197576499999968 ], [ 128.241397600000028, -3.204794399999969 ], [ 128.242832100000101, -3.209485399999949 ], [ 128.235579100000109, -3.215733099999966 ], [ 128.230033100000014, -3.215404499999977 ], [ 128.224491600000079, -3.209029099999952 ], [ 128.222054600000092, -3.210797 ], [ 128.224339300000111, -3.216373499999975 ], [ 128.221198400000048, -3.217698399999961 ], [ 128.211065800000029, -3.209490699999947 ], [ 128.205167700000061, -3.209220699999946 ], [ 128.199830900000052, -3.204025199999933 ], [ 128.199334900000053, -3.200278899999944 ], [ 128.192528200000083, -3.198739699999976 ], [ 128.199094900000091, -3.207062699999938 ], [ 128.202845400000115, -3.218108899999947 ], [ 128.196895700000027, -3.21614569999997 ], [ 128.1940978, -3.221641499999976 ], [ 128.190107200000057, -3.221142799999939 ], [ 128.186711400000036, -3.22552909999996 ], [ 128.185602300000028, -3.232678 ], [ 128.178337400000032, -3.226809799999955 ], [ 128.176729200000068, -3.21954519999997 ], [ 128.170591100000024, -3.212077799999975 ], [ 128.169790100000114, -3.204644199999962 ], [ 128.16060850000008, -3.200654799999938 ], [ 128.160316800000032, -3.198501399999941 ], [ 128.17078760000004, -3.186623199999929 ], [ 128.1677386, -3.183169699999951 ], [ 128.162629, -3.187796399999968 ], [ 128.157875300000114, -3.187704 ], [ 128.164702200000079, -3.18225289999998 ], [ 128.165339600000038, -3.174201099999948 ], [ 128.160707000000116, -3.169566499999974 ], [ 128.159218600000031, -3.159507299999973 ], [ 128.167208900000105, -3.166799199999957 ], [ 128.171083100000033, -3.165711 ], [ 128.172963100000061, -3.163146299999937 ], [ 128.168640600000117, -3.155975399999932 ], [ 128.172019, -3.151052299999947 ], [ 128.171352600000091, -3.140285899999981 ], [ 128.173080600000048, -3.144446199999948 ], [ 128.187352700000019, -3.148675299999979 ], [ 128.195237300000031, -3.140983 ], [ 128.194786400000112, -3.135850399999924 ], [ 128.197663100000113, -3.134407299999964 ], [ 128.201895200000081, -3.125502799999936 ], [ 128.199700900000039, -3.117153799999926 ], [ 128.19501, -3.111988399999973 ], [ 128.19779850000009, -3.110722199999941 ], [ 128.200606200000038, -3.103320899999972 ], [ 128.198455500000023, -3.095414299999959 ], [ 128.199174800000037, -3.075328099999979 ], [ 128.19413320000001, -3.068481199999951 ], [ 128.188425900000084, -3.069096299999956 ], [ 128.183529100000101, -3.064933699999926 ], [ 128.170545300000072, -3.065454599999953 ], [ 128.1548596, -3.069394699999975 ], [ 128.151893, -3.073462699999936 ], [ 128.148019500000032, -3.074108499999966 ], [ 128.144946700000105, -3.08248279999998 ], [ 128.13929440000004, -3.08761039999996 ], [ 128.134687500000041, -3.087960599999974 ], [ 128.129224100000101, -3.095300499999951 ], [ 128.124542200000064, -3.09765619999996 ], [ 128.119324600000027, -3.109155099999953 ], [ 128.112219800000048, -3.114074799999969 ], [ 128.110411200000044, -3.118999 ], [ 128.101954500000033, -3.126365599999929 ], [ 128.090521400000057, -3.131487799999945 ], [ 128.086741300000085, -3.142574699999955 ], [ 128.083569800000078, -3.145462399999928 ], [ 128.082788800000117, -3.16610819999994 ], [ 128.076406800000086, -3.182501699999932 ], [ 128.076871800000049, -3.18754569999993 ], [ 128.071746800000028, -3.192702699999927 ], [ 128.072237600000108, -3.201640099999963 ], [ 128.067256400000019, -3.209805699999947 ], [ 128.069582600000103, -3.217152 ], [ 128.067387300000064, -3.243282399999941 ], [ 128.060759500000017, -3.25463179999997 ], [ 128.063585900000021, -3.260503899999946 ], [ 128.058304800000087, -3.275010299999963 ], [ 128.063300600000048, -3.283303099999955 ], [ 128.059077500000058, -3.296040799999957 ], [ 128.062399700000014, -3.305275799999947 ], [ 128.055130600000098, -3.326770499999952 ], [ 128.054911, -3.341635599999961 ], [ 128.050943900000107, -3.346970299999953 ], [ 128.031107500000076, -3.359073099999932 ], [ 128.029731800000036, -3.370279599999947 ], [ 128.016000100000042, -3.381473599999936 ], [ 128.00624090000008, -3.38226 ], [ 127.994464600000015, -3.375346099999945 ], [ 127.986418100000037, -3.380263299999967 ], [ 127.972558400000025, -3.414874499999939 ], [ 127.969924400000082, -3.435399399999937 ], [ 127.954004, -3.459981 ], [ 127.945240200000057, -3.467607 ], [ 127.944144200000096, -3.486504699999955 ], [ 127.948011800000018, -3.510712699999942 ], [ 127.951308200000085, -3.518618199999935 ], [ 127.960207100000048, -3.528116 ], [ 127.945990400000028, -3.533317 ], [ 127.936267, -3.543912599999942 ], [ 127.934301100000084, -3.551835099999948 ], [ 127.93659080000009, -3.563133099999959 ], [ 127.924155300000052, -3.565025599999956 ], [ 127.921150300000022, -3.568443099999968 ], [ 127.923271500000055, -3.560350799999981 ], [ 127.919060400000035, -3.542156 ] ] ], [ [ [ 127.614216600000077, -3.372592899999972 ], [ 127.614858600000048, -3.37292709999997 ], [ 127.614174700000035, -3.372957299999939 ], [ 127.614216600000077, -3.372592899999972 ] ] ], [ [ [ 127.609775400000103, -3.36983749999996 ], [ 127.612580800000046, -3.371622199999933 ], [ 127.612714800000049, -3.372174299999926 ], [ 127.609775400000103, -3.36983749999996 ] ] ], [ [ [ 127.648842900000091, -3.370589 ], [ 127.6483167, -3.369929099999979 ], [ 127.649347100000114, -3.370166 ], [ 127.648842900000091, -3.370589 ] ] ], [ [ [ 127.587639400000057, -3.366755799999964 ], [ 127.589080200000012, -3.367614299999957 ], [ 127.588533400000074, -3.368008699999962 ], [ 127.587639400000057, -3.366755799999964 ] ] ], [ [ [ 127.589423200000056, -3.365589299999954 ], [ 127.590130700000032, -3.366408099999944 ], [ 127.589911700000016, -3.366759099999967 ], [ 127.589423200000056, -3.365589299999954 ] ] ], [ [ [ 127.592317700000081, -3.364962 ], [ 127.593102700000031, -3.366061099999968 ], [ 127.592424600000072, -3.366587099999947 ], [ 127.592317700000081, -3.364962 ] ] ], [ [ [ 127.581514500000026, -3.359299599999929 ], [ 127.581312700000012, -3.36013719999994 ], [ 127.580853900000079, -3.360070699999937 ], [ 127.581514500000026, -3.359299599999929 ] ] ], [ [ [ 127.589579600000093, -3.354593799999975 ], [ 127.592541600000118, -3.361207499999978 ], [ 127.586467, -3.361572 ], [ 127.585295, -3.356080799999972 ], [ 127.589579600000093, -3.354593799999975 ] ] ], [ [ [ 127.5819758, -3.354802399999926 ], [ 127.582893700000113, -3.354671899999971 ], [ 127.581997100000081, -3.355219599999941 ], [ 127.5819758, -3.354802399999926 ] ] ], [ [ [ 127.617115200000057, -3.308069699999976 ], [ 127.621634600000107, -3.304874299999938 ], [ 127.625161300000059, -3.306952299999978 ], [ 127.632319600000073, -3.318157 ], [ 127.632108400000106, -3.330042499999934 ], [ 127.636598900000081, -3.339562 ], [ 127.6458583000001, -3.348143799999946 ], [ 127.657162400000061, -3.35322709999997 ], [ 127.660007900000096, -3.359197 ], [ 127.656938100000048, -3.366402599999958 ], [ 127.641402500000027, -3.371379499999932 ], [ 127.631506500000114, -3.367380599999933 ], [ 127.616777600000091, -3.369156399999952 ], [ 127.605846900000074, -3.359512499999937 ], [ 127.600808800000095, -3.348425799999973 ], [ 127.583461, -3.346857499999942 ], [ 127.581791600000088, -3.344252199999971 ], [ 127.564150600000062, -3.339504499999975 ], [ 127.551696500000048, -3.337873799999954 ], [ 127.540727400000037, -3.33953889999998 ], [ 127.506191200000103, -3.330480799999975 ], [ 127.499895200000083, -3.318563 ], [ 127.493245300000012, -3.313439499999959 ], [ 127.490723300000013, -3.306548799999973 ], [ 127.488315900000089, -3.307259099999953 ], [ 127.489650500000039, -3.303668 ], [ 127.487191200000098, -3.300831199999948 ], [ 127.487607800000092, -3.298113899999976 ], [ 127.506206900000052, -3.28938949999997 ], [ 127.513060100000075, -3.288731799999937 ], [ 127.517363900000078, -3.284177599999964 ], [ 127.526376300000038, -3.280183199999954 ], [ 127.527777800000081, -3.269889299999932 ], [ 127.5238759, -3.266129099999944 ], [ 127.522899500000108, -3.259977699999979 ], [ 127.52522620000002, -3.259566499999949 ], [ 127.529296, -3.266021899999942 ], [ 127.532137200000079, -3.266348499999935 ], [ 127.534100300000091, -3.263817699999947 ], [ 127.540951200000109, -3.264726 ], [ 127.546538700000042, -3.259758899999952 ], [ 127.551053900000056, -3.259396899999956 ], [ 127.556974500000024, -3.261824 ], [ 127.55424620000008, -3.262649199999942 ], [ 127.559786900000063, -3.266319599999974 ], [ 127.559675800000036, -3.263854799999933 ], [ 127.56428040000003, -3.265128299999958 ], [ 127.565654500000051, -3.257690299999979 ], [ 127.569920800000091, -3.255116599999951 ], [ 127.572853200000054, -3.255834799999946 ], [ 127.575792800000045, -3.259524499999941 ], [ 127.574465, -3.258555099999967 ], [ 127.574666300000104, -3.262079599999936 ], [ 127.5683596, -3.265180199999975 ], [ 127.572251700000038, -3.267949899999962 ], [ 127.575877400000081, -3.264615099999958 ], [ 127.580507200000056, -3.264276199999927 ], [ 127.581970900000101, -3.266443399999957 ], [ 127.577170100000103, -3.266091099999926 ], [ 127.581999800000062, -3.270313199999975 ], [ 127.5830482, -3.27443779999993 ], [ 127.591732, -3.277661 ], [ 127.596095600000012, -3.285766 ], [ 127.60459220000007, -3.290108399999951 ], [ 127.60718230000009, -3.298151 ], [ 127.617115200000057, -3.308069699999976 ] ] ], [ [ [ 127.61795410000002, -3.304561099999944 ], [ 127.618794500000035, -3.303755499999966 ], [ 127.618221500000118, -3.304720399999951 ], [ 127.61795410000002, -3.304561099999944 ] ] ], [ [ [ 127.474830600000018, -3.30321779999997 ], [ 127.471394900000064, -3.30405589999998 ], [ 127.470137, -3.303476099999955 ], [ 127.474400200000105, -3.300124599999947 ], [ 127.474830600000018, -3.30321779999997 ] ] ], [ [ [ 127.61708370000008, -3.300709299999937 ], [ 127.61265810000009, -3.299492899999962 ], [ 127.615020900000104, -3.297198 ], [ 127.61708370000008, -3.300709299999937 ] ] ], [ [ [ 127.534908200000018, -3.256716099999949 ], [ 127.538454800000068, -3.259049699999935 ], [ 127.531100900000069, -3.261819599999967 ], [ 127.528856500000074, -3.257980299999929 ], [ 127.534908200000018, -3.256716099999949 ] ] ], [ [ [ 127.547039, -3.246469099999956 ], [ 127.5641137, -3.253426799999943 ], [ 127.560045500000115, -3.261782299999936 ], [ 127.55820360000007, -3.25737909999998 ], [ 127.542158100000051, -3.254178399999944 ], [ 127.542931700000054, -3.250056499999971 ], [ 127.547039, -3.246469099999956 ] ] ], [ [ [ 127.527930900000115, -3.249408099999926 ], [ 127.527376000000118, -3.249146399999972 ], [ 127.529011800000035, -3.249063899999953 ], [ 127.527930900000115, -3.249408099999926 ] ] ], [ [ [ 127.797236500000054, -3.193788199999972 ], [ 127.800652700000114, -3.204517399999929 ], [ 127.798721300000011, -3.213724599999978 ], [ 127.801132300000063, -3.220248399999946 ], [ 127.791923700000098, -3.235338499999955 ], [ 127.79568, -3.247183599999971 ], [ 127.795175500000028, -3.25264569999996 ], [ 127.78936560000011, -3.256785799999932 ], [ 127.774649400000044, -3.24896 ], [ 127.767149700000118, -3.250352299999975 ], [ 127.750975800000106, -3.248101499999962 ], [ 127.735443800000098, -3.25606149999993 ], [ 127.707751700000017, -3.260401899999977 ], [ 127.700429200000031, -3.256817499999954 ], [ 127.676746700000081, -3.252296499999943 ], [ 127.65920820000008, -3.238888899999949 ], [ 127.65560210000001, -3.233221499999956 ], [ 127.637956600000052, -3.225819399999978 ], [ 127.640225100000066, -3.220960599999955 ], [ 127.653600200000028, -3.208452099999931 ], [ 127.670215700000085, -3.198149599999965 ], [ 127.683522700000026, -3.193962799999952 ], [ 127.69063390000008, -3.184248099999934 ], [ 127.705342500000029, -3.173942299999965 ], [ 127.709945100000027, -3.167885 ], [ 127.720365300000026, -3.162464 ], [ 127.72133620000011, -3.15960519999993 ], [ 127.727667200000042, -3.159269799999947 ], [ 127.733845900000119, -3.155473599999937 ], [ 127.740855700000111, -3.15851379999998 ], [ 127.748230500000091, -3.153803699999969 ], [ 127.760539400000084, -3.151072899999974 ], [ 127.767318800000112, -3.156572199999971 ], [ 127.772411500000089, -3.156835699999931 ], [ 127.780006900000103, -3.170315499999958 ], [ 127.799456300000088, -3.181206499999973 ], [ 127.797716600000058, -3.184693799999934 ], [ 127.790291900000057, -3.183255 ], [ 127.790515800000094, -3.186429899999951 ], [ 127.794410600000106, -3.189323199999933 ], [ 127.79353970000011, -3.191924799999924 ], [ 127.797236500000054, -3.193788199999972 ] ] ], [ [ [ 127.638363, -3.222511899999972 ], [ 127.637965700000109, -3.222411499999964 ], [ 127.63833000000011, -3.222378699999979 ], [ 127.638363, -3.222511899999972 ] ] ], [ [ [ 127.785314300000095, -3.151774299999943 ], [ 127.833488700000089, -3.153591499999948 ], [ 127.835094700000013, -3.155799599999966 ], [ 127.827377600000091, -3.16133259999998 ], [ 127.817088, -3.164552699999945 ], [ 127.815190200000075, -3.157057099999975 ], [ 127.80429330000004, -3.156472599999972 ], [ 127.803466600000093, -3.157844499999953 ], [ 127.810916200000065, -3.162343399999941 ], [ 127.812963200000013, -3.168120199999976 ], [ 127.806163900000115, -3.172230899999931 ], [ 127.798945700000104, -3.164397399999928 ], [ 127.786895200000117, -3.162507099999971 ], [ 127.780768500000022, -3.165657299999964 ], [ 127.775715900000023, -3.155401 ], [ 127.776697200000058, -3.153182799999968 ], [ 127.785314300000095, -3.151774299999943 ] ] ], [ [ [ 127.839335100000085, -3.154910799999925 ], [ 127.839903800000116, -3.155254699999944 ], [ 127.83896470000002, -3.155339399999946 ], [ 127.839335100000085, -3.154910799999925 ] ] ], [ [ [ 127.931709800000021, -3.10749519999996 ], [ 127.930668900000114, -3.105747299999962 ], [ 127.93171140000004, -3.105864799999949 ], [ 127.931709800000021, -3.10749519999996 ] ] ], [ [ [ 127.93079750000004, -3.10224089999997 ], [ 127.928922400000033, -3.102916099999959 ], [ 127.927752700000042, -3.101148499999965 ], [ 127.929862200000116, -3.100326299999949 ], [ 127.93079750000004, -3.10224089999997 ] ] ], [ [ [ 127.830465400000094, -3.036729299999934 ], [ 127.833100300000069, -3.037887299999966 ], [ 127.831477300000074, -3.038565099999971 ], [ 127.830465400000094, -3.036729299999934 ] ] ], [ [ [ 127.947082400000113, -3.015119 ], [ 127.929171200000042, -3.027592 ], [ 127.925674, -3.032962199999929 ], [ 127.914533100000085, -3.03856769999993 ], [ 127.904575300000033, -3.03806359999993 ], [ 127.892402400000037, -3.041015499999958 ], [ 127.891163400000096, -3.03849189999994 ], [ 127.893338200000017, -3.036413899999957 ], [ 127.888408700000014, -3.038541 ], [ 127.879097500000057, -3.038037299999928 ], [ 127.874716800000101, -3.034704399999953 ], [ 127.863421, -3.039945099999954 ], [ 127.853040600000099, -3.035591599999975 ], [ 127.845666300000062, -3.038106 ], [ 127.842206100000112, -3.032745699999964 ], [ 127.828819100000032, -3.034395399999937 ], [ 127.841582700000117, -3.023072099999979 ], [ 127.844848400000046, -3.016705 ], [ 127.852826800000116, -3.017519499999935 ], [ 127.869019300000105, -3.004041099999938 ], [ 127.867788500000074, -2.993612699999971 ], [ 127.871827200000098, -2.977131099999951 ], [ 127.876005700000064, -2.975705299999959 ], [ 127.879504200000042, -2.968948099999977 ], [ 127.876985900000022, -2.965539099999944 ], [ 127.877947200000108, -2.961197599999934 ], [ 127.894087600000034, -2.959939799999972 ], [ 127.904695700000048, -2.955919899999969 ], [ 127.903936400000021, -2.952148699999952 ], [ 127.90690810000001, -2.954855899999927 ], [ 127.906601400000113, -2.951163199999939 ], [ 127.909186300000101, -2.952699899999971 ], [ 127.915034200000036, -2.949923299999966 ], [ 127.924682900000107, -2.934876799999927 ], [ 127.936600100000078, -2.941207099999929 ], [ 127.941385300000093, -2.940821599999936 ], [ 127.937917800000037, -2.928908799999931 ], [ 127.932785200000012, -2.927551699999981 ], [ 127.9241412, -2.919898399999965 ], [ 127.918500800000061, -2.922155199999963 ], [ 127.9131493000001, -2.91988779999997 ], [ 127.913088900000048, -2.915415199999927 ], [ 127.924511400000029, -2.911343699999975 ], [ 127.934784300000047, -2.919492499999933 ], [ 127.952119800000105, -2.925827799999979 ], [ 127.970925700000066, -2.922594799999956 ], [ 127.990749100000016, -2.923913099999936 ], [ 128.002233, -2.93480569999997 ], [ 128.003951400000119, -2.93999539999993 ], [ 128.001695900000072, -2.945948199999975 ], [ 127.971111800000017, -2.973406199999943 ], [ 127.963652600000046, -2.998024599999951 ], [ 127.947082400000113, -3.015119 ] ] ], [ [ [ 127.866779900000097, -2.96489859999997 ], [ 127.867680300000075, -2.960809099999949 ], [ 127.8698405, -2.962942299999952 ], [ 127.866779900000097, -2.96489859999997 ] ] ], [ [ [ 127.924398800000063, -2.925289699999951 ], [ 127.921536800000013, -2.936986599999955 ], [ 127.91154680000011, -2.943668399999979 ], [ 127.909750600000052, -2.948887799999966 ], [ 127.897476900000015, -2.951183599999979 ], [ 127.889069500000119, -2.958113199999957 ], [ 127.881710800000064, -2.956425099999933 ], [ 127.874639600000023, -2.958591599999977 ], [ 127.878950300000042, -2.950796299999979 ], [ 127.886172000000101, -2.94647759999998 ], [ 127.898500700000113, -2.93261659999996 ], [ 127.918929300000059, -2.926264699999933 ], [ 127.918911100000059, -2.923089399999981 ], [ 127.924398800000063, -2.925289699999951 ] ] ], [ [ [ 127.897646400000099, -2.924989399999959 ], [ 127.89969080000003, -2.92363 ], [ 127.90157140000008, -2.923608399999978 ], [ 127.899356200000057, -2.925707699999975 ], [ 127.897646400000099, -2.924989399999959 ] ] ], [ [ [ 127.90023860000008, -2.922135499999968 ], [ 127.899810500000058, -2.922650799999928 ], [ 127.899716, -2.922149099999956 ], [ 127.90023860000008, -2.922135499999968 ] ] ], [ [ [ 127.910600900000077, -2.917621599999961 ], [ 127.908932600000071, -2.923137499999939 ], [ 127.904133800000068, -2.923132799999962 ], [ 127.907441100000028, -2.917761799999937 ], [ 127.910600900000077, -2.917621599999961 ] ] ], [ [ [ 128.15110540000012, -3.29804809999996 ], [ 128.143150200000036, -3.311799699999938 ], [ 128.138753100000031, -3.314233699999932 ], [ 128.139238400000067, -3.308417 ], [ 128.144437100000118, -3.302417299999945 ], [ 128.148582900000065, -3.29898129999998 ], [ 128.15110540000012, -3.29804809999996 ] ] ], [ [ [ 128.17208810000011, -3.216714 ], [ 128.172624400000018, -3.231176099999971 ], [ 128.164673000000107, -3.228809099999978 ], [ 128.157952800000089, -3.233367099999953 ], [ 128.155136, -3.231759599999975 ], [ 128.1702729000001, -3.215595199999939 ], [ 128.17208810000011, -3.216714 ] ] ], [ [ [ 127.935928500000045, -3.121617299999969 ], [ 127.93478970000001, -3.121473099999946 ], [ 127.935075100000063, -3.12080549999996 ], [ 127.935928500000045, -3.121617299999969 ] ] ], [ [ [ 127.93807240000001, -3.119971899999939 ], [ 127.937080300000048, -3.116231899999946 ], [ 127.937653200000113, -3.115455699999927 ], [ 127.939743200000066, -3.118560399999978 ], [ 127.93807240000001, -3.119971899999939 ] ] ], [ [ [ 127.934604700000023, -3.116702799999928 ], [ 127.935174500000016, -3.116417199999944 ], [ 127.935031700000081, -3.116846299999963 ], [ 127.934604700000023, -3.116702799999928 ] ] ], [ [ [ 127.932958800000051, -3.108160799999951 ], [ 127.934775500000114, -3.107308799999942 ], [ 127.935506100000111, -3.108928799999944 ], [ 127.934275100000036, -3.109781399999974 ], [ 127.932958800000051, -3.108160799999951 ] ] ], [ [ [ 127.939478700000109, -3.10051569999996 ], [ 127.940406500000108, -3.099468499999944 ], [ 127.940521100000069, -3.100749599999972 ], [ 127.939478700000109, -3.10051569999996 ] ] ], [ [ [ 127.936005300000033, -3.098415899999964 ], [ 127.937278500000048, -3.099581799999953 ], [ 127.936119500000018, -3.10004639999994 ], [ 127.936005300000033, -3.098415899999964 ] ] ], [ [ [ 127.945329600000036, -3.096808899999928 ], [ 127.947056500000031, -3.097841099999926 ], [ 127.94632270000011, -3.099430199999972 ], [ 127.945034700000065, -3.098810599999979 ], [ 127.945329600000036, -3.096808899999928 ] ] ], [ [ [ 127.949434700000097, -3.09177 ], [ 127.950761900000089, -3.093202399999939 ], [ 127.948959400000035, -3.092485099999976 ], [ 127.949434700000097, -3.09177 ] ] ], [ [ [ 127.9553820000001, -3.089870699999949 ], [ 127.955644600000028, -3.090872 ], [ 127.955058800000074, -3.090900799999929 ], [ 127.9553820000001, -3.089870699999949 ] ] ], [ [ [ 128.025082500000053, -3.072849899999937 ], [ 128.024415, -3.07099519999997 ], [ 128.028986700000019, -3.069194599999946 ], [ 128.029132000000118, -3.070884699999965 ], [ 128.025082500000053, -3.072849899999937 ] ] ], [ [ [ 128.083342600000037, -3.056702299999927 ], [ 128.08400180000001, -3.05621919999993 ], [ 128.083735200000092, -3.05684 ], [ 128.083342600000037, -3.056702299999927 ] ] ], [ [ [ 128.087954200000013, -3.055024099999969 ], [ 128.088585800000033, -3.055127599999935 ], [ 128.087970800000107, -3.055521899999974 ], [ 128.087954200000013, -3.055024099999969 ] ] ], [ [ [ 128.081567900000096, -3.057829499999968 ], [ 128.0806655, -3.052374399999962 ], [ 128.082782, -3.053268799999955 ], [ 128.081567900000096, -3.057829499999968 ] ] ], [ [ [ 128.08969710000008, -3.053429199999925 ], [ 128.088489, -3.048467499999958 ], [ 128.091545700000097, -3.046636399999954 ], [ 128.091901400000097, -3.051508599999977 ], [ 128.08969710000008, -3.053429199999925 ] ] ], [ [ [ 128.091381500000011, -3.039685199999951 ], [ 128.09182450000003, -3.039134 ], [ 128.091912800000046, -3.039312 ], [ 128.091381500000011, -3.039685199999951 ] ] ], [ [ [ 128.091551300000106, -3.037683499999957 ], [ 128.090418500000055, -3.037682599999926 ], [ 128.090310500000101, -3.036711 ], [ 128.091551300000106, -3.037683499999957 ] ] ], [ [ [ 128.073038200000042, -3.037104399999976 ], [ 128.073695, -3.033029299999953 ], [ 128.075548900000058, -3.033310899999947 ], [ 128.073038200000042, -3.037104399999976 ] ] ], [ [ [ 128.075621900000101, -3.021275599999967 ], [ 128.079651800000079, -3.022928799999931 ], [ 128.070518400000083, -3.02358449999997 ], [ 128.075621900000101, -3.021275599999967 ] ] ], [ [ [ 128.083237600000075, -3.022429699999975 ], [ 128.085558400000082, -3.020136299999933 ], [ 128.086139000000117, -3.020789299999933 ], [ 128.083237600000075, -3.022429699999975 ] ] ], [ [ [ 128.059883500000069, -2.996045299999935 ], [ 128.055509200000074, -3.01667249999997 ], [ 128.050151200000073, -3.018319199999951 ], [ 128.046428000000105, -3.015348199999949 ], [ 128.050238700000023, -2.999722799999972 ], [ 128.056504400000108, -2.99434309999998 ], [ 128.059883500000069, -2.996045299999935 ] ] ], [ [ [ 128.752086300000087, -1.523947299999975 ], [ 128.748607900000025, -1.522456099999943 ], [ 128.752609900000039, -1.517819399999951 ], [ 128.752086300000087, -1.523947299999975 ] ] ], [ [ [ 128.728506200000083, -1.521651799999972 ], [ 128.723850800000037, -1.518635499999959 ], [ 128.723700700000109, -1.508571699999948 ], [ 128.727502800000025, -1.505161399999963 ], [ 128.734347100000036, -1.505857 ], [ 128.737572000000114, -1.517158399999971 ], [ 128.728506200000083, -1.521651799999972 ] ] ], [ [ [ 128.710063800000057, -1.507221099999924 ], [ 128.715982600000075, -1.513484399999925 ], [ 128.713895400000069, -1.518479299999967 ], [ 128.705812400000013, -1.515459299999975 ], [ 128.704637800000114, -1.511438099999964 ], [ 128.706338100000039, -1.509988199999952 ], [ 128.710063800000057, -1.507221099999924 ] ] ], [ [ [ 128.633531600000083, -1.512624199999948 ], [ 128.629736, -1.509559 ], [ 128.63179480000008, -1.501598599999966 ], [ 128.638393800000017, -1.498624 ], [ 128.645659600000045, -1.500080799999978 ], [ 128.646076300000118, -1.508087299999943 ], [ 128.638701500000025, -1.512451899999974 ], [ 128.633531600000083, -1.512624199999948 ] ] ], [ [ [ 128.652426900000023, -1.485377399999948 ], [ 128.66023650000011, -1.481720099999961 ], [ 128.6629286000001, -1.486056499999961 ], [ 128.661851100000035, -1.488495399999977 ], [ 128.6504063000001, -1.492423 ], [ 128.652426900000023, -1.485377399999948 ] ] ], [ [ [ 128.935409200000095, -1.392941 ], [ 128.936347700000056, -1.394090099999971 ], [ 128.935344800000053, -1.393503599999974 ], [ 128.935409200000095, -1.392941 ] ] ], [ [ [ 128.930175800000029, -1.384144899999967 ], [ 128.929522100000099, -1.39030779999996 ], [ 128.920526800000061, -1.398634899999934 ], [ 128.916753200000016, -1.398708899999974 ], [ 128.911921500000062, -1.393194199999925 ], [ 128.911946400000033, -1.384453 ], [ 128.915637200000106, -1.379253499999948 ], [ 128.920153100000107, -1.380674 ], [ 128.925718300000085, -1.37878459999996 ], [ 128.930175800000029, -1.384144899999967 ] ] ] ] } },
{ "type": "Feature", "properties": { "kab_kota": "Seram Bagian Timur", "provinsi": "Maluku", "regency_code": "id8107" }, "geometry": { "type": "MultiPolygon", "coordinates": [ [ [ [ 130.550174500000026, -3.713984899999957 ], [ 130.503531700000053, -3.706169799999941 ], [ 130.485589600000026, -3.707744 ], [ 130.479058400000099, -3.701952399999925 ], [ 130.47362140000007, -3.700776 ], [ 130.470811900000058, -3.697088 ], [ 130.473802500000033, -3.69286 ], [ 130.472335300000054, -3.685963799999968 ], [ 130.447788400000036, -3.654352299999971 ], [ 130.446569, -3.655527099999972 ], [ 130.42621250000002, -3.643601899999965 ], [ 130.412323300000025, -3.629978799999947 ], [ 130.3717319000001, -3.618907699999966 ], [ 130.353492200000119, -3.621200199999976 ], [ 130.342447300000117, -3.612424 ], [ 130.327519700000039, -3.614921799999934 ], [ 130.325815200000079, -3.61252049999996 ], [ 130.327901800000063, -3.607173799999941 ], [ 130.32369140000003, -3.60135779999996 ], [ 130.31603860000007, -3.596726399999966 ], [ 130.303090800000064, -3.593750599999964 ], [ 130.29663, -3.586575 ], [ 130.284879200000091, -3.585058799999956 ], [ 130.276903200000106, -3.579619899999955 ], [ 130.258440800000017, -3.576335499999971 ], [ 130.243599, -3.565942099999972 ], [ 130.216916900000115, -3.562500299999954 ], [ 130.206011000000103, -3.559127899999964 ], [ 130.205244600000015, -3.555371299999933 ], [ 130.198989500000039, -3.552128599999946 ], [ 130.176553200000058, -3.548791899999969 ], [ 130.17288480000002, -3.543642899999952 ], [ 130.15301420000003, -3.539814099999944 ], [ 130.13168840000003, -3.531977099999949 ], [ 130.12264330000005, -3.523437699999931 ], [ 130.117483100000072, -3.512993299999948 ], [ 130.099504600000046, -3.500875099999973 ], [ 130.092484800000079, -3.501253199999951 ], [ 130.08129340000005, -3.495747 ], [ 130.06435840000006, -3.491597299999967 ], [ 130.042431, -3.490197199999955 ], [ 130.035940900000014, -3.485537199999953 ], [ 130.015431400000011, -3.482741699999963 ], [ 130.008758500000113, -3.472394699999938 ], [ 130.005340600000068, -3.470776299999955 ], [ 129.989176900000075, -3.441820499999949 ], [ 129.970856700000013, -3.426608399999964 ], [ 129.975027800000021, -3.40876 ], [ 129.969114600000012, -3.389372199999968 ], [ 129.970825800000057, -3.381044599999939 ], [ 129.957618700000012, -3.356453699999975 ], [ 129.935972900000024, -3.345589199999949 ], [ 129.927379600000108, -3.33821649999993 ], [ 129.9043190000001, -3.335869599999967 ], [ 129.886119400000098, -3.341472099999976 ], [ 129.858427600000027, -3.336138499999947 ], [ 129.855595900000026, -3.329824699999961 ], [ 129.856232700000078, -3.323683699999947 ], [ 129.873801700000058, -3.306302199999948 ], [ 129.876340700000014, -3.297691 ], [ 129.879810900000052, -3.294895899999972 ], [ 129.883739000000105, -3.286516099999972 ], [ 129.884418400000072, -3.269297699999925 ], [ 129.899688300000093, -3.25927919999998 ], [ 129.905848600000013, -3.233433199999979 ], [ 129.900165400000105, -3.221735199999955 ], [ 129.910669, -3.209211599999946 ], [ 129.914210600000047, -3.198586699999964 ], [ 129.915164300000015, -3.177302099999963 ], [ 129.912736800000062, -3.167938699999979 ], [ 129.927083900000071, -3.163839499999938 ], [ 130.020200300000056, -3.182489299999929 ], [ 130.044246600000065, -3.181527399999936 ], [ 130.058176800000069, -3.192163599999958 ], [ 130.078177200000027, -3.195051699999965 ], [ 130.084712200000013, -3.208470499999976 ], [ 130.095660300000077, -3.192620099999942 ], [ 130.096081700000013, -3.177705199999934 ], [ 130.093322, -3.17040019999996 ], [ 130.096568700000034, -3.151894199999958 ], [ 130.105821700000092, -3.139881499999944 ], [ 130.106308700000113, -3.122024899999928 ], [ 130.103386700000101, -3.117804199999966 ], [ 130.105703, -3.090680199999952 ], [ 130.101022700000044, -3.081979799999942 ], [ 130.1033916, -3.080246 ], [ 130.1006413, -3.069297799999958 ], [ 130.102876700000024, -3.060258899999951 ], [ 130.101965, -3.046781499999952 ], [ 130.105725800000073, -3.037315699999965 ], [ 130.10341070000004, -3.028848599999947 ], [ 130.106863, -3.022069899999963 ], [ 130.103956200000084, -3.014730499999928 ], [ 130.109739300000115, -3.007770499999936 ], [ 130.110199400000056, -2.995546199999978 ], [ 130.1267749000001, -2.998027 ], [ 130.142452300000059, -2.994317499999966 ], [ 130.151424900000052, -2.987203099999931 ], [ 130.169915400000036, -2.988760299999967 ], [ 130.172371000000112, -2.99017989999993 ], [ 130.176159400000074, -3.007149599999934 ], [ 130.182853500000078, -3.010339399999964 ], [ 130.1955431, -3.010330599999975 ], [ 130.220731700000101, -3.004986499999973 ], [ 130.248409600000059, -2.986712 ], [ 130.2652700000001, -2.979114899999956 ], [ 130.276747300000011, -2.975823599999956 ], [ 130.294519600000058, -2.976645599999927 ], [ 130.316701600000101, -2.972546 ], [ 130.338859, -2.976491899999928 ], [ 130.352511100000015, -2.974865399999942 ], [ 130.360970700000053, -2.98737269999998 ], [ 130.36578170000007, -2.989648899999963 ], [ 130.384113700000057, -2.98826239999994 ], [ 130.389588300000014, -2.996910299999968 ], [ 130.413550500000042, -3.01143639999998 ], [ 130.419587100000058, -3.022781399999928 ], [ 130.439487400000075, -3.031468299999972 ], [ 130.442577400000118, -3.037439599999971 ], [ 130.44207090000009, -3.04846189999995 ], [ 130.444821700000034, -3.059990099999936 ], [ 130.455249700000081, -3.064086299999929 ], [ 130.459340500000053, -3.062135299999966 ], [ 130.45927990000007, -3.056774299999972 ], [ 130.480040800000097, -3.073469099999954 ], [ 130.490999500000044, -3.098911799999939 ], [ 130.495262700000012, -3.103588499999944 ], [ 130.506372200000101, -3.105866699999979 ], [ 130.509252600000082, -3.102423099999953 ], [ 130.529015400000048, -3.10169929999995 ], [ 130.539304500000071, -3.107136599999933 ], [ 130.553493600000024, -3.107526699999937 ], [ 130.555369700000028, -3.11362639999993 ], [ 130.560143500000095, -3.117655399999933 ], [ 130.578911200000107, -3.125149 ], [ 130.58570270000007, -3.135327599999925 ], [ 130.600112200000012, -3.148100599999964 ], [ 130.603881700000102, -3.156091099999969 ], [ 130.607989300000099, -3.182651799999974 ], [ 130.612155500000085, -3.186050199999954 ], [ 130.614254500000015, -3.196010299999955 ], [ 130.61276620000001, -3.212315499999931 ], [ 130.622957600000063, -3.229471499999931 ], [ 130.630322700000079, -3.237067599999932 ], [ 130.629499100000089, -3.26293579999998 ], [ 130.638180600000055, -3.281832699999939 ], [ 130.638620200000105, -3.286179299999958 ], [ 130.629366900000036, -3.314669899999956 ], [ 130.632653300000015, -3.340314 ], [ 130.642850600000088, -3.359425199999976 ], [ 130.643307900000082, -3.374205399999937 ], [ 130.653059800000051, -3.38527449999998 ], [ 130.656520800000067, -3.385485899999935 ], [ 130.662820400000101, -3.40134269999993 ], [ 130.673609500000111, -3.406049399999972 ], [ 130.682077, -3.405004399999939 ], [ 130.69871830000011, -3.397367399999951 ], [ 130.706082500000093, -3.403223099999934 ], [ 130.72338220000006, -3.401236 ], [ 130.731172, -3.403178199999957 ], [ 130.735277200000041, -3.400779899999975 ], [ 130.742421700000023, -3.404679399999964 ], [ 130.748905200000081, -3.401841899999965 ], [ 130.804715400000077, -3.406737699999951 ], [ 130.814056300000061, -3.428454899999963 ], [ 130.822949900000026, -3.44213069999995 ], [ 130.837249700000029, -3.455143799999973 ], [ 130.840891300000067, -3.461558499999967 ], [ 130.840342400000054, -3.454448199999945 ], [ 130.842913400000043, -3.467585299999939 ], [ 130.831767400000103, -3.470394499999941 ], [ 130.815072800000053, -3.468644499999925 ], [ 130.8068733, -3.476501399999961 ], [ 130.806595700000116, -3.488760699999943 ], [ 130.811507900000038, -3.49574279999996 ], [ 130.821565600000099, -3.502528199999972 ], [ 130.824994500000116, -3.521943799999974 ], [ 130.831694500000026, -3.527753299999972 ], [ 130.836127800000099, -3.527644299999963 ], [ 130.835828200000037, -3.532890399999928 ], [ 130.839260600000102, -3.536884499999928 ], [ 130.847892000000115, -3.540593699999931 ], [ 130.852363500000024, -3.547496199999955 ], [ 130.85735770000008, -3.550037199999963 ], [ 130.86168310000005, -3.548995199999979 ], [ 130.872950500000115, -3.567284099999938 ], [ 130.875281400000063, -3.566630499999974 ], [ 130.882767800000011, -3.589284099999929 ], [ 130.880840700000022, -3.614342499999964 ], [ 130.875284300000089, -3.624821199999928 ], [ 130.8641354, -3.636571 ], [ 130.85119490000011, -3.639044599999977 ], [ 130.841431700000044, -3.646642899999961 ], [ 130.832305, -3.659413499999971 ], [ 130.821778700000095, -3.702087399999925 ], [ 130.830406800000105, -3.729954299999974 ], [ 130.828297600000042, -3.744683299999963 ], [ 130.831724100000088, -3.762171699999953 ], [ 130.829749600000014, -3.773220699999968 ], [ 130.83252420000008, -3.784009599999933 ], [ 130.826337, -3.794257 ], [ 130.826466, -3.810500699999977 ], [ 130.821208800000022, -3.820087299999955 ], [ 130.820831500000054, -3.832879 ], [ 130.826348900000085, -3.840623599999958 ], [ 130.836056800000051, -3.845686899999976 ], [ 130.847543500000029, -3.858847699999956 ], [ 130.850914100000068, -3.865241399999945 ], [ 130.849227600000063, -3.87013509999997 ], [ 130.8464527000001, -3.869400299999938 ], [ 130.84849, -3.87138589999995 ], [ 130.846680100000071, -3.874411699999939 ], [ 130.83604790000004, -3.875879 ], [ 130.830137100000115, -3.873256099999935 ], [ 130.828259200000048, -3.87511 ], [ 130.82856310000011, -3.87200009999998 ], [ 130.822350400000118, -3.868551099999934 ], [ 130.822493100000088, -3.864268099999947 ], [ 130.818205100000114, -3.854596399999934 ], [ 130.820001, -3.852949499999966 ], [ 130.818400500000052, -3.850943099999938 ], [ 130.791713900000104, -3.85247789999994 ], [ 130.783568400000036, -3.850865599999963 ], [ 130.780583900000011, -3.847889499999951 ], [ 130.776981400000068, -3.848961399999951 ], [ 130.774559600000089, -3.835985 ], [ 130.767195400000105, -3.827982899999938 ], [ 130.763920900000016, -3.82830249999995 ], [ 130.75890430000004, -3.835917 ], [ 130.754119400000036, -3.837629099999958 ], [ 130.74941350000006, -3.834475599999962 ], [ 130.74678710000012, -3.826272199999948 ], [ 130.742859400000043, -3.824292899999932 ], [ 130.733728900000074, -3.823273299999926 ], [ 130.716520200000105, -3.826904499999955 ], [ 130.700307900000098, -3.821322299999963 ], [ 130.697508300000095, -3.813050499999974 ], [ 130.684775800000011, -3.804442 ], [ 130.656873100000098, -3.80195649999996 ], [ 130.653923100000043, -3.807635199999936 ], [ 130.645916500000112, -3.798095899999964 ], [ 130.632446900000105, -3.79303989999994 ], [ 130.630594400000064, -3.787325499999952 ], [ 130.619757100000015, -3.79352 ], [ 130.614103000000114, -3.789242299999955 ], [ 130.612644200000091, -3.79081709999997 ], [ 130.619047900000055, -3.794372199999941 ], [ 130.614021900000012, -3.793276699999979 ], [ 130.60995, -3.789090599999952 ], [ 130.611779800000022, -3.788864799999942 ], [ 130.609341300000096, -3.780952699999943 ], [ 130.612809, -3.780928599999925 ], [ 130.61341660000005, -3.775357199999974 ], [ 130.610645600000112, -3.765925699999968 ], [ 130.599769300000048, -3.758789399999955 ], [ 130.595164, -3.751411499999961 ], [ 130.584036500000025, -3.743227299999944 ], [ 130.574136200000112, -3.740781799999979 ], [ 130.574975400000085, -3.734855699999969 ], [ 130.570375300000023, -3.723390399999971 ], [ 130.550174500000026, -3.713984899999957 ] ] ], [ [ [ 130.771986600000105, -3.847715899999969 ], [ 130.772501, -3.847455799999977 ], [ 130.772650100000078, -3.84767729999993 ], [ 130.771986600000105, -3.847715899999969 ] ] ], [ [ [ 130.774309900000048, -3.846406099999967 ], [ 130.774941500000068, -3.846475899999973 ], [ 130.774443800000086, -3.846737599999926 ], [ 130.774309900000048, -3.846406099999967 ] ] ], [ [ [ 130.716997600000013, -3.847222899999963 ], [ 130.717121, -3.84146759999993 ], [ 130.718760100000054, -3.841096099999959 ], [ 130.71979070000009, -3.845143899999925 ], [ 130.716997600000013, -3.847222899999963 ] ] ], [ [ [ 130.765357400000084, -3.830465499999946 ], [ 130.765470900000082, -3.830286899999976 ], [ 130.765499500000033, -3.830467299999953 ], [ 130.765357400000084, -3.830465499999946 ] ] ], [ [ [ 130.764831700000059, -3.829168799999934 ], [ 130.765199400000029, -3.829245499999956 ], [ 130.764898200000061, -3.829345599999954 ], [ 130.764831700000059, -3.829168799999934 ] ] ], [ [ [ 130.766833500000075, -3.305542799999955 ], [ 130.775863600000093, -3.297783699999968 ], [ 130.78088670000011, -3.297101399999974 ], [ 130.790613600000029, -3.304490099999953 ], [ 130.799327200000107, -3.307167399999969 ], [ 130.801019600000018, -3.316926899999942 ], [ 130.805717600000094, -3.321631299999979 ], [ 130.803387, -3.329378399999939 ], [ 130.799039200000038, -3.333089399999949 ], [ 130.784973100000116, -3.334461699999963 ], [ 130.765857800000049, -3.322040299999969 ], [ 130.762495100000024, -3.314640099999963 ], [ 130.766833500000075, -3.305542799999955 ] ] ], [ [ [ 130.985306400000013, -3.911985099999924 ], [ 130.98573070000009, -3.911372599999936 ], [ 130.986073100000112, -3.911477699999978 ], [ 130.985306400000013, -3.911985099999924 ] ] ], [ [ [ 130.915592900000092, -3.904878099999962 ], [ 130.917303400000037, -3.905282 ], [ 130.915231, -3.90548 ], [ 130.915592900000092, -3.904878099999962 ] ] ], [ [ [ 130.983447900000101, -3.899318799999946 ], [ 130.983306300000095, -3.89866109999997 ], [ 130.983881900000029, -3.898923599999932 ], [ 130.983447900000101, -3.899318799999946 ] ] ], [ [ [ 130.897429800000054, -3.898722 ], [ 130.895636100000047, -3.899327 ], [ 130.894819, -3.897118099999943 ], [ 130.895587800000044, -3.896858799999961 ], [ 130.897429800000054, -3.898722 ] ] ], [ [ [ 130.91989870000009, -3.901069499999949 ], [ 130.924212300000022, -3.906658599999957 ], [ 130.912903700000015, -3.901523099999963 ], [ 130.909188400000062, -3.89600669999993 ], [ 130.913021400000048, -3.891529899999966 ], [ 130.913536300000032, -3.885725699999966 ], [ 130.916606000000115, -3.884914099999946 ], [ 130.915923, -3.888208299999974 ], [ 130.918505600000117, -3.89074979999998 ], [ 130.920514, -3.882635899999968 ], [ 130.916392600000108, -3.883594599999981 ], [ 130.921077400000058, -3.875452399999972 ], [ 130.928524300000049, -3.874167299999954 ], [ 130.932618800000114, -3.867861799999957 ], [ 130.937499300000013, -3.866323 ], [ 130.932053100000076, -3.872375699999964 ], [ 130.934585100000049, -3.880264 ], [ 130.938172800000075, -3.881631399999947 ], [ 130.9392074000001, -3.877172099999939 ], [ 130.943131300000118, -3.8738 ], [ 130.947508500000026, -3.874946799999975 ], [ 130.948300200000062, -3.883769799999925 ], [ 130.956064600000104, -3.879294899999934 ], [ 130.956753300000059, -3.883401599999956 ], [ 130.950713900000096, -3.889889599999947 ], [ 130.937098500000047, -3.896154099999933 ], [ 130.922792800000025, -3.897710899999936 ], [ 130.91989870000009, -3.901069499999949 ] ] ], [ [ [ 130.889475400000038, -3.896679399999925 ], [ 130.889558500000021, -3.895606 ], [ 130.892504800000097, -3.894333 ], [ 130.889475400000038, -3.896679399999925 ] ] ], [ [ [ 130.893016200000034, -3.893666399999972 ], [ 130.893467000000101, -3.894588399999975 ], [ 130.892633400000022, -3.894482899999957 ], [ 130.893016200000034, -3.893666399999972 ] ] ], [ [ [ 130.859205400000064, -3.888197599999955 ], [ 130.861144400000057, -3.885617599999932 ], [ 130.859742, -3.889269599999977 ], [ 130.859205400000064, -3.888197599999955 ] ] ], [ [ [ 130.863791600000013, -3.884388199999933 ], [ 130.864179600000057, -3.885889899999938 ], [ 130.863323800000103, -3.88546249999996 ], [ 130.863791600000013, -3.884388199999933 ] ] ], [ [ [ 130.901865, -3.879998799999953 ], [ 130.901132100000041, -3.884424599999932 ], [ 130.895287800000119, -3.88724209999998 ], [ 130.893870000000106, -3.883634599999937 ], [ 130.895678400000065, -3.878675799999939 ], [ 130.902521700000079, -3.878951799999925 ], [ 130.895707, -3.881397899999968 ], [ 130.898486200000093, -3.884148599999946 ], [ 130.901865, -3.879998799999953 ] ] ], [ [ [ 130.961032900000077, -3.876324299999965 ], [ 130.962682100000052, -3.878991599999949 ], [ 130.9642354, -3.883641599999976 ], [ 130.958702700000117, -3.877791599999966 ], [ 130.961032900000077, -3.876324299999965 ] ] ], [ [ [ 130.910646200000087, -3.878605099999959 ], [ 130.911357700000053, -3.875973399999964 ], [ 130.911833600000023, -3.879141899999979 ], [ 130.910646200000087, -3.878605099999959 ] ] ], [ [ [ 130.82892240000001, -3.876112 ], [ 130.828697700000021, -3.876417899999979 ], [ 130.828589400000055, -3.876216199999931 ], [ 130.82892240000001, -3.876112 ] ] ], [ [ [ 130.825362200000086, -3.87395429999998 ], [ 130.825864400000114, -3.873631199999977 ], [ 130.825615200000016, -3.87420039999995 ], [ 130.825362200000086, -3.87395429999998 ] ] ], [ [ [ 130.824684600000069, -3.873605699999928 ], [ 130.825006200000075, -3.873893 ], [ 130.824587900000097, -3.874069599999928 ], [ 130.824684600000069, -3.873605699999928 ] ] ], [ [ [ 130.867852800000037, -3.875714499999958 ], [ 130.861845900000048, -3.873510899999928 ], [ 130.855991200000062, -3.867850399999952 ], [ 130.867852800000037, -3.875714499999958 ] ] ], [ [ [ 130.826303900000084, -3.87216959999995 ], [ 130.826381800000036, -3.872528799999941 ], [ 130.826255700000047, -3.872513399999946 ], [ 130.826303900000084, -3.87216959999995 ] ] ], [ [ [ 130.820332300000018, -3.871699599999943 ], [ 130.820279300000038, -3.872057499999926 ], [ 130.820152700000108, -3.871849199999929 ], [ 130.820332300000018, -3.871699599999943 ] ] ], [ [ [ 130.820779900000048, -3.870020599999975 ], [ 130.815349600000104, -3.870994 ], [ 130.799004400000058, -3.862479499999949 ], [ 130.796749600000112, -3.863572899999951 ], [ 130.797101000000112, -3.853737699999954 ], [ 130.818067300000052, -3.851676 ], [ 130.819095300000072, -3.852875199999971 ], [ 130.817565, -3.854678199999967 ], [ 130.8191524, -3.860641799999939 ], [ 130.821665100000018, -3.864296599999932 ], [ 130.820779900000048, -3.870020599999975 ] ] ], [ [ [ 130.875479500000097, -3.663420299999927 ], [ 130.878757900000096, -3.658230499999945 ], [ 130.880252200000086, -3.660871 ], [ 130.878945, -3.664943599999958 ], [ 130.875479500000097, -3.663420299999927 ] ] ], [ [ [ 130.867321100000026, -3.529050899999959 ], [ 130.870735200000013, -3.523455499999955 ], [ 130.874336600000106, -3.526498699999934 ], [ 130.874275900000043, -3.532599799999957 ], [ 130.867321100000026, -3.529050899999959 ] ] ], [ [ [ 131.394578200000069, -4.155300599999975 ], [ 131.402531400000044, -4.160815199999945 ], [ 131.40284680000002, -4.166649599999971 ], [ 131.396924200000058, -4.173352099999931 ], [ 131.383686100000091, -4.175198099999932 ], [ 131.373253500000033, -4.167421199999978 ], [ 131.37075690000006, -4.160876199999961 ], [ 131.371678400000064, -4.151208899999972 ], [ 131.365259300000048, -4.145667699999933 ], [ 131.353100500000096, -4.146809 ], [ 131.337310900000034, -4.130712199999948 ], [ 131.300227, -4.126809899999955 ], [ 131.274800100000107, -4.088488199999972 ], [ 131.272594900000058, -4.076793899999927 ], [ 131.281745000000114, -4.070608799999945 ], [ 131.293780500000025, -4.074004299999956 ], [ 131.3113346, -4.083224199999961 ], [ 131.326132600000051, -4.095558299999936 ], [ 131.338897800000041, -4.111420799999962 ], [ 131.37733250000008, -4.127973899999972 ], [ 131.3820756, -4.139403399999935 ], [ 131.394578200000069, -4.155300599999975 ] ] ], [ [ [ 131.421799800000031, -4.075155499999937 ], [ 131.4160051, -4.067921799999965 ], [ 131.412085600000069, -4.053689599999927 ], [ 131.399832900000092, -4.043375499999968 ], [ 131.39591930000006, -4.027698399999963 ], [ 131.392609000000107, -4.024752499999977 ], [ 131.392166700000075, -4.02010219999994 ], [ 131.387061600000038, -4.017109699999935 ], [ 131.382934400000067, -4.001132499999926 ], [ 131.366808500000047, -3.972506199999941 ], [ 131.408466700000076, -3.94840679999993 ], [ 131.422678, -3.951665699999978 ], [ 131.422413400000096, -3.970129899999961 ], [ 131.425262500000031, -3.977009099999975 ], [ 131.425467400000116, -3.987532699999974 ], [ 131.429677200000015, -3.996381699999972 ], [ 131.430750100000068, -4.011323 ], [ 131.435097300000052, -4.017912499999966 ], [ 131.440119900000013, -4.019796799999938 ], [ 131.442894100000103, -4.032697599999949 ], [ 131.444183100000032, -4.033441499999981 ], [ 131.444098500000109, -4.033829099999934 ], [ 131.444885100000079, -4.035649099999944 ], [ 131.446386100000041, -4.036767 ], [ 131.446196900000018, -4.038008799999943 ], [ 131.447515100000032, -4.039217299999962 ], [ 131.447367100000065, -4.039906499999972 ], [ 131.447433400000023, -4.040559099999939 ], [ 131.445685700000013, -4.041439699999955 ], [ 131.439691100000118, -4.050863499999934 ], [ 131.442241200000012, -4.055447499999957 ], [ 131.4477945000001, -4.058501299999932 ], [ 131.449747900000034, -4.068144899999936 ], [ 131.438339, -4.075631499999929 ], [ 131.438404400000081, -4.078348099999971 ], [ 131.431062100000076, -4.079202599999974 ], [ 131.421799800000031, -4.075155499999937 ] ] ], [ [ [ 131.236972600000058, -4.053661599999941 ], [ 131.219428900000025, -4.035735199999976 ], [ 131.217224400000077, -4.019853299999966 ], [ 131.210998600000039, -4.009770499999945 ], [ 131.207619500000078, -3.997563099999979 ], [ 131.2051801, -3.982650299999932 ], [ 131.206809800000087, -3.979096299999981 ], [ 131.2286851, -3.988681199999974 ], [ 131.24358970000003, -4.004462499999931 ], [ 131.241501, -4.024574 ], [ 131.237793200000056, -4.034364399999959 ], [ 131.239345600000092, -4.043501699999979 ], [ 131.244042100000115, -4.049401299999943 ], [ 131.243479200000024, -4.055157599999973 ], [ 131.236972600000058, -4.053661599999941 ] ] ], [ [ [ 131.241991100000064, -4.032375199999933 ], [ 131.242324300000064, -4.032278599999927 ], [ 131.242241600000057, -4.032524 ], [ 131.241991100000064, -4.032375199999933 ] ] ], [ [ [ 131.243522800000051, -4.031230799999946 ], [ 131.24354940000012, -4.031352799999979 ], [ 131.243456400000014, -4.031331499999965 ], [ 131.243522800000051, -4.031230799999946 ] ] ], [ [ [ 131.241797800000086, -4.031365199999925 ], [ 131.241769200000022, -4.030725399999938 ], [ 131.241929200000072, -4.031544199999928 ], [ 131.241797800000086, -4.031365199999925 ] ] ], [ [ [ 131.243500700000027, -4.030991699999959 ], [ 131.243643300000031, -4.030850199999975 ], [ 131.243650900000034, -4.031032 ], [ 131.243500700000027, -4.030991699999959 ] ] ], [ [ [ 131.241576, -4.030821599999967 ], [ 131.241501900000117, -4.03095639999998 ], [ 131.241498600000114, -4.030824899999971 ], [ 131.241576, -4.030821599999967 ] ] ], [ [ [ 131.241649900000084, -4.029760099999976 ], [ 131.241533400000094, -4.030702799999972 ], [ 131.241064400000027, -4.02991 ], [ 131.241649900000084, -4.029760099999976 ] ] ], [ [ [ 131.243936400000052, -4.030055299999958 ], [ 131.243489, -4.030173799999943 ], [ 131.243607000000111, -4.029783599999973 ], [ 131.243936400000052, -4.030055299999958 ] ] ], [ [ [ 131.243725600000062, -4.02961339999996 ], [ 131.243840300000102, -4.029761399999927 ], [ 131.243733200000065, -4.029756899999938 ], [ 131.243725600000062, -4.02961339999996 ] ] ], [ [ [ 131.243729900000062, -4.029429199999925 ], [ 131.243882500000041, -4.029512499999953 ], [ 131.243734900000049, -4.029524899999956 ], [ 131.243729900000062, -4.029429199999925 ] ] ], [ [ [ 131.20471740000005, -3.926230799999928 ], [ 131.199711800000046, -3.924555299999952 ], [ 131.199563500000068, -3.924335699999972 ], [ 131.2046931000001, -3.924231199999952 ], [ 131.20471740000005, -3.926230799999928 ] ] ], [ [ [ 131.165512, -3.919324 ], [ 131.181231700000012, -3.919842799999969 ], [ 131.171408700000029, -3.92020569999994 ], [ 131.165512, -3.919324 ] ] ], [ [ [ 131.046506900000054, -3.914334099999962 ], [ 131.04806480000002, -3.912435699999946 ], [ 131.049529600000028, -3.912511699999925 ], [ 131.048275200000035, -3.915792 ], [ 131.046506900000054, -3.914334099999962 ] ] ], [ [ [ 130.988227800000118, -3.912554799999953 ], [ 130.988786300000015, -3.913595099999952 ], [ 130.987272400000052, -3.91300659999996 ], [ 130.988227800000118, -3.912554799999953 ] ] ], [ [ [ 130.995576400000118, -3.900384299999928 ], [ 130.99131060000002, -3.900307199999929 ], [ 130.990145600000119, -3.899549599999943 ], [ 130.993752700000073, -3.899051099999951 ], [ 130.995576400000118, -3.900384299999928 ] ] ], [ [ [ 131.444664100000068, -4.045049399999925 ], [ 131.444764700000064, -4.04525 ], [ 131.444586100000038, -4.045239799999933 ], [ 131.444664100000068, -4.045049399999925 ] ] ], [ [ [ 131.44467520000012, -4.043998299999942 ], [ 131.444882100000086, -4.043890099999942 ], [ 131.444775400000026, -4.044048299999929 ], [ 131.44467520000012, -4.043998299999942 ] ] ], [ [ [ 131.445038300000078, -4.043563199999937 ], [ 131.445170800000028, -4.043677599999967 ], [ 131.445110200000045, -4.043702899999971 ], [ 131.445038300000078, -4.043563199999937 ] ] ], [ [ [ 131.4454134, -4.043597199999965 ], [ 131.4455484, -4.043503 ], [ 131.44556220000004, -4.043648399999938 ], [ 131.4454134, -4.043597199999965 ] ] ], [ [ [ 131.445204800000056, -4.043092799999954 ], [ 131.445490600000085, -4.043109799999968 ], [ 131.4452232000001, -4.043268499999954 ], [ 131.445204800000056, -4.043092799999954 ] ] ], [ [ [ 131.4457278000001, -4.04190269999998 ], [ 131.445931800000039, -4.041807399999925 ], [ 131.445900900000083, -4.041968199999928 ], [ 131.4457278000001, -4.04190269999998 ] ] ], [ [ [ 131.445916800000077, -4.041579299999967 ], [ 131.44597060000001, -4.041396899999938 ], [ 131.446028200000114, -4.041551699999957 ], [ 131.445916800000077, -4.041579299999967 ] ] ], [ [ [ 131.44585010000003, -4.035787 ], [ 131.445995200000084, -4.035724399999935 ], [ 131.445969500000047, -4.035882299999969 ], [ 131.44585010000003, -4.035787 ] ] ], [ [ [ 131.445720700000038, -4.035526799999957 ], [ 131.445817700000021, -4.035294499999964 ], [ 131.445920500000057, -4.035425699999962 ], [ 131.445720700000038, -4.035526799999957 ] ] ], [ [ [ 131.445511, -4.035002899999938 ], [ 131.44489950000002, -4.035041099999944 ], [ 131.445163600000114, -4.03479729999998 ], [ 131.445511, -4.035002899999938 ] ] ], [ [ [ 131.445794400000068, -4.034870099999978 ], [ 131.445898900000088, -4.034977399999946 ], [ 131.445791800000052, -4.035010599999964 ], [ 131.445794400000068, -4.034870099999978 ] ] ], [ [ [ 131.445710800000029, -4.034804599999973 ], [ 131.4457016, -4.034702899999957 ], [ 131.445737500000064, -4.034771599999942 ], [ 131.445710800000029, -4.034804599999973 ] ] ], [ [ [ 131.445647300000019, -4.034475899999961 ], [ 131.445588300000054, -4.034646499999951 ], [ 131.445546100000115, -4.034485199999949 ], [ 131.445647300000019, -4.034475899999961 ] ] ], [ [ [ 131.4451381, -4.034535299999959 ], [ 131.445290500000056, -4.034555799999964 ], [ 131.445224, -4.034617299999979 ], [ 131.4451381, -4.034535299999959 ] ] ], [ [ [ 131.445407800000112, -4.03428 ], [ 131.445625100000029, -4.03430039999995 ], [ 131.445455700000025, -4.034365899999955 ], [ 131.445407800000112, -4.03428 ] ] ], [ [ [ 131.444373300000052, -4.034277399999951 ], [ 131.44448890000001, -4.034076099999936 ], [ 131.444537500000024, -4.034382099999959 ], [ 131.444373300000052, -4.034277399999951 ] ] ], [ [ [ 131.44468310000002, -4.034012399999938 ], [ 131.444750000000113, -4.034084899999925 ], [ 131.444671900000117, -4.034094699999969 ], [ 131.44468310000002, -4.034012399999938 ] ] ], [ [ [ 131.444362900000101, -4.033982799999933 ], [ 131.444265900000119, -4.03405 ], [ 131.444265800000039, -4.033994499999949 ], [ 131.444362900000101, -4.033982799999933 ] ] ], [ [ [ 131.444433000000117, -4.03384479999994 ], [ 131.444440900000018, -4.033932799999945 ], [ 131.444391200000041, -4.033896599999935 ], [ 131.444433000000117, -4.03384479999994 ] ] ], [ [ [ 131.444230300000072, -4.033596699999975 ], [ 131.444327, -4.033433799999955 ], [ 131.444335, -4.033573399999966 ], [ 131.444230300000072, -4.033596699999975 ] ] ], [ [ [ 131.444492700000069, -4.033423699999958 ], [ 131.444508400000018, -4.033578699999964 ], [ 131.444443200000023, -4.033425799999975 ], [ 131.444492700000069, -4.033423699999958 ] ] ], [ [ [ 131.442997600000012, -4.030704299999968 ], [ 131.442877700000054, -4.030723799999976 ], [ 131.44295180000006, -4.030656599999929 ], [ 131.442997600000012, -4.030704299999968 ] ] ], [ [ [ 131.443368400000054, -4.030547299999967 ], [ 131.443422500000111, -4.030690599999957 ], [ 131.443351, -4.030693799999938 ], [ 131.443368400000054, -4.030547299999967 ] ] ], [ [ [ 131.443114500000092, -4.030234099999973 ], [ 131.443162500000085, -4.030380499999978 ], [ 131.4430671, -4.030332899999962 ], [ 131.443114500000092, -4.030234099999973 ] ] ], [ [ [ 131.442700200000104, -4.030053 ], [ 131.442867300000103, -4.030187099999978 ], [ 131.442757200000074, -4.030220299999939 ], [ 131.442700200000104, -4.030053 ] ] ], [ [ [ 131.444169400000078, -4.028832299999976 ], [ 131.444800200000032, -4.028716799999927 ], [ 131.444283600000063, -4.029184699999973 ], [ 131.444169400000078, -4.028832299999976 ] ] ], [ [ [ 131.442506700000081, -4.025984 ], [ 131.442612900000086, -4.025656099999935 ], [ 131.442606800000021, -4.02601 ], [ 131.442506700000081, -4.025984 ] ] ], [ [ [ 131.442416300000104, -4.025088 ], [ 131.442530500000089, -4.025050299999975 ], [ 131.442495, -4.025136499999974 ], [ 131.442416300000104, -4.025088 ] ] ], [ [ [ 131.437028700000042, -3.996827399999972 ], [ 131.4368750000001, -3.99719609999994 ], [ 131.436695200000031, -3.996785299999942 ], [ 131.437028700000042, -3.996827399999972 ] ] ], [ [ [ 131.436840600000096, -3.996002899999951 ], [ 131.4366768000001, -3.996204199999966 ], [ 131.436780900000031, -3.995976699999972 ], [ 131.436840600000096, -3.996002899999951 ] ] ], [ [ [ 131.748716200000104, -4.776640199999974 ], [ 131.739903100000106, -4.788101499999925 ], [ 131.739419600000019, -4.783383799999967 ], [ 131.735084400000119, -4.779190799999981 ], [ 131.736291700000038, -4.77532709999997 ], [ 131.73305060000007, -4.76029879999993 ], [ 131.727651700000024, -4.754632299999969 ], [ 131.731161300000053, -4.723452799999961 ], [ 131.727592800000025, -4.715885299999968 ], [ 131.722014800000011, -4.711818699999981 ], [ 131.728367, -4.700532599999974 ], [ 131.74244520000002, -4.708274 ], [ 131.758563800000047, -4.729362099999946 ], [ 131.757745800000066, -4.75322129999995 ], [ 131.748647900000037, -4.76308419999998 ], [ 131.746762600000011, -4.772624099999973 ], [ 131.748716200000104, -4.776640199999974 ] ] ], [ [ [ 131.865490100000102, -4.76184109999997 ], [ 131.864603200000033, -4.757398199999955 ], [ 131.866355700000099, -4.755927899999961 ], [ 131.865490100000102, -4.76184109999997 ] ] ], [ [ [ 131.709518500000058, -4.611020499999938 ], [ 131.709622400000057, -4.610785699999951 ], [ 131.709613900000022, -4.611046399999964 ], [ 131.709518500000058, -4.611020499999938 ] ] ], [ [ [ 131.703367900000103, -4.607692499999928 ], [ 131.703443200000038, -4.607577399999968 ], [ 131.703453500000023, -4.607664899999975 ], [ 131.703367900000103, -4.607692499999928 ] ] ], [ [ [ 131.703517, -4.607443699999976 ], [ 131.703570500000069, -4.607215399999973 ], [ 131.703624200000036, -4.607424699999967 ], [ 131.703517, -4.607443699999976 ] ] ], [ [ [ 131.6916079, -4.585253099999932 ], [ 131.703443200000038, -4.596730499999978 ], [ 131.706629200000066, -4.607520699999952 ], [ 131.709248600000024, -4.608357099999978 ], [ 131.706131800000094, -4.612091799999973 ], [ 131.703617100000088, -4.61060219999996 ], [ 131.705333700000097, -4.605194499999925 ], [ 131.701791100000037, -4.598415199999977 ], [ 131.701497200000063, -4.598172399999953 ], [ 131.70128990000012, -4.598173199999962 ], [ 131.700676700000031, -4.598605899999939 ], [ 131.696910300000013, -4.597465399999976 ], [ 131.691722600000048, -4.594163899999955 ], [ 131.690828600000032, -4.595953399999928 ], [ 131.689428, -4.594165399999952 ], [ 131.6916079, -4.585253099999932 ] ] ], [ [ [ 131.701394500000106, -4.598213499999929 ], [ 131.701210400000036, -4.598351599999944 ], [ 131.701257500000111, -4.598208 ], [ 131.701394500000106, -4.598213499999929 ] ] ], [ [ [ 131.691093500000079, -4.584974099999954 ], [ 131.690885600000115, -4.584960499999966 ], [ 131.690879700000096, -4.584883099999956 ], [ 131.691093500000079, -4.584974099999954 ] ] ], [ [ [ 131.787863700000116, -4.545960599999944 ], [ 131.785293900000056, -4.544301799999971 ], [ 131.783387900000093, -4.541813199999979 ], [ 131.78790390000006, -4.544023899999956 ], [ 131.787863700000116, -4.545960599999944 ] ] ], [ [ [ 131.68110640000009, -4.530111799999929 ], [ 131.680462700000021, -4.539683099999934 ], [ 131.669362200000023, -4.535800599999959 ], [ 131.657561500000043, -4.537852599999951 ], [ 131.654061, -4.534465399999931 ], [ 131.651801400000068, -4.530313299999932 ], [ 131.654317500000047, -4.514630499999953 ], [ 131.650966600000061, -4.513028799999972 ], [ 131.650081300000011, -4.502972199999931 ], [ 131.637649, -4.486004599999944 ], [ 131.637824100000103, -4.481032899999946 ], [ 131.62481670000011, -4.455183799999929 ], [ 131.630554500000017, -4.452788899999973 ], [ 131.631089700000075, -4.45637279999994 ], [ 131.6316567, -4.451206799999966 ], [ 131.614684600000032, -4.441740399999958 ], [ 131.614521500000023, -4.436016599999959 ], [ 131.608474500000057, -4.42770239999993 ], [ 131.609353300000066, -4.423553 ], [ 131.622993400000041, -4.435629199999937 ], [ 131.631477400000108, -4.437772499999937 ], [ 131.639708700000028, -4.453251699999953 ], [ 131.65679990000001, -4.469824799999969 ], [ 131.657126700000049, -4.477219199999979 ], [ 131.661997200000087, -4.485988599999928 ], [ 131.667144, -4.488164799999936 ], [ 131.667699500000026, -4.493521099999953 ], [ 131.673138600000016, -4.495452199999932 ], [ 131.680157800000075, -4.505353899999932 ], [ 131.679333200000087, -4.528009499999939 ], [ 131.68110640000009, -4.530111799999929 ] ] ], [ [ [ 131.599783500000058, -4.416577899999936 ], [ 131.591935700000022, -4.408534699999962 ], [ 131.585546, -4.396330299999931 ], [ 131.583629100000053, -4.386777599999959 ], [ 131.577819500000032, -4.378792199999964 ], [ 131.583756200000039, -4.378762699999925 ], [ 131.593026400000099, -4.395729499999959 ], [ 131.593812900000103, -4.394411499999933 ], [ 131.606309900000042, -4.405938699999979 ], [ 131.606290200000103, -4.416691899999933 ], [ 131.599783500000058, -4.416577899999936 ] ] ], [ [ [ 131.558373, -4.346367599999951 ], [ 131.555940300000088, -4.347686299999964 ], [ 131.554485200000045, -4.343434599999966 ], [ 131.557613600000082, -4.344187 ], [ 131.558373, -4.346367599999951 ] ] ], [ [ [ 131.446042900000066, -4.041693699999939 ], [ 131.4461698, -4.041611499999931 ], [ 131.446127400000023, -4.041749399999958 ], [ 131.446042900000066, -4.041693699999939 ] ] ], [ [ [ 131.446220500000095, -4.04135169999995 ], [ 131.446378600000116, -4.041169 ], [ 131.446332, -4.041354199999944 ], [ 131.446220500000095, -4.04135169999995 ] ] ], [ [ [ 131.44742860000008, -4.040353299999936 ], [ 131.447544000000107, -4.040254 ], [ 131.447538700000109, -4.04039169999993 ], [ 131.44742860000008, -4.040353299999936 ] ] ], [ [ [ 131.447577, -4.039824899999928 ], [ 131.44749610000008, -4.039998699999956 ], [ 131.447457, -4.039813699999968 ], [ 131.447577, -4.039824899999928 ] ] ], [ [ [ 131.446576200000095, -4.038133399999936 ], [ 131.446687600000018, -4.038133099999925 ], [ 131.446604900000011, -4.038195 ], [ 131.446576200000095, -4.038133399999936 ] ] ], [ [ [ 131.446547800000076, -4.037721699999963 ], [ 131.446583700000019, -4.037777499999947 ], [ 131.446532200000092, -4.037759 ], [ 131.446547800000076, -4.037721699999963 ] ] ], [ [ [ 131.44643880000001, -4.037588599999935 ], [ 131.446383200000014, -4.037643199999934 ], [ 131.446373100000073, -4.037583 ], [ 131.44643880000001, -4.037588599999935 ] ] ], [ [ [ 131.446134400000119, -4.03608509999998 ], [ 131.445877500000051, -4.036200699999938 ], [ 131.445962700000109, -4.036023499999942 ], [ 131.446134400000119, -4.03608509999998 ] ] ] ] } }
]
}
